screening,year,region,region_code,rate,absolute_value
Cervical (Pap),2010,Alavieska,009,84.2,85
Cervical (Pap),2020,Kihniö,250,53.7,36
Cervical (Pap),2023,Huittinen,102,68.3,332
Cervical (Pap),2013,Jämsä,182,75,807
Cervical (Pap),2020,Halsua,074,85.1,40
Cervical (Pap),2018,Luoto,440,75.2,158
Cervical (Pap),2014,Vesilahti,922,65.8,127
Cervical (Pap),2010,Inkoo,149,54.2,154
Cervical (Pap),2018,Karijoki,218,83.3,40
Cervical (Pap),2018,Vimpeli,934,87.4,97
Cervical (Pap),2015,Puolanka,620,76.7,92
Cervical (Pap),2018,Reisjärvi,691,80,88
Cervical (Pap),2022,Ilmajoki,145,69.1,411
Cervical (Pap),2012,Kangasniemi,213,77.3,177
Cervical (Pap),2021,Keitele,239,75.6,59
Cervical (Pap),2019,Hausjärvi,086,69.1,273
Cervical (Pap),2013,Virrat,936,65.1,183
Cervical (Pap),2024,Kittilä,261,80.5,327
Cervical (Pap),2017,Kauniainen,235,70.8,375
Cervical (Pap),2024,Siuntio,755,75.9,286
Cervical (Pap),2021,Rääkkylä,707,75.6,59
Cervical (Pap),2019,Nivala,535,84.2,331
Cervical (Pap),2014,Raahe,678,72.3,795
Cervical (Pap),2012,Helsinki,091,69.1,29997
Cervical (Pap),2024,Kajaani,205,77.7,1374
Cervical (Pap),2012,Sotkamo,765,63.8,340
Cervical (Pap),2016,Äänekoski,992,65.3,529
Cervical (Pap),2018,Utajärvi,889,60.7,68
Cervical (Pap),2016,Hailuoto,072,40.5,15
Cervical (Pap),2013,Riihimäki,694,76.9,1035
Cervical (Pap),2017,Kangasala,211,70,1023
Cervical (Pap),2011,Hämeenkyrö,108,71.4,359
Cervical (Pap),2013,Sievi,746,65.4,123
Cervical (Pap),2019,Soini,759,72.5,58
Cervical (Pap),2018,Taivalkoski,832,79.4,104
Cervical (Pap),2024,Marttila,480,82.8,82
Cervical (Pap),2014,Finström,060,71.1,91
Cervical (Pap),2014,Mikkeli,491,77.8,1790
Cervical (Pap),2011,Kihniö,250,76.3,74
Cervical (Pap),2019,Alavieska,009,79.2,84
Cervical (Pap),2021,Liminka,425,80.3,346
Cervical (Pap),2017,Heinola,111,75.4,592
Cervical (Pap),2015,Kittilä,261,66.9,198
Cervical (Pap),2018,Kuhmo,290,78.4,313
Cervical (Pap),2024,Puolanka,620,73.3,63
Cervical (Pap),2011,Luhanka,435,64.7,22
Cervical (Pap),2014,Huittinen,102,79.8,356
Cervical (Pap),2011,Halsua,074,70.8,34
Cervical (Pap),2014,Keminmaa,241,73.8,295
Cervical (Pap),2016,Orivesi,562,64.7,273
Cervical (Pap),2010,Eckerö,043,51.2,21
Cervical (Pap),2020,Kannus,217,78.1,185
Cervical (Pap),2020,Hämeenkyrö,108,70.1,330
Cervical (Pap),2023,Joroinen,171,78.3,184
Cervical (Pap),2018,Paimio,577,71,377
Cervical (Pap),2018,Savukoski,742,68.4,26
Cervical (Pap),2012,Lapinlahti,402,71.3,381
Cervical (Pap),2013,Tammela,834,82,209
Cervical (Pap),2018,Iitti,142,79.8,233
Cervical (Pap),2022,Naantali,529,76.9,836
Cervical (Pap),2015,Vårdö,941,58.8,10
Cervical (Pap),2015,Inari,148,79.8,261
Cervical (Pap),2017,Kemiönsaari,322,69.9,167
Cervical (Pap),2016,Laihia,399,70.9,256
Cervical (Pap),2010,Pyhtää,624,77.9,254
Cervical (Pap),2016,Lemi,416,68.9,113
Cervical (Pap),2022,Riihimäki,694,71.2,1063
Cervical (Pap),2022,Siilinjärvi,749,66,741
Cervical (Pap),2012,Joensuu,167,62.5,2028
Cervical (Pap),2021,Toivakka,850,69.8,74
Cervical (Pap),2018,Mynämäki,503,70,247
Cervical (Pap),2019,Kiuruvesi,263,69.8,226
Cervical (Pap),2020,Jyväskylä,179,68.7,4220
Cervical (Pap),2021,Eura,050,82,491
Cervical (Pap),2017,Merijärvi,483,79.1,34
Cervical (Pap),2021,Kangasniemi,213,77.4,154
Cervical (Pap),2022,Hankasalmi,077,73.9,181
Cervical (Pap),2011,Rauma,684,61.7,1298
Cervical (Pap),2022,Virrat,936,67.4,184
Cervical (Pap),2016,Suomussalmi,777,74.9,277
Cervical (Pap),2019,Maarianhamina - Mariehamn,478,76.7,451
Cervical (Pap),2024,Kaskinen,231,45.7,21
Cervical (Pap),2015,Siuntio,755,58.7,175
Cervical (Pap),2023,Valkeakoski,908,69.6,695
Cervical (Pap),2019,Ruokolahti,700,72.8,174
Cervical (Pap),2023,Finström,060,82.8,120
Cervical (Pap),2012,Liminka,425,70.6,319
Cervical (Pap),2023,Tuusula,858,75,1764
Cervical (Pap),2017,Pyhäjoki,625,72.5,95
Cervical (Pap),2020,Taipalsaari,831,72.4,152
Cervical (Pap),2023,Mikkeli,491,84.5,2158
Cervical (Pap),2019,Eckerö,043,84.6,44
Cervical (Pap),2017,Vantaa,092,64.4,7480
Cervical (Pap),2016,Kankaanpää,214,79.1,450
Cervical (Pap),2024,Kurikka,301,78.5,707
Cervical (Pap),2021,Nurmijärvi,543,74.1,1826
Cervical (Pap),2020,Rauma,684,72.9,1555
Cervical (Pap),2014,Muhos,494,69.9,260
Cervical (Pap),2019,Tohmajärvi,848,43.4,82
Cervical (Pap),2018,Uurainen,892,74.8,110
Cervical (Pap),2019,Kauhava,233,73.5,457
Cervical (Pap),2015,Kaskinen,231,77.3,58
Cervical (Pap),2017,Alavus,010,76.7,358
Cervical (Pap),2018,Hämeenlinna,109,70.3,2084
Cervical (Pap),2016,Säkylä,783,83.7,252
Cervical (Pap),2013,Naantali,529,72.4,702
Cervical (Pap),2010,Rusko,704,75.6,226
Cervical (Pap),2024,Inari,148,85.4,340
Cervical (Pap),2019,Rusko,704,81.4,241
Cervical (Pap),2022,Kyyjärvi,312,62.5,30
Cervical (Pap),2013,Petäjävesi,592,68,119
Cervical (Pap),2014,Hollola,098,76.1,1042
Cervical (Pap),2019,Kustavi,304,80,32
Cervical (Pap),2024,Haapajärvi,069,69,194
Cervical (Pap),2013,Uusikaupunki,895,69.9,507
Cervical (Pap),2024,Karstula,226,67.5,108
Cervical (Pap),2024,Tervola,845,83.7,108
Cervical (Pap),2011,Rautjärvi,689,76.6,121
Cervical (Pap),2022,Järvenpää,186,75.3,2057
Cervical (Pap),2021,Sotkamo,765,77.7,428
Cervical (Pap),2014,Kumlinge,295,85.7,6
Cervical (Pap),2022,Mäntsälä,505,72.6,826
Cervical (Pap),2011,Urjala,887,64.9,161
Cervical (Pap),2012,Pomarkku,608,69.4,59
Cervical (Pap),2019,Inkoo,149,74.4,224
Cervical (Pap),2012,Mänttä-Vilppula,508,71,338
Cervical (Pap),2017,Somero,761,77.2,271
Cervical (Pap),2011,Taipalsaari,831,79.7,200
Cervical (Pap),2023,Vesilahti,922,71.7,160
Cervical (Pap),2012,Konnevesi,275,66.9,87
Cervical (Pap),2011,Lempäälä,418,70.1,688
Cervical (Pap),2018,Pornainen,611,71,181
Cervical (Pap),2017,Kivijärvi,265,84.6,22
Cervical (Pap),2010,Kiuruvesi,263,75.7,290
Cervical (Pap),2016,Hyvinkää,106,74.6,1720
Cervical (Pap),2018,Sastamala,790,73.2,752
Cervical (Pap),2023,Saltvik,736,75.6,59
Cervical (Pap),2010,Maarianhamina - Mariehamn,478,57,374
Cervical (Pap),2017,Leppävirta,420,55.5,238
Cervical (Pap),2020,Enontekiö,047,63.4,64
Cervical (Pap),2012,Eura,050,77.9,457
Cervical (Pap),2010,Soini,759,82.5,80
Cervical (Pap),2021,Joensuu,167,69.4,2228
Cervical (Pap),2016,Mustasaari,499,76.7,690
Cervical (Pap),2012,Pyhäntä,630,81.4,57
Cervical (Pap),2015,Alajärvi,005,87,329
Cervical (Pap),2011,Kannus,217,81.4,223
Cervical (Pap),2010,Kotka,285,79.7,2296
Cervical (Pap),2013,Kolari,273,70.5,141
Cervical (Pap),2023,Kerava,245,73.8,1663
Cervical (Pap),2022,Posio,614,65.1,82
Cervical (Pap),2015,Brändö,035,75,12
Cervical (Pap),2011,Perho,584,79.7,94
Cervical (Pap),2013,Ilmajoki,145,78,480
Cervical (Pap),2014,Pietarsaari,598,69.3,638
Cervical (Pap),2016,Kristiinankaupunki,287,77.2,207
Cervical (Pap),2022,Tammela,834,74.1,223
Cervical (Pap),2022,Lestijärvi,421,80,20
Cervical (Pap),2011,Kauhajoki,232,72.5,503
Cervical (Pap),2011,Enontekiö,047,76.7,69
Cervical (Pap),2014,Hattula,082,70.6,305
Cervical (Pap),2014,Kinnula,256,80.7,46
Cervical (Pap),2011,Masku,481,59,272
Cervical (Pap),2019,Pihtipudas,601,79.7,145
Cervical (Pap),2018,Hirvensalmi,097,70.6,60
Cervical (Pap),2018,Kokemäki,271,72.7,258
Cervical (Pap),2019,Viitasaari,931,68.3,185
Cervical (Pap),2015,Haapajärvi,069,72.8,227
Cervical (Pap),2015,Kempele,244,75.3,597
Cervical (Pap),2012,Kannonkoski,216,72.6,45
Cervical (Pap),2020,Perho,584,69,58
Cervical (Pap),2015,Pielavesi,595,68.8,137
Cervical (Pap),2020,Raasepori,710,71,1073
Cervical (Pap),2024,Kärsämäki,317,66.3,67
Cervical (Pap),2016,Karvia,230,64.1,66
Cervical (Pap),2012,Akaa,020,62.5,488
Cervical (Pap),2022,Forssa,061,72.3,545
Cervical (Pap),2013,Järvenpää,186,73,1489
Cervical (Pap),2020,Haapavesi,071,78.5,186
Cervical (Pap),2014,Vöyri,946,71.1,246
Cervical (Pap),2021,Outokumpu,309,74.7,171
Cervical (Pap),2013,Lapua,408,83,508
Cervical (Pap),2014,Porvoo,638,69.3,1670
Cervical (Pap),2024,Vihti,927,75.1,1254
Cervical (Pap),2017,Uusikaarlepyy,893,73,249
Cervical (Pap),2016,Polvijärvi,607,75.7,134
Cervical (Pap),2019,Kokemäki,271,77.3,314
Cervical (Pap),2022,Nurmes,541,64.9,276
Cervical (Pap),2024,Suonenjoki,778,69.1,219
Cervical (Pap),2010,Nousiainen,538,61.4,151
Cervical (Pap),2021,Enonkoski,046,82.7,43
Cervical (Pap),2011,Padasjoki,576,67,118
Cervical (Pap),2015,Lemland,417,78.4,87
Cervical (Pap),2010,Pihtipudas,601,69.9,172
Cervical (Pap),2010,Tyrnävä,859,43.1,115
Cervical (Pap),2019,Oulainen,563,71.1,207
Cervical (Pap),2012,Nurmijärvi,543,51.3,1254
Cervical (Pap),2018,Lappeenranta,405,72.2,2330
Cervical (Pap),2015,Pello,854,80.7,117
Cervical (Pap),2015,Kurikka,301,72.3,735
Cervical (Pap),2023,Siikajoki,748,68.7,145
Cervical (Pap),2016,Pyhäjärvi,626,71,154
Cervical (Pap),2017,Hammarland,076,80.8,63
Cervical (Pap),2013,Lestijärvi,421,78.8,26
Cervical (Pap),2021,Pomarkku,608,88.2,90
Cervical (Pap),2022,Uusikaupunki,895,62.4,449
Cervical (Pap),2010,Lumijoki,436,75.9,63
Cervical (Pap),2019,Nousiainen,538,87.2,197
Cervical (Pap),2018,Viitasaari,931,72.2,203
Cervical (Pap),2024,Pielavesi,595,58.3,105
Cervical (Pap),2022,Salla,732,72.1,101
Cervical (Pap),2023,Hollola,098,71.8,906
Cervical (Pap),2013,Forssa,061,77,599
Cervical (Pap),2018,Rautalampi,686,70.6,77
Cervical (Pap),2021,Laitila,400,74.3,275
Cervical (Pap),2014,Saltvik,736,59.5,50
Cervical (Pap),2021,Kannonkoski,216,60.5,26
Cervical (Pap),2022,Kuopio,297,62.2,4546
Cervical (Pap),2016,Tervo,844,67.1,57
Cervical (Pap),2020,Iisalmi,140,60.3,523
Cervical (Pap),2020,Luhanka,435,53.8,7
Cervical (Pap),2021,Askola,018,69.9,202
Cervical (Pap),2021,Konnevesi,275,66.7,58
Cervical (Pap),2014,Luumäki,441,69.3,158
Cervical (Pap),2019,Orimattila,560,65.6,474
Cervical (Pap),2023,Keminmaa,241,73.3,297
Cervical (Pap),2013,Kaustinen,236,78,160
Cervical (Pap),2018,Turku,853,79.6,7832
Cervical (Pap),2017,Isojoki,151,65.8,75
Cervical (Pap),2018,Pöytyä,636,73,257
Cervical (Pap),2021,Juva,178,81.8,193
Cervical (Pap),2015,Lohja,444,74.3,1695
Cervical (Pap),2020,Ylitornio,976,74.8,101
Cervical (Pap),2022,Kirkkonummi,257,73.6,1773
Cervical (Pap),2011,Jyväskylä,179,72.3,4282
Cervical (Pap),2020,Eurajoki,051,78.7,376
Cervical (Pap),2021,Pyhäntä,630,86.5,45
Cervical (Pap),2024,Alajärvi,005,82.5,343
Cervical (Pap),2021,Lapinlahti,402,68.5,268
Cervical (Pap),2017,Luumäki,441,68.6,133
Cervical (Pap),2024,Närpiö,545,69.4,320
Cervical (Pap),2020,Kalajoki,208,74.7,449
Cervical (Pap),2016,Heinävesi,090,78.1,121
Cervical (Pap),2015,Kajaani,205,69.4,1308
Cervical (Pap),2018,Kauhava,233,73.3,470
Cervical (Pap),2020,Lempäälä,418,73.1,770
Cervical (Pap),2011,Lappajärvi,403,71.9,100
Cervical (Pap),2016,Punkalaidun,619,73.9,85
Cervical (Pap),2023,Paltamo,578,79.9,111
Cervical (Pap),2010,Loimaa,430,72.3,522
Cervical (Pap),2014,Taivassalo,833,70.3,52
Cervical (Pap),2023,Sodankylä,758,76.3,306
Cervical (Pap),2015,Utsjoki,890,53.6,30
Cervical (Pap),2016,Juupajoki,177,62.2,46
Cervical (Pap),2017,Nokia,536,70.3,1116
Cervical (Pap),2012,Suonenjoki,778,73.9,252
Cervical (Pap),2016,Pukkila,616,68.9,62
Cervical (Pap),2010,Ruokolahti,700,80.1,294
Cervical (Pap),2024,Laitila,400,75.8,295
Cervical (Pap),2018,Kemijärvi,320,75.5,219
Cervical (Pap),2022,Petäjävesi,592,67.9,131
Cervical (Pap),2015,Loviisa,434,73.4,477
Cervical (Pap),2021,Savonlinna,740,80.5,1078
Cervical (Pap),2016,Lapinjärvi,407,63.6,84
Cervical (Pap),2011,Teuva,846,79.5,202
Cervical (Pap),2010,Forssa,061,73.1,574
Cervical (Pap),2014,Kökar,318,58.3,7
Cervical (Pap),2020,Rautjärvi,689,76.1,89
Cervical (Pap),2013,Mäntsälä,505,60.2,582
Cervical (Pap),2022,Sulkava,768,78.4,91
Cervical (Pap),2020,Urjala,887,57.4,116
Cervical (Pap),2014,Puumala,623,85.9,85
Cervical (Pap),2021,Helsinki,091,70.8,32179
Cervical (Pap),2013,Siilinjärvi,749,60.4,624
Cervical (Pap),2010,Kustavi,304,62.5,25
Cervical (Pap),2018,Tohmajärvi,848,43.3,88
Cervical (Pap),2023,Koski Tl,284,81.6,80
Cervical (Pap),2015,Tuusniemi,857,66.2,90
Cervical (Pap),2019,Joutsa,172,72.7,125
Cervical (Pap),2016,Savitaipale,739,68.1,96
Cervical (Pap),2023,Muhos,494,71.3,293
Cervical (Pap),2010,Nivala,535,79.5,360
Cervical (Pap),2016,Karkkila,224,70.7,324
Cervical (Pap),2012,Lumparland,438,86.7,13
Cervical (Pap),2014,Joroinen,171,76.8,179
Cervical (Pap),2021,Parikkala,580,68.3,110
Cervical (Pap),2021,Siikainen,747,81.2,56
Cervical (Pap),2017,Kuusamo,305,81,534
Cervical (Pap),2024,Hartola,081,65.8,73
Cervical (Pap),2012,Hanko,078,54.2,233
Cervical (Pap),2023,Raahe,678,73.1,777
Cervical (Pap),2015,Keuruu,249,70.6,314
Cervical (Pap),2012,Pirkkala,604,68.8,591
Cervical (Pap),2011,Tornio,851,84.8,907
Cervical (Pap),2021,Simo,751,70.4,76
Cervical (Pap),2021,Suonenjoki,778,81.6,222
Cervical (Pap),2013,Polvijärvi,607,84.5,153
Cervical (Pap),2024,Turku,853,75.6,7782
Cervical (Pap),2019,Karijoki,218,82.4,28
Cervical (Pap),2012,Parikkala,580,69.9,174
Cervical (Pap),2015,Pirkkala,604,71,669
Cervical (Pap),2013,Varkaus,915,62.7,598
Cervical (Pap),2016,Aura,019,86.4,152
Cervical (Pap),2011,Koski Tl,284,77.8,77
Cervical (Pap),2017,Vieremä,925,63.9,99
Cervical (Pap),2022,Sonkajärvi,762,71.6,121
Cervical (Pap),2020,Sund,771,79.6,39
Cervical (Pap),2016,Maalahti,475,72.9,186
Cervical (Pap),2010,Utajärvi,889,78,92
Cervical (Pap),2023,Jämijärvi,181,80.7,71
Cervical (Pap),2019,Salla,732,63.3,69
Cervical (Pap),2014,Uusikaarlepyy,893,74.3,237
Cervical (Pap),2023,Kauhajoki,232,74.3,459
Cervical (Pap),2023,Ruovesi,702,55.1,97
Cervical (Pap),2023,Seinäjoki,743,84,2866
Cervical (Pap),2010,Mynämäki,503,57.8,214
Cervical (Pap),2014,Ruovesi,702,64.5,129
Cervical (Pap),2024,Pöytyä,636,75.6,298
Cervical (Pap),2018,Nivala,535,80.7,301
Cervical (Pap),2019,Iitti,142,71,198
Cervical (Pap),2017,Paltamo,578,72.5,108
Cervical (Pap),2011,Kemi,240,76.1,795
Cervical (Pap),2015,Lumparland,438,86.4,19
Cervical (Pap),2011,Miehikkälä,489,63.1,65
Cervical (Pap),2016,Tampere,837,69.7,7284
Cervical (Pap),2015,Ulvila,886,69.6,410
Cervical (Pap),2017,Oripää,561,79.6,43
Cervical (Pap),2012,Loviisa,434,74.9,502
Cervical (Pap),2024,Kruunupyy,288,66,190
Cervical (Pap),2015,Evijärvi,052,81.3,78
Cervical (Pap),2015,Ylivieska,977,83.9,535
Cervical (Pap),2022,Pihtipudas,601,80.5,140
Cervical (Pap),2010,Kuopio,297,57.4,2974
Cervical (Pap),2016,Kolari,273,65.4,119
Cervical (Pap),2024,Enonkoski,046,76.8,53
Cervical (Pap),2020,Tornio,851,78.1,691
Cervical (Pap),2019,Raisio,680,82.5,954
Cervical (Pap),2012,Askola,018,58.6,133
Cervical (Pap),2022,Varkaus,915,75.9,759
Cervical (Pap),2012,Haapajärvi,069,72.3,232
Cervical (Pap),2016,Parkano,581,66.7,194
Cervical (Pap),2022,Espoo,049,71.3,13249
Cervical (Pap),2015,Hirvensalmi,097,73.5,61
Cervical (Pap),2016,Kaustinen,236,78.1,146
Cervical (Pap),2010,Luoto,440,76.3,158
Cervical (Pap),2010,Reisjärvi,691,78.8,82
Cervical (Pap),2024,Ulvila,886,61.8,429
Cervical (Pap),2010,Lapua,408,77.3,483
Cervical (Pap),2018,Kärsämäki,317,71,66
Cervical (Pap),2016,Merikarvia,484,61.2,82
Cervical (Pap),2018,Tuusniemi,857,48.6,51
Cervical (Pap),2010,Uurainen,892,75.3,113
Cervical (Pap),2018,Närpiö,545,73.3,365
Cervical (Pap),2019,Kuhmo,290,79.7,333
Cervical (Pap),2016,Espoo,049,66.3,9496
Cervical (Pap),2013,Veteli,924,80.5,136
Cervical (Pap),2014,Leppävirta,420,57.4,252
Cervical (Pap),2014,Isokyrö,152,82.8,197
Cervical (Pap),2023,Myrskylä,504,64.2,61
Cervical (Pap),2020,Pälkäne,635,68.5,189
Cervical (Pap),2022,Orimattila,560,69.8,534
Cervical (Pap),2010,Hamina,075,78.7,902
Cervical (Pap),2011,Sund,771,51,26
Cervical (Pap),2011,Tuusula,858,56.4,1058
Cervical (Pap),2017,Virolahti,935,72.7,96
Cervical (Pap),2018,Alavieska,009,87.4,83
Cervical (Pap),2020,Hattula,082,69.9,307
Cervical (Pap),2023,Ikaalinen,143,70.9,219
Cervical (Pap),2018,Rusko,704,73.2,249
Cervical (Pap),2017,Siikajoki,748,66,142
Cervical (Pap),2012,Vihti,927,52.6,790
Cervical (Pap),2010,Järvenpää,186,62.9,1143
Cervical (Pap),2022,Kaustinen,236,79.4,162
Cervical (Pap),2011,Ylitornio,976,79.9,147
Cervical (Pap),2017,Siikalatva,791,69.3,169
Cervical (Pap),2024,Hirvensalmi,097,72.1,75
Cervical (Pap),2010,Raisio,680,74.9,942
Cervical (Pap),2022,Janakkala,165,76.9,671
Cervical (Pap),2012,Laukaa,410,71.8,682
Cervical (Pap),2022,Oulainen,563,72.8,238
Cervical (Pap),2019,Korsnäs,280,69.7,76
Cervical (Pap),2013,Säkylä,783,85.7,288
Cervical (Pap),2010,Siilinjärvi,749,64.5,711
Cervical (Pap),2016,Kitee,260,47.3,215
Cervical (Pap),2023,Kuhmoinen,291,65.3,66
Cervical (Pap),2011,Puumala,623,75.9,63
Cervical (Pap),2011,Lieto,423,72.6,633
Cervical (Pap),2024,Sastamala,790,71,840
Cervical (Pap),2016,Sipoo,753,68.5,685
Cervical (Pap),2010,Hämeenlinna,109,60.7,1941
Cervical (Pap),2012,Siikainen,747,75,48
Cervical (Pap),2015,Suonenjoki,778,81.3,256
Cervical (Pap),2021,Pirkkala,604,80,718
Cervical (Pap),2019,Mynämäki,503,77.8,266
Cervical (Pap),2016,Sonkajärvi,762,67,118
Cervical (Pap),2017,Salo,734,75.7,1808
Cervical (Pap),2012,Keuruu,249,76.1,383
Cervical (Pap),2011,Kontiolahti,276,80.7,534
Cervical (Pap),2011,Kökar,318,46.2,6
Cervical (Pap),2015,Pöytyä,636,79.1,283
Cervical (Pap),2012,Marttila,480,65.2,60
Cervical (Pap),2010,Rautalampi,686,76.2,115
Cervical (Pap),2023,Luhanka,435,65.8,25
Cervical (Pap),2014,Teuva,846,77.2,200
Cervical (Pap),2022,Joutsa,172,74.9,128
Cervical (Pap),2023,Ii,139,77.4,360
Cervical (Pap),2010,Kuhmo,290,65.2,311
Cervical (Pap),2017,Lahti,398,69.5,3678
Cervical (Pap),2016,Lestijärvi,421,52.8,19
Cervical (Pap),2019,Lapua,408,75.8,457
Cervical (Pap),2021,Pedersören kunta,599,78.5,373
Cervical (Pap),2023,Uusikaarlepyy,893,74.9,277
Cervical (Pap),2016,Harjavalta,079,82.9,238
Cervical (Pap),2011,Muhos,494,64.5,218
Cervical (Pap),2022,Polvijärvi,607,59.1,114
Cervical (Pap),2022,Veteli,924,76.3,90
Cervical (Pap),2011,Pyhäranta,631,74,77
Cervical (Pap),2022,Ruokolahti,700,72.2,177
Cervical (Pap),2015,Ranua,683,70.5,110
Cervical (Pap),2015,Turku,853,71.4,5944
Cervical (Pap),2010,Humppila,103,63.4,83
Cervical (Pap),2015,Muurame,500,68.6,304
Cervical (Pap),2021,Kaarina,202,78.6,1377
Cervical (Pap),2017,Vöyri,946,73.6,243
Cervical (Pap),2022,Kristiinankaupunki,287,71.4,232
Cervical (Pap),2021,Pudasjärvi,615,69.5,191
Cervical (Pap),2015,Kruunupyy,288,73.6,215
Cervical (Pap),2012,Laitila,400,59.7,221
Cervical (Pap),2022,Säkylä,783,79.3,276
Cervical (Pap),2014,Ikaalinen,143,61.6,183
Cervical (Pap),2023,Haapavesi,071,76,228
Cervical (Pap),2011,Liperi,426,73.3,466
Cervical (Pap),2011,Hattula,082,54.5,258
Cervical (Pap),2013,Parainen,445,76.7,518
Cervical (Pap),2023,Leppävirta,420,78.9,378
Cervical (Pap),2011,Vaasa,905,72.9,2482
Cervical (Pap),2015,Lappeenranta,405,70.2,2383
Cervical (Pap),2022,Loimaa,430,75.5,553
Cervical (Pap),2010,Pornainen,611,67.4,180
Cervical (Pap),2011,Eurajoki,051,72.7,346
Cervical (Pap),2015,Paimio,577,67.5,365
Cervical (Pap),2011,Sodankylä,758,91.3,355
Cervical (Pap),2018,Vesanto,921,80.7,67
Cervical (Pap),2010,Taivalkoski,832,77.5,131
Cervical (Pap),2024,Lemland,417,79.1,91
Cervical (Pap),2014,Mäntyharju,507,71.1,229
Cervical (Pap),2017,Oulu,564,70.5,6228
Cervical (Pap),2020,Lappajärvi,403,69.4,84
Cervical (Pap),2024,Ranua,683,80.1,125
Cervical (Pap),2019,Tyrnävä,859,66.3,191
Cervical (Pap),2016,Pelkosenniemi,583,71.4,25
Cervical (Pap),2010,Multia,495,70.1,61
Cervical (Pap),2013,Nurmes,541,68.9,317
Cervical (Pap),2024,Kangasniemi,213,86.4,191
Cervical (Pap),2020,Pyhäranta,631,60.9,53
Cervical (Pap),2023,Rovaniemi,698,72.7,2412
Cervical (Pap),2024,Eura,050,83,494
Cervical (Pap),2023,Sottunga,766,83.3,5
Cervical (Pap),2011,Kalajoki,208,73.8,436
Cervical (Pap),2017,Mikkeli,491,78.2,1798
Cervical (Pap),2017,Pudasjärvi,615,63.9,198
Cervical (Pap),2019,Rautalampi,686,80.7,109
Cervical (Pap),2020,Aura,019,76.8,146
Cervical (Pap),2015,Karijoki,218,72.7,48
Cervical (Pap),2024,Keitele,239,69.6,55
Cervical (Pap),2012,Puolanka,620,79,109
Cervical (Pap),2012,Juva,178,76.7,211
Cervical (Pap),2023,Vöyri,946,76,222
Cervical (Pap),2019,Evijärvi,052,70.7,65
Cervical (Pap),2018,Pihtipudas,601,80.1,157
Cervical (Pap),2019,Ylivieska,977,80.4,481
Cervical (Pap),2020,Teuva,846,68.2,133
Cervical (Pap),2014,Kauniainen,235,68.2,307
Cervical (Pap),2010,Jämsä,182,72.2,838
Cervical (Pap),2018,Saarijärvi,729,68,264
Cervical (Pap),2016,Uusikaupunki,895,77,521
Cervical (Pap),2013,Janakkala,165,75.6,585
Cervical (Pap),2016,Kaavi,204,66.7,72
Cervical (Pap),2013,Oulainen,563,74.4,235
Cervical (Pap),2024,Paimio,577,74.9,433
Cervical (Pap),2011,Iisalmi,140,61.6,664
Cervical (Pap),2016,Riihimäki,694,68,924
Cervical (Pap),2023,Mäntyharju,507,80.8,252
Cervical (Pap),2014,Valkeakoski,908,68.9,606
Cervical (Pap),2014,Kangasala,211,70.9,1012
Cervical (Pap),2021,Salo,734,73.4,1654
Cervical (Pap),2021,Hanko,078,65.7,291
Cervical (Pap),2019,Kotka,285,67.1,1549
Cervical (Pap),2015,Pomarkku,608,70.1,68
Cervical (Pap),2018,Lumijoki,436,66.3,61
Cervical (Pap),2024,Lappeenranta,405,76.1,3113
Cervical (Pap),2021,Kurikka,301,66.9,561
Cervical (Pap),2012,Rantasalmi,681,75.7,140
Cervical (Pap),2021,Lumparland,438,90,18
Cervical (Pap),2024,Utsjoki,890,73.5,36
Cervical (Pap),2023,Kumlinge,295,91.7,11
Cervical (Pap),2020,Saltvik,736,75.3,64
Cervical (Pap),2011,Pieksämäki,593,73.3,611
Cervical (Pap),2012,Outokumpu,309,71.4,225
Cervical (Pap),2017,Hollola,098,74.9,804
Cervical (Pap),2018,Puolanka,620,74.8,95
Cervical (Pap),2023,Halsua,074,80,28
Cervical (Pap),2024,Tuusniemi,857,54.8,57
Cervical (Pap),2012,Savonlinna,740,77.3,1403
Cervical (Pap),2013,Posio,614,80.4,115
Cervical (Pap),2017,Kokkola,272,72,1531
Cervical (Pap),2024,Brändö,035,69.2,18
Cervical (Pap),2020,Vesilahti,922,69.2,137
Cervical (Pap),2010,Sievi,746,61.7,129
Cervical (Pap),2019,Hämeenlinna,109,69.5,2082
Cervical (Pap),2014,Rovaniemi,698,71.3,2011
Cervical (Pap),2018,Nousiainen,538,70,163
Cervical (Pap),2019,Multia,495,63,34
Cervical (Pap),2018,Jomala,170,80.8,219
Cervical (Pap),2013,Maarianhamina - Mariehamn,478,69.4,441
Cervical (Pap),2013,Äänekoski,992,70.7,672
Cervical (Pap),2020,Karkkila,224,68.7,307
Cervical (Pap),2010,Kauhava,233,84,653
Cervical (Pap),2013,Kiuruvesi,263,78.1,343
Cervical (Pap),2016,Ilmajoki,145,81.5,464
Cervical (Pap),2020,Joroinen,171,66.8,125
Cervical (Pap),2010,Kemijärvi,320,73.6,268
Cervical (Pap),2020,Padasjoki,576,53,53
Cervical (Pap),2023,Pietarsaari,598,74.3,672
Cervical (Pap),2021,Mänttä-Vilppula,508,72.1,276
Cervical (Pap),2024,Muurame,500,76.8,446
Cervical (Pap),2013,Hausjärvi,086,74.8,320
Cervical (Pap),2019,Humppila,103,65.9,58
Cervical (Pap),2021,Haapajärvi,069,70.3,189
Cervical (Pap),2017,Sauvo,738,68.4,93
Cervical (Pap),2017,Jämijärvi,181,78.3,47
Cervical (Pap),2012,Kaarina,202,82.1,1277
Cervical (Pap),2020,Miehikkälä,489,71.8,61
Cervical (Pap),2014,Kihniö,250,73.5,72
Cervical (Pap),2024,Pello,854,85.9,134
Cervical (Pap),2012,Hyrynsalmi,105,65.4,70
Cervical (Pap),2019,Lohja,444,72.4,1962
Cervical (Pap),2013,Joutsa,172,68.8,148
Cervical (Pap),2019,Järvenpää,186,72.4,2087
Cervical (Pap),2014,Somero,761,74.9,287
Cervical (Pap),2018,Kustavi,304,55.2,16
Cervical (Pap),2020,Kökar,318,55.6,5
Cervical (Pap),2013,Kyyjärvi,312,85.7,54
Cervical (Pap),2020,Parkano,581,69.9,160
Cervical (Pap),2012,Toivakka,850,71.2,79
Cervical (Pap),2018,Asikkala,016,70.5,246
Cervical (Pap),2013,Suomussalmi,777,80.8,340
Cervical (Pap),2014,Kerava,245,72.8,1362
Cervical (Pap),2017,Seinäjoki,743,81.1,2442
Cervical (Pap),2018,Ruokolahti,700,67,134
Cervical (Pap),2018,Hamina,075,70.6,603
Cervical (Pap),2017,Huittinen,102,86.1,360
Cervical (Pap),2014,Haapavesi,071,80.9,280
Cervical (Pap),2024,Vimpeli,934,84.7,133
Cervical (Pap),2013,Kirkkonummi,257,49.8,967
Cervical (Pap),2018,Vehmaa,918,75,75
Cervical (Pap),2017,Muhos,494,68.9,301
Cervical (Pap),2010,Korsnäs,280,65.3,66
Cervical (Pap),2016,Petäjävesi,592,66.5,131
Cervical (Pap),2012,Simo,751,73.4,113
Cervical (Pap),2013,Pyhtää,624,77.1,269
Cervical (Pap),2016,Sulkava,768,76.4,68
Cervical (Pap),2018,Inkoo,149,68,155
Cervical (Pap),2020,Masku,481,86.2,419
Cervical (Pap),2017,Toholampi,849,83.1,113
Cervical (Pap),2024,Sotkamo,765,79.8,407
Cervical (Pap),2013,Hankasalmi,077,74.2,181
Cervical (Pap),2021,Loviisa,434,72.3,611
Cervical (Pap),2017,Juuka,176,79,143
Cervical (Pap),2019,Siilinjärvi,749,58.8,612
Cervical (Pap),2012,Pedersören kunta,599,72.9,357
Cervical (Pap),2014,Ii,139,73.6,320
Cervical (Pap),2019,Virrat,936,67.2,160
Cervical (Pap),2015,Karstula,226,79,143
Cervical (Pap),2023,Taipalsaari,831,77.3,184
Cervical (Pap),2014,Rautavaara,687,75,51
Cervical (Pap),2019,Uurainen,892,63.8,97
Cervical (Pap),2011,Siikalatva,791,79.4,228
Cervical (Pap),2014,Luhanka,435,72.7,24
Cervical (Pap),2023,Isokyrö,152,82.6,180
Cervical (Pap),2020,Kontiolahti,276,77.9,535
Cervical (Pap),2013,Salla,732,69.1,112
Cervical (Pap),2018,Kittilä,261,73.3,220
Cervical (Pap),2021,Keuruu,249,65.2,212
Cervical (Pap),2024,Vårdö,941,80.8,21
Cervical (Pap),2020,Puumala,623,62.3,43
Cervical (Pap),2014,Kuhmoinen,291,74.1,63
Cervical (Pap),2024,Lieksa,422,64.4,289
Cervical (Pap),2019,Utajärvi,889,75.2,79
Cervical (Pap),2018,Hartola,081,64.4,76
Cervical (Pap),2019,Reisjärvi,691,77.3,133
Cervical (Pap),2017,Raahe,678,71,685
Cervical (Pap),2014,Myrskylä,504,70.9,56
Cervical (Pap),2013,Orimattila,560,75.3,606
Cervical (Pap),2013,Hailuoto,072,61.2,30
Cervical (Pap),2024,Liminka,425,81.3,423
Cervical (Pap),2012,Tervola,845,67.4,87
Cervical (Pap),2015,Lumijoki,436,71.4,65
Cervical (Pap),2020,Karvia,230,73.7,87
Cervical (Pap),2020,Hollola,098,68.9,726
Cervical (Pap),2023,Alavus,010,62.8,301
Cervical (Pap),2018,Salla,732,73.2,101
Cervical (Pap),2010,Närpiö,545,68.1,338
Cervical (Pap),2024,Uurainen,892,64.7,108
Cervical (Pap),2016,Raasepori,710,69.3,969
Cervical (Pap),2016,Posio,614,71.4,90
Cervical (Pap),2017,Kökar,318,70,7
Cervical (Pap),2014,Padasjoki,576,71.1,118
Cervical (Pap),2017,Valkeakoski,908,69.5,639
Cervical (Pap),2019,Kempele,244,76.7,611
Cervical (Pap),2024,Hämeenlinna,109,70.8,2478
Cervical (Pap),2016,Pyhäranta,631,71.3,62
Cervical (Pap),2017,Hanko,078,67.2,250
Cervical (Pap),2010,Kolari,273,74.1,140
Cervical (Pap),2013,Kuortane,300,80.1,137
Cervical (Pap),2011,Porvoo,638,71.5,1701
Cervical (Pap),2024,Vaala,785,63.3,69
Cervical (Pap),2012,Muonio,498,67.2,80
Cervical (Pap),2013,Geta,065,62.1,18
Cervical (Pap),2019,Petäjävesi,592,59.8,98
Cervical (Pap),2015,Konnevesi,275,75.5,77
Cervical (Pap),2018,Pello,854,76.2,99
Cervical (Pap),2012,Sauvo,738,68.5,100
Cervical (Pap),2014,Kouvola,286,69.3,2761
Cervical (Pap),2018,Tervola,845,61.8,76
Cervical (Pap),2012,Tuusniemi,857,71.1,86
Cervical (Pap),2020,Kumlinge,295,81.8,9
Cervical (Pap),2013,Kustavi,304,60,18
Cervical (Pap),2013,Pelkosenniemi,583,85.7,36
Cervical (Pap),2013,Ypäjä,981,74.4,93
Cervical (Pap),2022,Kustavi,304,58.7,27
Cervical (Pap),2024,Lumijoki,436,62.6,57
Cervical (Pap),2024,Savukoski,742,63.8,30
Cervical (Pap),2022,Tohmajärvi,848,57.5,122
Cervical (Pap),2020,Finström,060,74.6,97
Cervical (Pap),2022,Ypäjä,981,65.7,71
Cervical (Pap),2014,Sysmä,781,72.5,116
Cervical (Pap),2018,Raisio,680,73.1,818
Cervical (Pap),2015,Liminka,425,62.2,296
Cervical (Pap),2024,Siikainen,747,90.4,47
Cervical (Pap),2020,Kitee,260,75.6,285
Cervical (Pap),2019,Pielavesi,595,60.6,94
Cervical (Pap),2011,Karvia,230,73.9,85
Cervical (Pap),2016,Siilinjärvi,749,58.5,591
Cervical (Pap),2021,Kouvola,286,73.3,3215
Cervical (Pap),2020,Siikalatva,791,69.7,166
Cervical (Pap),2011,Kaavi,204,62.1,90
Cervical (Pap),2021,Oulu,564,73.1,6701
Cervical (Pap),2010,Sulkava,768,81.1,99
Cervical (Pap),2024,Konnevesi,275,65.5,74
Cervical (Pap),2023,Pyhäjoki,625,70.7,94
Cervical (Pap),2016,Kuopio,297,59.9,3834
Cervical (Pap),2022,Lemi,416,68.9,104
Cervical (Pap),2022,Suomussalmi,777,72.9,237
Cervical (Pap),2015,Lieksa,422,76.7,394
Cervical (Pap),2021,Sauvo,738,75.2,103
Cervical (Pap),2011,Parkano,581,64.5,227
Cervical (Pap),2015,Vaala,785,70.9,83
Cervical (Pap),2020,Kinnula,256,79.7,47
Cervical (Pap),2016,Naantali,529,64.9,550
Cervical (Pap),2020,Keminmaa,241,68.4,236
Cervical (Pap),2023,Raasepori,710,74.2,1107
Cervical (Pap),2015,Uurainen,892,59.9,88
Cervical (Pap),2012,Kempele,244,75.5,593
Cervical (Pap),2014,Taipalsaari,831,73.7,188
Cervical (Pap),2018,Loimaa,430,77.2,544
Cervical (Pap),2024,Akaa,020,68.4,597
Cervical (Pap),2011,Vöyri,946,72.5,259
Cervical (Pap),2024,Viitasaari,931,68.9,202
Cervical (Pap),2019,Pöytyä,636,73.6,270
Cervical (Pap),2010,Evijärvi,052,74.3,78
Cervical (Pap),2016,Tammela,834,69.9,218
Cervical (Pap),2013,Rautalampi,686,78.5,106
Cervical (Pap),2018,Orimattila,560,73.4,595
Cervical (Pap),2013,Nivala,535,83.7,340
Cervical (Pap),2023,Rautjärvi,689,72.8,99
Cervical (Pap),2014,Juuka,176,79.3,180
Cervical (Pap),2023,Kangasala,211,71.9,1263
Cervical (Pap),2015,Joensuu,167,60.7,2129
Cervical (Pap),2019,Jämsä,182,70.4,603
Cervical (Pap),2013,Pukkila,616,78.7,70
Cervical (Pap),2018,Loviisa,434,74.2,505
Cervical (Pap),2020,Mäntyharju,507,67,193
Cervical (Pap),2015,Tohmajärvi,848,70.3,149
Cervical (Pap),2011,Tervo,844,59.6,53
Cervical (Pap),2011,Keminmaa,241,73.3,302
Cervical (Pap),2014,Lahti,398,71.8,3844
Cervical (Pap),2017,Rovaniemi,698,73,2315
Cervical (Pap),2010,Kärsämäki,317,73.9,85
Cervical (Pap),2019,Hartola,081,62.4,58
Cervical (Pap),2024,Reisjärvi,691,65.5,74
Cervical (Pap),2024,Kokemäki,271,80.8,308
Cervical (Pap),2024,Utajärvi,889,69.9,79
Cervical (Pap),2016,Enontekiö,047,58.1,54
Cervical (Pap),2019,Turku,853,78.5,7787
Cervical (Pap),2022,Pelkosenniemi,583,75.6,31
Cervical (Pap),2012,Oulu,564,66.1,5733
Cervical (Pap),2010,Kaustinen,236,75.8,166
Cervical (Pap),2010,Petäjävesi,592,69.8,113
Cervical (Pap),2011,Imatra,153,74.6,1014
Cervical (Pap),2019,Sulkava,768,81.6,80
Cervical (Pap),2020,Raahe,678,69.4,671
Cervical (Pap),2017,Askola,018,71.6,161
Cervical (Pap),2013,Sipoo,753,67.1,644
Cervical (Pap),2014,Pyhäjoki,625,65.7,69
Cervical (Pap),2016,Forssa,061,65.3,526
Cervical (Pap),2013,Lemi,416,76,117
Cervical (Pap),2014,Nokia,536,70.6,1046
Cervical (Pap),2012,Vieremä,925,54.3,100
Cervical (Pap),2023,Ylitornio,976,67.1,116
Cervical (Pap),2018,Järvenpää,186,73.7,1641
Cervical (Pap),2019,Kärsämäki,317,77.8,70
Cervical (Pap),2019,Vårdö,941,87,20
Cervical (Pap),2023,Lahti,398,69.9,4352
Cervical (Pap),2021,Kemiönsaari,322,69.3,187
Cervical (Pap),2020,Paltamo,578,68.5,111
Cervical (Pap),2017,Kerava,245,73.6,1374
Cervical (Pap),2016,Joutsa,172,65.1,136
Cervical (Pap),2019,Närpiö,545,74,359
Cervical (Pap),2023,Lappajärvi,403,80.3,102
Cervical (Pap),2019,Saarijärvi,729,68,270
Cervical (Pap),2015,Akaa,020,62.2,497
Cervical (Pap),2013,Kauhava,233,80.4,558
Cervical (Pap),2018,Kirkkonummi,257,69.8,1378
Cervical (Pap),2013,Punkalaidun,619,76.7,99
Cervical (Pap),2019,Ilmajoki,145,83,511
Cervical (Pap),2022,Hyvinkää,106,72.2,1994
Cervical (Pap),2020,Kaavi,204,67,73
Cervical (Pap),2012,Isojoki,151,81.7,94
Cervical (Pap),2021,Alajärvi,005,85.3,301
Cervical (Pap),2016,Jyväskylä,179,70.8,4421
Cervical (Pap),2014,Halsua,074,84.3,43
Cervical (Pap),2023,Sysmä,781,73.1,122
Cervical (Pap),2022,Hausjärvi,086,71.3,316
Cervical (Pap),2023,Padasjoki,576,59,69
Cervical (Pap),2011,Loppi,433,35.1,125
Cervical (Pap),2014,Kemi,240,68.9,686
Cervical (Pap),2011,Hammarland,076,56.3,45
Cervical (Pap),2024,Rusko,704,81.5,300
Cervical (Pap),2011,Seinäjoki,743,81,2478
Cervical (Pap),2015,Sotkamo,765,76.4,394
Cervical (Pap),2012,Ylöjärvi,980,66.7,1011
Cervical (Pap),2016,Kontiolahti,276,69.3,473
Cervical (Pap),2014,Oripää,561,80.6,54
Cervical (Pap),2013,Savitaipale,739,70.1,103
Cervical (Pap),2013,Mynämäki,503,75.2,276
Cervical (Pap),2013,Tampere,837,70.8,6926
Cervical (Pap),2018,Keuruu,249,71.5,303
Cervical (Pap),2014,Merijärvi,483,79.5,35
Cervical (Pap),2016,Humppila,103,64.4,67
Cervical (Pap),2020,Orivesi,562,67.4,234
Cervical (Pap),2021,Vieremä,925,66,101
Cervical (Pap),2010,Sastamala,790,75.8,903
Cervical (Pap),2013,Ruokolahti,700,74.5,181
Cervical (Pap),2012,Kittilä,261,72.4,220
Cervical (Pap),2013,Aura,019,79.3,184
Cervical (Pap),2021,Heinola,111,72.3,484
Cervical (Pap),2013,Karkkila,224,57.7,261
Cervical (Pap),2011,Raahe,678,68.5,789
Cervical (Pap),2021,Jomala,170,85.2,247
Cervical (Pap),2017,Simo,751,74.6,97
Cervical (Pap),2012,Kivijärvi,265,69,29
Cervical (Pap),2018,Multia,495,67.2,41
Cervical (Pap),2010,Ilmajoki,145,78.4,424
Cervical (Pap),2021,Kaskinen,231,50.8,33
Cervical (Pap),2014,Kuusamo,305,81.5,584
Cervical (Pap),2019,Hirvensalmi,097,74.4,67
Cervical (Pap),2024,Parikkala,580,65.3,126
Cervical (Pap),2011,Vesilahti,922,54.1,106
Cervical (Pap),2022,Sipoo,753,73.8,1021
Cervical (Pap),2021,Vesanto,921,73.5,50
Cervical (Pap),2021,Rantasalmi,681,68.8,86
Cervical (Pap),2017,Puumala,623,67.6,48
Cervical (Pap),2016,Veteli,924,71.3,114
Cervical (Pap),2023,Tornio,851,77.2,794
Cervical (Pap),2015,Soini,759,86.4,76
Cervical (Pap),2021,Kittilä,261,69.4,225
Cervical (Pap),2014,Jokioinen,169,76.1,191
Cervical (Pap),2023,Pälkäne,635,71.9,240
Cervical (Pap),2024,Asikkala,016,71.9,258
Cervical (Pap),2023,Eurajoki,051,84.8,401
Cervical (Pap),2021,Tervola,845,67.2,78
Cervical (Pap),2010,Hartola,081,71,120
Cervical (Pap),2012,Lohja,444,55.5,1327
Cervical (Pap),2016,Virrat,936,70.3,204
Cervical (Pap),2023,Kemi,240,65.7,609
Cervical (Pap),2024,Taivalkoski,832,81.8,139
Cervical (Pap),2019,Kirkkonummi,257,71.4,1717
Cervical (Pap),2012,Alajärvi,005,81.4,345
Cervical (Pap),2022,Nivala,535,79.6,343
Cervical (Pap),2020,Äänekoski,992,65.6,490
Cervical (Pap),2010,Inari,148,77.5,189
Cervical (Pap),2020,Loppi,433,64.1,211
Cervical (Pap),2011,Joroinen,171,79.2,206
Cervical (Pap),2014,Pälkäne,635,68.7,211
Cervical (Pap),2019,Karstula,226,77.1,118
Cervical (Pap),2018,Utsjoki,890,54.3,25
Cervical (Pap),2014,Ähtäri,989,81.1,241
Cervical (Pap),2023,Kauniainen,235,78.2,415
Cervical (Pap),2014,Tornio,851,75.2,681
Cervical (Pap),2015,Vimpeli,934,80.2,101
Cervical (Pap),2018,Brändö,035,45.5,10
Cervical (Pap),2020,Muhos,494,71.4,330
Cervical (Pap),2022,Luoto,440,69.9,197
Cervical (Pap),2010,Mäntsälä,505,70.3,719
Cervical (Pap),2022,Karijoki,218,75.4,43
Cervical (Pap),2020,Maalahti,475,72.2,182
Cervical (Pap),2023,Rautavaara,687,68.4,39
Cervical (Pap),2012,Vantaa,092,52.9,5784
Cervical (Pap),2023,Merijärvi,483,78.6,33
Cervical (Pap),2019,Puolanka,620,73.1,76
Cervical (Pap),2021,Somero,761,78.6,320
Cervical (Pap),2012,Heinola,111,70.9,688
Cervical (Pap),2019,Lappeenranta,405,69.1,2261
Cervical (Pap),2013,Hyvinkää,106,59.5,1339
Cervical (Pap),2018,Ulvila,886,75.1,465
Cervical (Pap),2015,Reisjärvi,691,66,68
Cervical (Pap),2015,Utajärvi,889,75.6,96
Cervical (Pap),2010,Saarijärvi,729,75.1,393
Cervical (Pap),2023,Urjala,887,61.8,136
Cervical (Pap),2019,Brändö,035,54.5,12
Cervical (Pap),2016,Korsnäs,280,65.6,59
Cervical (Pap),2023,Kokkola,272,70.3,1571
Cervical (Pap),2010,Vehmaa,918,77.5,86
Cervical (Pap),2016,Kärkölä,316,73,162
Cervical (Pap),2024,Nousiainen,538,80.4,209
Cervical (Pap),2011,Mustasaari,499,76.9,675
Cervical (Pap),2011,Paltamo,578,74.4,122
Cervical (Pap),2018,Lapua,408,80.5,500
Cervical (Pap),2011,Taivassalo,833,77.8,63
Cervical (Pap),2017,Isokyrö,152,76.8,152
Cervical (Pap),2014,Lappajärvi,403,83.1,108
Cervical (Pap),2014,Pori,609,71.7,2642
Cervical (Pap),2024,Pyhäntä,630,53.4,39
Cervical (Pap),2010,Ylivieska,977,82.7,486
Cervical (Pap),2015,Nakkila,531,76.7,194
Cervical (Pap),2022,Ristijärvi,697,67.2,45
Cervical (Pap),2016,Miehikkälä,489,68.2,58
Cervical (Pap),2011,Saltvik,736,58.1,54
Cervical (Pap),2017,Mänttä-Vilppula,508,70.1,288
Cervical (Pap),2023,Lempäälä,418,76.1,995
Cervical (Pap),2018,Eckerö,043,80,32
Cervical (Pap),2018,Siuntio,755,68.4,208
Cervical (Pap),2021,Toholampi,849,83.5,91
Cervical (Pap),2021,Muonio,498,69.6,87
Cervical (Pap),2018,Sievi,746,66.5,115
Cervical (Pap),2015,Eckerö,043,77.3,34
Cervical (Pap),2024,Joensuu,167,68.4,2616
Cervical (Pap),2012,Kurikka,301,70.9,749
Cervical (Pap),2020,Pieksämäki,593,71.7,555
Cervical (Pap),2017,Ilomantsi,146,70.4,159
Cervical (Pap),2013,Iitti,142,70.8,245
Cervical (Pap),2018,Lemland,417,83.5,91
Cervical (Pap),2013,Tyrnävä,859,67.7,197
Cervical (Pap),2022,Kuortane,300,71,125
Cervical (Pap),2011,Kokkola,272,72.1,1538
Cervical (Pap),2019,Janakkala,165,70.9,479
Cervical (Pap),2010,Pielavesi,595,67.6,125
Cervical (Pap),2011,Hollola,098,70.9,981
Cervical (Pap),2024,Hamina,075,77.7,813
Cervical (Pap),2014,Alavus,010,77,461
Cervical (Pap),2021,Laukaa,410,75.4,606
Cervical (Pap),2016,Kannus,217,78.4,167
Cervical (Pap),2022,Kiuruvesi,263,72.9,272
Cervical (Pap),2015,Kotka,285,68.1,1868
Cervical (Pap),2020,Hailuoto,072,73.3,22
Cervical (Pap),2023,Juuka,176,53.4,109
Cervical (Pap),2018,Vårdö,941,64.7,11
Cervical (Pap),2017,Hattula,082,72.8,348
Cervical (Pap),2016,Jämsä,182,64.3,598
Cervical (Pap),2022,Maarianhamina - Mariehamn,478,75.4,474
Cervical (Pap),2024,Inkoo,149,77.4,219
Cervical (Pap),2014,Masku,481,77.7,342
Cervical (Pap),2022,Geta,065,71.4,20
Cervical (Pap),2021,Pornainen,611,76.4,227
Cervical (Pap),2020,Imatra,153,72,790
Cervical (Pap),2010,Espoo,049,60,8009
Cervical (Pap),2020,Ii,139,66.7,270
Cervical (Pap),2017,Kangasniemi,213,72.2,148
Cervical (Pap),2015,Hämeenlinna,109,67.3,2101
Cervical (Pap),2017,Eura,050,77.4,405
Cervical (Pap),2024,Pomarkku,608,73.5,72
Cervical (Pap),2022,Alavieska,009,82,91
Cervical (Pap),2023,Hämeenkyrö,108,71.6,353
Cervical (Pap),2019,Säkylä,783,75.5,206
Cervical (Pap),2020,Kokkola,272,72,1404
Cervical (Pap),2015,Juva,178,77,218
Cervical (Pap),2021,Asikkala,016,75.2,227
Cervical (Pap),2024,Jomala,170,85.7,263
Cervical (Pap),2011,Jokioinen,169,82.4,224
Cervical (Pap),2018,Pomarkku,608,79.8,67
Cervical (Pap),2016,Ristijärvi,697,72.2,39
Cervical (Pap),2015,Laitila,400,59.7,218
Cervical (Pap),2012,Ranua,683,64,110
Cervical (Pap),2019,Luoto,440,67.1,149
Cervical (Pap),2024,Kotka,285,74.3,2100
Cervical (Pap),2024,Salo,734,77.8,2023
Cervical (Pap),2013,Vehmaa,918,71.3,82
Cervical (Pap),2016,Oulainen,563,70.4,221
Cervical (Pap),2018,Soini,759,72.7,64
Cervical (Pap),2021,Nakkila,531,82.8,236
Cervical (Pap),2013,Korsnäs,280,72.3,81
Cervical (Pap),2022,Tyrnävä,859,69.5,219
Cervical (Pap),2010,Savukoski,742,51.7,31
Cervical (Pap),2024,Eckerö,043,82.7,43
Cervical (Pap),2011,Kankaanpää,214,73.7,470
Cervical (Pap),2013,Humppila,103,79.1,87
Cervical (Pap),2016,Maarianhamina - Mariehamn,478,73.8,443
Cervical (Pap),2018,Pyhtää,624,76.8,219
Cervical (Pap),2017,Kuhmoinen,291,60.8,45
Cervical (Pap),2024,Kannonkoski,216,66,35
Cervical (Pap),2023,Perho,584,75.4,86
Cervical (Pap),2017,Kinnula,256,86.3,44
Cervical (Pap),2010,Salla,732,69.1,112
Cervical (Pap),2014,Pieksämäki,593,76.1,625
Cervical (Pap),2023,Masku,481,83.3,495
Cervical (Pap),2022,Heinävesi,090,62.3,86
Cervical (Pap),2017,Outokumpu,309,66.7,200
Cervical (Pap),2011,Laihia,399,77.9,318
Cervical (Pap),2012,Karijoki,218,77.8,42
Cervical (Pap),2014,Sodankylä,758,76,311
Cervical (Pap),2020,Leppävirta,420,53.1,182
Cervical (Pap),2010,Hailuoto,072,59.4,19
Cervical (Pap),2019,Vihti,927,69.6,1232
Cervical (Pap),2013,Loimaa,430,77.6,554
Cervical (Pap),2024,Ylivieska,977,70.6,501
Cervical (Pap),2019,Loimaa,430,80.2,493
Cervical (Pap),2016,Rauma,684,58.5,1179
Cervical (Pap),2020,Sodankylä,758,69,249
Cervical (Pap),2019,Marttila,480,66.7,52
Cervical (Pap),2015,Kemijärvi,320,77.8,259
Cervical (Pap),2016,Kauhajoki,232,72.7,479
Cervical (Pap),2015,Kannonkoski,216,74.1,40
Cervical (Pap),2015,Pihtipudas,601,75.7,168
Cervical (Pap),2022,Parainen,445,75.2,568
Cervical (Pap),2010,Pello,854,78.5,139
Cervical (Pap),2019,Savukoski,742,55.8,24
Cervical (Pap),2013,Pälkäne,635,75.7,218
Cervical (Pap),2020,Koski Tl,284,76.5,78
Cervical (Pap),2013,Kuhmo,290,74.3,301
Cervical (Pap),2022,Kärkölä,316,68.4,143
Cervical (Pap),2022,Korsnäs,280,67,69
Cervical (Pap),2017,Ikaalinen,143,63.3,198
Cervical (Pap),2014,Salo,734,59.7,1477
Cervical (Pap),2018,Pielavesi,595,67.1,116
Cervical (Pap),2013,Lapinjärvi,407,72.2,78
Cervical (Pap),2019,Paimio,577,71.7,377
Cervical (Pap),2010,Kirkkonummi,257,52.3,1022
Cervical (Pap),2012,Pudasjärvi,615,70.3,246
Cervical (Pap),2020,Uusikaarlepyy,893,74.4,229
Cervical (Pap),2019,Polvijärvi,607,77.4,130
Cervical (Pap),2020,Laihia,399,67.8,225
Cervical (Pap),2013,Harjavalta,079,83.3,310
Cervical (Pap),2020,Merijärvi,483,75,27
Cervical (Pap),2023,Imatra,153,75.3,938
Cervical (Pap),2018,Keitele,239,77.2,61
Cervical (Pap),2024,Oripää,561,78.6,44
Cervical (Pap),2014,Kokkola,272,70.5,1402
Cervical (Pap),2016,Tyrnävä,859,66.3,185
Cervical (Pap),2024,Keuruu,249,71.1,303
Cervical (Pap),2024,Multia,495,71,44
Cervical (Pap),2013,Saarijärvi,729,78.5,368
Cervical (Pap),2015,Inkoo,149,72.2,192
Cervical (Pap),2024,Soini,759,84,68
Cervical (Pap),2018,Kotka,285,67.5,1500
Cervical (Pap),2020,Kemi,240,73.1,580
Cervical (Pap),2023,Puumala,623,81.1,86
Cervical (Pap),2013,Espoo,049,64.9,8541
Cervical (Pap),2017,Masku,481,74.3,335
Cervical (Pap),2012,Hammarland,076,76.8,63
Cervical (Pap),2019,Utsjoki,890,45.2,28
Cervical (Pap),2024,Pornainen,611,66.1,209
Cervical (Pap),2017,Pedersören kunta,599,72.3,368
Cervical (Pap),2024,Laukaa,410,73.4,686
Cervical (Pap),2017,Lapinlahti,402,50.7,257
Cervical (Pap),2012,Kajaani,205,59.2,1192
Cervical (Pap),2018,Evijärvi,052,79.6,90
Cervical (Pap),2022,Harjavalta,079,74.8,273
Cervical (Pap),2023,Sund,771,73.2,41
Cervical (Pap),2020,Jokioinen,169,65,152
Cervical (Pap),2024,Rantasalmi,681,82,123
Cervical (Pap),2016,Nurmes,541,59.9,257
Cervical (Pap),2020,Ruovesi,702,64.3,90
Cervical (Pap),2020,Merikarvia,484,58.9,86
Cervical (Pap),2012,Vaala,785,73.2,101
Cervical (Pap),2024,Evijärvi,052,79.1,91
Cervical (Pap),2011,Juupajoki,177,58,47
Cervical (Pap),2011,Pori,609,76.4,2998
Cervical (Pap),2019,Vehmaa,918,64,57
Cervical (Pap),2014,Paltamo,578,74.1,129
Cervical (Pap),2016,Kyyjärvi,312,69.6,39
Cervical (Pap),2023,Pieksämäki,593,83.6,706
Cervical (Pap),2013,Heinävesi,090,71.3,97
Cervical (Pap),2022,Iitti,142,75.5,237
Cervical (Pap),2017,Haapavesi,071,77.2,260
Cervical (Pap),2019,Lemland,417,81.6,84
Cervical (Pap),2020,Pyhäjärvi,626,76.4,136
Cervical (Pap),2021,Kruunupyy,288,80.3,200
Cervical (Pap),2014,Seinäjoki,743,77.1,2718
Cervical (Pap),2013,Luoto,440,67.4,128
Cervical (Pap),2012,Vimpeli,934,80.6,100
Cervical (Pap),2012,Toholampi,849,87.4,125
Cervical (Pap),2015,Kaarina,202,83.4,1310
Cervical (Pap),2020,Kankaanpää,214,77.9,603
Cervical (Pap),2021,Muurame,500,77.4,377
Cervical (Pap),2013,Kärkölä,316,76.3,213
Cervical (Pap),2020,Pietarsaari,598,71.3,673
Cervical (Pap),2024,Vesanto,921,52.7,49
Cervical (Pap),2016,Hausjärvi,086,67.9,279
Cervical (Pap),2019,Pello,854,79.2,103
Cervical (Pap),2017,Hyrynsalmi,105,73.6,64
Cervical (Pap),2010,Karstula,226,79.9,163
Cervical (Pap),2020,Seinäjoki,743,84.3,2486
Cervical (Pap),2017,Ähtäri,989,75.1,172
Cervical (Pap),2012,Nakkila,531,81.7,214
Cervical (Pap),2024,Muonio,498,77.9,81
Cervical (Pap),2024,Juva,178,83.4,206
Cervical (Pap),2019,Siuntio,755,72.1,266
Cervical (Pap),2023,Aura,019,79.4,185
Cervical (Pap),2021,Ranua,683,66.1,82
Cervical (Pap),2024,Loviisa,434,75.8,619
Cervical (Pap),2012,Virolahti,935,72.9,113
Cervical (Pap),2023,Ähtäri,989,58.3,144
Cervical (Pap),2020,Pori,609,62.9,3011
Cervical (Pap),2014,Eurajoki,051,72.5,290
Cervical (Pap),2010,Vårdö,941,47.1,8
Cervical (Pap),2015,Taivalkoski,832,81.8,130
Cervical (Pap),2011,Ruovesi,702,61,119
Cervical (Pap),2017,Toivakka,850,76.5,78
Cervical (Pap),2017,Sysmä,781,69.4,127
Cervical (Pap),2018,Inari,148,67.1,282
Cervical (Pap),2010,Lappeenranta,405,74.5,2703
Cervical (Pap),2012,Föglö,062,77.3,17
Cervical (Pap),2021,Taivassalo,833,72.1,49
Cervical (Pap),2010,Brändö,035,51.9,14
Cervical (Pap),2021,Kajaani,205,76.2,1358
Cervical (Pap),2014,Ylitornio,976,69.1,134
Cervical (Pap),2010,Utsjoki,890,54.2,32
Cervical (Pap),2014,Hämeenkyrö,108,65.5,305
Cervical (Pap),2012,Kemiönsaari,322,66.3,183
Cervical (Pap),2015,Muonio,498,76.9,110
Cervical (Pap),2018,Karstula,226,75.1,142
Cervical (Pap),2019,Espoo,049,69.1,12474
Cervical (Pap),2021,Akaa,020,66.7,478
Cervical (Pap),2019,Kaustinen,236,69.3,133
Cervical (Pap),2016,Varkaus,915,57,547
Cervical (Pap),2023,Ilomantsi,146,58.7,132
Cervical (Pap),2013,Raasepori,710,71.6,944
Cervical (Pap),2016,Kuortane,300,68.2,101
Cervical (Pap),2019,Ulvila,886,73.3,528
Cervical (Pap),2011,Orivesi,562,67.1,292
Cervical (Pap),2022,Punkalaidun,619,66.4,85
Cervical (Pap),2013,Sulkava,768,72,77
Cervical (Pap),2012,Lieksa,422,75.7,399
Cervical (Pap),2020,Pyhäjoki,625,68.5,85
Cervical (Pap),2019,Lemi,416,74.4,87
Cervical (Pap),2023,Siikalatva,791,69.2,148
Cervical (Pap),2014,Lempäälä,418,69.3,712
Cervical (Pap),2015,Pyhäntä,630,78.4,58
Cervical (Pap),2013,Närpiö,545,72.5,362
Cervical (Pap),2016,Ypäjä,981,55.6,60
Cervical (Pap),2022,Tampere,837,71.4,9211
Cervical (Pap),2018,Ylivieska,977,80,513
Cervical (Pap),2022,Kempele,244,75.8,732
Cervical (Pap),2021,Föglö,062,80.8,21
Cervical (Pap),2010,Orimattila,560,73.4,566
Cervical (Pap),2015,Tervola,845,61.4,86
Cervical (Pap),2014,Siikalatva,791,71.4,192
Cervical (Pap),2017,Savonlinna,740,77,1223
Cervical (Pap),2017,Rautavaara,687,67.2,43
Cervical (Pap),2010,Kokemäki,271,78.9,288
Cervical (Pap),2017,Vihti,927,72.3,1102
Cervical (Pap),2016,Parainen,445,72.2,492
Cervical (Pap),2013,Alavieska,009,86.3,88
Cervical (Pap),2019,Hyvinkää,106,72.3,2032
Cervical (Pap),2021,Lieksa,422,70.8,281
Cervical (Pap),2017,Myrskylä,504,72.5,74
Cervical (Pap),2024,Raisio,680,79,1174
Cervical (Pap),2021,Vimpeli,934,76.7,79
Cervical (Pap),2014,Koski Tl,284,79.6,86
Cervical (Pap),2011,Merikarvia,484,57.2,83
Cervical (Pap),2024,Kaarina,202,83.5,1715
Cervical (Pap),2011,Ii,139,71,343
Cervical (Pap),2010,Hirvensalmi,097,73.6,78
Cervical (Pap),2016,Iisalmi,140,63.6,651
Cervical (Pap),2012,Muurame,500,76.4,381
Cervical (Pap),2021,Vaala,785,74.8,77
Cervical (Pap),2011,Kouvola,286,73.5,2944
Cervical (Pap),2012,Kruunupyy,288,76.9,253
Cervical (Pap),2011,Pyhäjärvi,626,81.4,188
Cervical (Pap),2010,Lemland,417,56.3,54
Cervical (Pap),2016,Hankasalmi,077,63.7,144
Cervical (Pap),2014,Sund,771,55.3,21
Cervical (Pap),2015,Rantasalmi,681,65.8,75
Cervical (Pap),2017,Helsinki,091,70.2,32872
Cervical (Pap),2016,Vaasa,905,75.6,2258
Cervical (Pap),2016,Kalajoki,208,80.3,445
Cervical (Pap),2021,Porvoo,638,71.6,2112
Cervical (Pap),2015,Hamina,075,79.8,767
Cervical (Pap),2011,Leppävirta,420,54.5,260
Cervical (Pap),2015,Kouvola,286,67.8,2542
Cervical (Pap),2021,Isojoki,151,68.4,52
Cervical (Pap),2010,Siuntio,755,49.2,153
Cervical (Pap),2015,Pornainen,611,61,150
Cervical (Pap),2010,Paimio,577,70,401
Cervical (Pap),2015,Asikkala,016,69.8,250
Cervical (Pap),2021,Hammarland,076,78.2,61
Cervical (Pap),2010,Janakkala,165,75.3,609
Cervical (Pap),2011,Somero,761,74.6,282
Cervical (Pap),2015,Vesanto,921,61.3,49
Cervical (Pap),2012,Kaskinen,231,73.8,62
Cervical (Pap),2011,Pietarsaari,598,64.7,617
Cervical (Pap),2014,Perho,584,80,92
Cervical (Pap),2022,Humppila,103,64.6,62
Cervical (Pap),2022,Kauhava,233,77.5,524
Cervical (Pap),2016,Kiuruvesi,263,71.4,225
Cervical (Pap),2020,Juupajoki,177,57.3,43
Cervical (Pap),2022,Lohja,444,72.7,1922
Cervical (Pap),2022,Pukkila,616,68.5,63
Cervical (Pap),2010,Viitasaari,931,75.7,256
Cervical (Pap),2011,Finström,060,54.4,68
Cervical (Pap),2018,Joensuu,167,68.3,2248
Cervical (Pap),2023,Kinnula,256,83.8,57
Cervical (Pap),2023,Hattula,082,68.7,321
Cervical (Pap),2022,Rautalampi,686,75.9,104
Cervical (Pap),2011,Uusikaarlepyy,893,71.9,248
Cervical (Pap),2022,Jämsä,182,64.9,624
Cervical (Pap),2010,Äänekoski,992,73,699
Cervical (Pap),2016,Liperi,426,73.1,444
Cervical (Pap),2021,Ylöjärvi,980,77.8,1231
Cervical (Pap),2014,Imatra,153,70.3,949
Cervical (Pap),2023,Luumäki,441,70.1,143
Cervical (Pap),2015,Rusko,704,73.1,201
Cervical (Pap),2016,Geta,065,64.7,11
Cervical (Pap),2014,Rautjärvi,689,71,110
Cervical (Pap),2023,Nokia,536,74.6,1376
Cervical (Pap),2015,Jomala,170,79.5,190
Cervical (Pap),2021,Tuusniemi,857,41.7,35
Cervical (Pap),2023,Karkkila,224,71.6,323
Cervical (Pap),2010,Säkylä,783,82.3,288
Cervical (Pap),2020,Vöyri,946,79.2,248
Cervical (Pap),2010,Turku,853,76.8,6500
Cervical (Pap),2012,Enonkoski,046,68.6,48
Cervical (Pap),2015,Laukaa,410,72.9,633
Cervical (Pap),2015,Nousiainen,538,73.6,187
Cervical (Pap),2022,Lapinjärvi,407,56.3,71
Cervical (Pap),2010,Pöytyä,636,75.8,275
Cervical (Pap),2021,Vantaa,092,70.5,10676
Cervical (Pap),2015,Parikkala,580,71.1,155
Cervical (Pap),2011,Kumlinge,295,59.3,16
Cervical (Pap),2015,Siikainen,747,70.3,45
Cervical (Pap),2020,Tervo,844,67.3,35
Cervical (Pap),2023,Kuusamo,305,74.6,553
Cervical (Pap),2024,Kemijärvi,320,82.5,250
Cervical (Pap),2014,Urjala,887,62.1,141
Cervical (Pap),2019,Mäntsälä,505,73.5,913
Cervical (Pap),2022,Kuhmo,290,80.8,270
Cervical (Pap),2011,Mäntyharju,507,77.6,339
Cervical (Pap),2010,Polvijärvi,607,79.2,160
Cervical (Pap),2016,Lieto,423,81,757
Cervical (Pap),2022,Savitaipale,739,72.2,109
Cervical (Pap),2011,Kitee,260,60.5,318
Cervical (Pap),2011,Maalahti,475,73.2,205
Cervical (Pap),2022,Mynämäki,503,75.2,304
Cervical (Pap),2019,Sastamala,790,73.2,765
Cervical (Pap),2013,Rautjärvi,689,78.3,119
Cervical (Pap),2024,Somero,761,76.9,310
Cervical (Pap),2021,Mikkeli,491,64.7,1424
Cervical (Pap),2016,Saltvik,736,72.7,64
Cervical (Pap),2014,Liminka,425,74.4,326
Cervical (Pap),2017,Marttila,480,75.3,64
Cervical (Pap),2024,Heinola,111,70.5,628
Cervical (Pap),2022,Karstula,226,71.8,125
Cervical (Pap),2016,Uurainen,892,64.7,112
Cervical (Pap),2019,Lapinlahti,402,57.9,239
Cervical (Pap),2020,Sievi,746,74.6,138
Cervical (Pap),2022,Taipalsaari,831,73.8,183
Cervical (Pap),2023,Suomussalmi,777,76.9,273
Cervical (Pap),2012,Rusko,704,69.1,226
Cervical (Pap),2024,Nokia,536,75.1,1375
Cervical (Pap),2024,Lapua,408,79.5,530
Cervical (Pap),2012,Hollola,098,71.3,1035
Cervical (Pap),2021,Kustavi,304,55.9,19
Cervical (Pap),2022,Vårdö,941,56.5,13
Cervical (Pap),2019,Sotkamo,765,74.8,380
Cervical (Pap),2023,Nurmijärvi,543,76.1,1947
Cervical (Pap),2017,Ylitornio,976,66.5,109
Cervical (Pap),2023,Lemi,416,77.8,126
Cervical (Pap),2019,Kaavi,204,78.5,84
Cervical (Pap),2024,Kirkkonummi,257,75.1,1840
Cervical (Pap),2015,Naantali,529,73.6,704
Cervical (Pap),2011,Ähtäri,989,78,216
Cervical (Pap),2015,Kirkkonummi,257,70.5,1393
Cervical (Pap),2020,Ähtäri,989,72,183
Cervical (Pap),2010,Pomarkku,608,69.7,69
Cervical (Pap),2016,Hämeenlinna,109,69.1,2135
Cervical (Pap),2013,Taipalsaari,831,76,187
Cervical (Pap),2014,Toivakka,850,72.1,80
Cervical (Pap),2019,Pyhäntä,630,84,68
Cervical (Pap),2010,Lapinlahti,402,70.7,365
Cervical (Pap),2021,Rusko,704,80.5,244
Cervical (Pap),2020,Mäntsälä,505,74,845
Cervical (Pap),2014,Nurmijärvi,543,70.5,1855
Cervical (Pap),2023,Hyvinkää,106,73.6,1992
Cervical (Pap),2011,Kyyjärvi,312,75,45
Cervical (Pap),2016,Kerava,245,72.5,1384
Cervical (Pap),2021,Keminmaa,241,69.5,230
Cervical (Pap),2012,Tohmajärvi,848,55,111
Cervical (Pap),2013,Karstula,226,74.1,160
Cervical (Pap),2012,Nivala,535,79,323
Cervical (Pap),2016,Kökar,318,91.7,11
Cervical (Pap),2024,Kangasala,211,76.2,1404
Cervical (Pap),2022,Rautjärvi,689,71.2,104
Cervical (Pap),2020,Jämsä,182,64.1,474
Cervical (Pap),2015,Ilmajoki,145,77.1,430
Cervical (Pap),2017,Raasepori,710,70.4,904
Cervical (Pap),2010,Pyhäntä,630,62.5,50
Cervical (Pap),2020,Sysmä,781,61.2,85
Cervical (Pap),2011,Hyrynsalmi,105,67.9,74
Cervical (Pap),2024,Kauniainen,235,77.6,479
Cervical (Pap),2020,Kyyjärvi,312,88.2,45
Cervical (Pap),2011,Kolari,273,88.8,151
Cervical (Pap),2011,Hankasalmi,077,84.7,238
Cervical (Pap),2019,Helsinki,091,67.8,32288
Cervical (Pap),2022,Hartola,081,59.8,67
Cervical (Pap),2010,Tampere,837,68.9,6703
Cervical (Pap),2021,Kauhava,233,78.5,487
Cervical (Pap),2020,Lahti,398,67.9,3476
Cervical (Pap),2011,Rantasalmi,681,73.7,132
Cervical (Pap),2018,Savitaipale,739,71,93
Cervical (Pap),2016,Tuusula,858,72.4,1456
Cervical (Pap),2020,Oripää,561,73.5,36
Cervical (Pap),2021,Raahe,678,68.3,673
Cervical (Pap),2022,Iisalmi,140,82.3,821
Cervical (Pap),2015,Oulu,564,69,6110
Cervical (Pap),2018,Ilomantsi,146,68.8,128
Cervical (Pap),2013,Tuusniemi,857,74.5,82
Cervical (Pap),2012,Kustavi,304,61.5,24
Cervical (Pap),2011,Muonio,498,78.5,113
Cervical (Pap),2015,Nokia,536,67,1092
Cervical (Pap),2024,Posio,614,63.8,83
Cervical (Pap),2010,Aura,019,73.3,140
Cervical (Pap),2010,Pukkila,616,75.2,79
Cervical (Pap),2017,Kemi,240,66.1,615
Cervical (Pap),2015,Kangasala,211,68.7,968
Cervical (Pap),2021,Hausjärvi,086,74.2,282
Cervical (Pap),2021,Nivala,535,78.2,316
Cervical (Pap),2021,Viitasaari,931,78.7,218
Cervical (Pap),2016,Kokemäki,271,78.8,241
Cervical (Pap),2019,Eura,050,79.7,432
Cervical (Pap),2016,Vesilahti,922,69.4,152
Cervical (Pap),2017,Pälkäne,635,68.5,204
Cervical (Pap),2024,Tammela,834,74.5,216
Cervical (Pap),2023,Hailuoto,072,69.6,32
Cervical (Pap),2012,Kinnula,256,87.1,61
Cervical (Pap),2010,Helsinki,091,64.7,28089
Cervical (Pap),2012,Inkoo,149,53.1,155
Cervical (Pap),2010,Karvia,230,79.4,104
Cervical (Pap),2018,Hailuoto,072,52.6,20
Cervical (Pap),2023,Ypäjä,981,63.4,71
Cervical (Pap),2023,Mustasaari,499,81.6,797
Cervical (Pap),2023,Toivakka,850,70.5,67
Cervical (Pap),2014,Hyvinkää,106,75.1,1683
Cervical (Pap),2015,Kuopio,297,57.9,3044
Cervical (Pap),2014,Äänekoski,992,72.2,666
Cervical (Pap),2013,Hämeenkyrö,108,76.6,350
Cervical (Pap),2012,Nousiainen,538,63.2,139
Cervical (Pap),2023,Rääkkylä,707,57.9,55
Cervical (Pap),2023,Tervo,844,62.3,33
Cervical (Pap),2010,Ulvila,886,72.7,487
Cervical (Pap),2014,Eura,050,80.5,482
Cervical (Pap),2014,Rääkkylä,707,76.5,91
Cervical (Pap),2019,Karkkila,224,70.1,365
Cervical (Pap),2015,Heinola,111,69.5,603
Cervical (Pap),2019,Geta,065,75.9,22
Cervical (Pap),2013,Kärsämäki,317,86.5,90
Cervical (Pap),2016,Reisjärvi,691,76.4,84
Cervical (Pap),2015,Riihimäki,694,66.2,853
Cervical (Pap),2012,Eckerö,043,60.5,26
Cervical (Pap),2015,Tammela,834,69.6,197
Cervical (Pap),2010,Kuortane,300,65.6,124
Cervical (Pap),2011,Ylöjärvi,980,68.5,1022
Cervical (Pap),2024,Joutsa,172,73.8,141
Cervical (Pap),2013,Siuntio,755,62.7,205
Cervical (Pap),2012,Keminmaa,241,79.8,305
Cervical (Pap),2010,Keuruu,249,59.5,285
Cervical (Pap),2016,Finström,060,67.9,91
Cervical (Pap),2010,Outokumpu,309,74.3,246
Cervical (Pap),2016,Lumijoki,436,68.4,54
Cervical (Pap),2017,Lappajärvi,403,64.6,73
Cervical (Pap),2010,Ristijärvi,697,71.4,55
Cervical (Pap),2015,Posio,614,76.9,123
Cervical (Pap),2017,Sund,771,64.4,38
Cervical (Pap),2019,Pukkila,616,72.6,69
Cervical (Pap),2010,Savonlinna,740,76.5,1281
Cervical (Pap),2018,Askola,018,68,168
Cervical (Pap),2023,Keitele,239,50.6,43
Cervical (Pap),2017,Tervola,845,57.9,73
Cervical (Pap),2023,Hanko,078,71.3,293
Cervical (Pap),2014,Pelkosenniemi,583,72.7,40
Cervical (Pap),2012,Raahe,678,70.3,754
Cervical (Pap),2019,Laitila,400,67.7,237
Cervical (Pap),2013,Hartola,081,65,80
Cervical (Pap),2019,Pomarkku,608,80.4,78
Cervical (Pap),2012,Kauhava,233,82.8,569
Cervical (Pap),2017,Suonenjoki,778,79.2,247
Cervical (Pap),2019,Tampere,837,71.6,7787
Cervical (Pap),2017,Padasjoki,576,76.6,98
Cervical (Pap),2013,Vårdö,941,78.9,15
Cervical (Pap),2022,Kaskinen,231,54.7,35
Cervical (Pap),2017,Inari,148,74.6,306
Cervical (Pap),2011,Jämsä,182,75.6,849
Cervical (Pap),2014,Lemi,416,78.5,95
Cervical (Pap),2021,Hollola,098,74.1,737
Cervical (Pap),2015,Forssa,061,62.9,441
Cervical (Pap),2019,Loppi,433,68.3,226
Cervical (Pap),2019,Konnevesi,275,60.2,59
Cervical (Pap),2016,Kumlinge,295,78.9,15
Cervical (Pap),2024,Juuka,176,71.6,151
Cervical (Pap),2020,Janakkala,165,71.2,545
Cervical (Pap),2021,Paltamo,578,78.9,105
Cervical (Pap),2023,Kristiinankaupunki,287,77.7,212
Cervical (Pap),2022,Eurajoki,051,85.6,439
Cervical (Pap),2017,Kannus,217,82.6,223
Cervical (Pap),2021,Savukoski,742,82.1,32
Cervical (Pap),2021,Valkeakoski,908,74,655
Cervical (Pap),2014,Sipoo,753,67.5,664
Cervical (Pap),2012,Luumäki,441,71.1,155
Cervical (Pap),2012,Kotka,285,85.3,2438
Cervical (Pap),2022,Lempäälä,418,74,948
Cervical (Pap),2010,Geta,065,33.3,7
Cervical (Pap),2022,Närpiö,545,68,310
Cervical (Pap),2010,Vaasa,905,76.2,2558
Cervical (Pap),2022,Hämeenkyrö,108,73.9,413
Cervical (Pap),2011,Espoo,049,53.2,7258
Cervical (Pap),2014,Punkalaidun,619,67.1,96
Cervical (Pap),2019,Savonlinna,740,79.4,1112
Cervical (Pap),2011,Alavus,010,72,439
Cervical (Pap),2010,Lieto,423,70.7,556
Cervical (Pap),2014,Juupajoki,177,59.6,56
Cervical (Pap),2021,Inkoo,149,73.1,245
Cervical (Pap),2021,Tuusula,858,71.1,1604
Cervical (Pap),2020,Kemiönsaari,322,71.9,184
Cervical (Pap),2018,Heinävesi,090,78.1,89
Cervical (Pap),2011,Vantaa,092,56.9,6247
Cervical (Pap),2013,Kajaani,205,69.8,1315
Cervical (Pap),2013,Pyhäranta,631,68.5,76
Cervical (Pap),2015,Sievi,746,55.8,116
Cervical (Pap),2010,Loppi,433,43.8,158
Cervical (Pap),2013,Pori,609,74.5,2889
Cervical (Pap),2014,Kristiinankaupunki,287,78.5,237
Cervical (Pap),2012,Ruokolahti,700,75.1,184
Cervical (Pap),2017,Muurame,500,70.5,339
Cervical (Pap),2020,Pedersören kunta,599,76.3,386
Cervical (Pap),2012,Paltamo,578,73.7,126
Cervical (Pap),2012,Seinäjoki,743,80.2,2485
Cervical (Pap),2019,Orivesi,562,68.7,274
Cervical (Pap),2024,Petäjävesi,592,66.5,105
Cervical (Pap),2018,Kaarina,202,73.7,1179
Cervical (Pap),2016,Soini,759,81.5,66
Cervical (Pap),2018,Lapinjärvi,407,64,64
Cervical (Pap),2017,Brändö,035,52.6,10
Cervical (Pap),2023,Parikkala,580,78.5,161
Cervical (Pap),2014,Karkkila,224,73,333
Cervical (Pap),2010,Laitila,400,65,243
Cervical (Pap),2011,Virrat,936,78,266
Cervical (Pap),2016,Joroinen,171,61.5,128
Cervical (Pap),2021,Muhos,494,72.7,288
Cervical (Pap),2014,Hanko,078,71.4,280
Cervical (Pap),2023,Pelkosenniemi,583,52.9,27
Cervical (Pap),2023,Siikainen,747,71.4,40
Cervical (Pap),2019,Vaasa,905,75.6,2089
Cervical (Pap),2023,Sipoo,753,74.3,967
Cervical (Pap),2017,Ranua,683,73.5,111
Cervical (Pap),2017,Harjavalta,079,72.5,298
Cervical (Pap),2014,Mustasaari,499,71.6,628
Cervical (Pap),2016,Puumala,623,71.4,55
Cervical (Pap),2011,Siilinjärvi,749,61.1,675
Cervical (Pap),2014,Mänttä-Vilppula,508,71.3,316
Cervical (Pap),2015,Kuusamo,305,80.6,551
Cervical (Pap),2022,Kihniö,250,49.4,42
Cervical (Pap),2019,Ristijärvi,697,68.8,44
Cervical (Pap),2022,Vesanto,921,55.1,43
Cervical (Pap),2011,Parainen,445,60.2,430
Cervical (Pap),2022,Luhanka,435,80,24
Cervical (Pap),2011,Kivijärvi,265,80,36
Cervical (Pap),2021,Hamina,075,78.3,816
Cervical (Pap),2013,Haapajärvi,069,71.3,229
Cervical (Pap),2020,Laukaa,410,66.9,575
Cervical (Pap),2019,Äänekoski,992,71.4,557
Cervical (Pap),2012,Utajärvi,889,61,89
Cervical (Pap),2019,Kuortane,300,67.6,92
Cervical (Pap),2010,Lumparland,438,75,18
Cervical (Pap),2016,Hattula,082,66.6,317
Cervical (Pap),2024,Lestijärvi,421,85.7,30
Cervical (Pap),2024,Ilmajoki,145,84.7,543
Cervical (Pap),2013,Masku,481,79.6,382
Cervical (Pap),2022,Kärsämäki,317,73.5,83
Cervical (Pap),2024,Forssa,061,71.9,535
Cervical (Pap),2020,Kouvola,286,72.8,3256
Cervical (Pap),2013,Tornio,851,81.3,818
Cervical (Pap),2021,Koski Tl,284,76.4,68
Cervical (Pap),2017,Halsua,074,82.4,42
Cervical (Pap),2018,Nakkila,531,79.4,204
Cervical (Pap),2012,Vöyri,946,69.1,242
Cervical (Pap),2011,Järvenpää,186,59.5,1188
Cervical (Pap),2017,Ulvila,886,65.1,408
Cervical (Pap),2011,Mäntsälä,505,53.7,555
Cervical (Pap),2018,Kangasniemi,213,77.3,160
Cervical (Pap),2020,Nurmes,541,77,288
Cervical (Pap),2022,Raasepori,710,70.1,1057
Cervical (Pap),2021,Nousiainen,538,79.5,167
Cervical (Pap),2022,Saarijärvi,729,71.3,323
Cervical (Pap),2013,Evijärvi,052,76.5,91
Cervical (Pap),2020,Hyrynsalmi,105,75.8,75
Cervical (Pap),2018,Vaala,785,69.3,79
Cervical (Pap),2015,Lapua,408,79.5,493
Cervical (Pap),2010,Akaa,020,69.5,552
Cervical (Pap),2023,Parainen,445,77.7,617
Cervical (Pap),2010,Kaavi,204,54.1,79
Cervical (Pap),2019,Outokumpu,309,75.4,208
Cervical (Pap),2010,Pälkäne,635,63.9,214
Cervical (Pap),2013,Miehikkälä,489,82.4,70
Cervical (Pap),2012,Mikkeli,491,77.2,1907
Cervical (Pap),2011,Sysmä,781,64.3,108
Cervical (Pap),2024,Uusikaupunki,895,76.3,531
Cervical (Pap),2016,Mynämäki,503,69.8,227
Cervical (Pap),2022,Puolanka,620,68.2,75
Cervical (Pap),2020,Varkaus,915,71.7,646
Cervical (Pap),2016,Kuhmo,290,75.9,281
Cervical (Pap),2018,Lieksa,422,78.9,363
Cervical (Pap),2014,Parkano,581,69.7,212
Cervical (Pap),2022,Lieto,423,79.6,872
Cervical (Pap),2024,Sauvo,738,77.7,129
Cervical (Pap),2013,Sastamala,790,79,840
Cervical (Pap),2024,Vieremä,925,83.3,125
Cervical (Pap),2017,Kärkölä,316,73.4,141
Cervical (Pap),2011,Merijärvi,483,69,29
Cervical (Pap),2018,Orivesi,562,74.9,305
Cervical (Pap),2016,Isokyrö,152,77.5,162
Cervical (Pap),2024,Naantali,529,77.9,912
Cervical (Pap),2011,Pyhäjoki,625,72.8,99
Cervical (Pap),2018,Kolari,273,67.7,132
Cervical (Pap),2018,Merikarvia,484,47.3,61
Cervical (Pap),2011,Oripää,561,73.4,47
Cervical (Pap),2022,Marttila,480,64.2,61
Cervical (Pap),2011,Salo,734,59.3,1533
Cervical (Pap),2024,Riihimäki,694,69.1,1024
Cervical (Pap),2024,Oulu,564,74.9,7842
Cervical (Pap),2018,Laihia,399,78,329
Cervical (Pap),2020,Muonio,498,70.8,97
Cervical (Pap),2012,Iitti,142,69.3,237
Cervical (Pap),2018,Pyhäjärvi,626,74.4,145
Cervical (Pap),2015,Raisio,680,77.1,868
Cervical (Pap),2022,Perho,584,66.3,57
Cervical (Pap),2020,Salla,732,70.1,82
Cervical (Pap),2023,Kannonkoski,216,63.5,33
Cervical (Pap),2024,Kuopio,297,67.6,4317
Cervical (Pap),2014,Tervo,844,67.5,54
Cervical (Pap),2024,Seinäjoki,743,84.7,2923
Cervical (Pap),2020,Rantasalmi,681,62.5,85
Cervical (Pap),2011,Lahti,398,71.9,3826
Cervical (Pap),2018,Sotkamo,765,76.8,428
Cervical (Pap),2010,Joensuu,167,60.1,2040
Cervical (Pap),2012,Tyrnävä,859,71.1,219
Cervical (Pap),2013,Kurikka,301,74.8,764
Cervical (Pap),2020,Hankasalmi,077,63.9,106
Cervical (Pap),2015,Multia,495,67.2,45
Cervical (Pap),2016,Rautalampi,686,69.5,105
Cervical (Pap),2018,Föglö,062,76.2,16
Cervical (Pap),2022,Jomala,170,84.4,270
Cervical (Pap),2018,Lapinlahti,402,56.6,218
Cervical (Pap),2011,Säkylä,783,87.6,297
Cervical (Pap),2013,Lieto,423,73.4,680
Cervical (Pap),2018,Pyhäntä,630,77.9,53
Cervical (Pap),2020,Loimaa,430,80,460
Cervical (Pap),2017,Enonkoski,046,65.8,25
Cervical (Pap),2023,Juva,178,85.8,236
Cervical (Pap),2023,Harjavalta,079,76.9,300
Cervical (Pap),2010,Laihia,399,78.2,337
Cervical (Pap),2023,Pedersören kunta,599,80.9,416
Cervical (Pap),2016,Jomala,170,81.9,204
Cervical (Pap),2012,Raisio,680,75.8,947
Cervical (Pap),2023,Pirkkala,604,77.5,852
Cervical (Pap),2020,Parikkala,580,66.7,124
Cervical (Pap),2024,Luumäki,441,75.6,186
Cervical (Pap),2019,Haapajärvi,069,71.2,379
Cervical (Pap),2017,Rauma,684,59.4,1165
Cervical (Pap),2012,Sottunga,766,71.4,5
Cervical (Pap),2011,Kristiinankaupunki,287,80.4,222
Cervical (Pap),2022,Sastamala,790,71.9,830
Cervical (Pap),2014,Laukaa,410,74.1,674
Cervical (Pap),2014,Kärkölä,316,68.5,178
Cervical (Pap),2013,Puumala,623,77.7,73
Cervical (Pap),2022,Vaasa,905,76.6,2458
Cervical (Pap),2017,Imatra,153,73.8,945
Cervical (Pap),2011,Toholampi,849,86.3,138
Cervical (Pap),2018,Lestijärvi,421,64.7,22
Cervical (Pap),2010,Kurikka,301,59,686
Cervical (Pap),2013,Utsjoki,890,58.9,33
Cervical (Pap),2017,Pöytyä,636,77.8,298
Cervical (Pap),2016,Taivassalo,833,85.3,58
Cervical (Pap),2015,Seinäjoki,743,80.2,2483
Cervical (Pap),2015,Tyrnävä,859,61.6,183
Cervical (Pap),2024,Ruokolahti,700,77.3,201
Cervical (Pap),2013,Kontiolahti,276,74.6,502
Cervical (Pap),2022,Vehmaa,918,63.7,65
Cervical (Pap),2021,Korsnäs,280,72.8,59
Cervical (Pap),2015,Luumäki,441,71.3,164
Cervical (Pap),2022,Kalajoki,208,70.7,419
Cervical (Pap),2024,Oulainen,563,66.6,227
Cervical (Pap),2023,Kärkölä,316,62.4,148
Cervical (Pap),2010,Savitaipale,739,77.6,128
Cervical (Pap),2014,Pedersören kunta,599,72.1,338
Cervical (Pap),2020,Säkylä,783,81.8,234
Cervical (Pap),2019,Laihia,399,75.5,296
Cervical (Pap),2017,Kruunupyy,288,69.6,183
Cervical (Pap),2014,Simo,751,73.3,107
Cervical (Pap),2013,Kalajoki,208,79.5,435
Cervical (Pap),2018,Petäjävesi,592,78.2,122
Cervical (Pap),2010,Jokioinen,169,69.8,196
Cervical (Pap),2012,Korsnäs,280,73.7,73
Cervical (Pap),2015,Föglö,062,75.9,22
Cervical (Pap),2018,Helsinki,091,67.6,31976
Cervical (Pap),2018,Sulkava,768,80,72
Cervical (Pap),2019,Loviisa,434,75.3,660
Cervical (Pap),2016,Kuhmoinen,291,69.8,67
Cervical (Pap),2016,Myrskylä,504,67.5,56
Cervical (Pap),2016,Luhanka,435,69.2,18
Cervical (Pap),2019,Eurajoki,051,79.1,382
Cervical (Pap),2022,Puumala,623,63.8,60
Cervical (Pap),2013,Sodankylä,758,86,307
Cervical (Pap),2016,Masku,481,74.3,342
Cervical (Pap),2016,Vesanto,921,61.4,54
Cervical (Pap),2017,Lohja,444,72.3,1626
Cervical (Pap),2013,Vaasa,905,79,2668
Cervical (Pap),2022,Masku,481,82.3,410
Cervical (Pap),2011,Orimattila,560,72.5,561
Cervical (Pap),2023,Laukaa,410,68.9,657
Cervical (Pap),2020,Kristiinankaupunki,287,76.8,232
Cervical (Pap),2011,Salla,732,59.8,107
Cervical (Pap),2019,Savitaipale,739,77.8,91
Cervical (Pap),2018,Aura,019,68.6,144
Cervical (Pap),2023,Rantasalmi,681,76.9,130
Cervical (Pap),2012,Multia,495,70.7,58
Cervical (Pap),2021,Kauhajoki,232,72.4,373
Cervical (Pap),2012,Kauniainen,235,52.7,237
Cervical (Pap),2013,Kauhajoki,232,71.2,483
Cervical (Pap),2018,Outokumpu,309,75.3,198
Cervical (Pap),2015,Vieremä,925,54.9,78
Cervical (Pap),2010,Pori,609,77.2,3079
Cervical (Pap),2017,Ylivieska,977,80.1,520
Cervical (Pap),2019,Pyhäjärvi,626,72.1,142
Cervical (Pap),2023,Simo,751,77.1,108
Cervical (Pap),2014,Maalahti,475,64.6,157
Cervical (Pap),2016,Mäntyharju,507,69.5,203
Cervical (Pap),2021,Rovaniemi,698,74,2040
Cervical (Pap),2021,Ruovesi,702,66.7,104
Cervical (Pap),2014,Kannonkoski,216,76.9,50
Cervical (Pap),2017,Pirkkala,604,71.5,697
Cervical (Pap),2017,Kempele,244,70.6,584
Cervical (Pap),2021,Tyrnävä,859,58.6,181
Cervical (Pap),2022,Turku,853,71.9,7324
Cervical (Pap),2016,Porvoo,638,73.7,1792
Cervical (Pap),2021,Ylivieska,977,83.6,498
Cervical (Pap),2016,Sastamala,790,69.6,743
Cervical (Pap),2010,Loviisa,434,71.5,557
Cervical (Pap),2015,Paltamo,578,70.3,121
Cervical (Pap),2018,Karvia,230,76.6,59
Cervical (Pap),2021,Iitti,142,67.2,180
Cervical (Pap),2012,Ruovesi,702,60.3,120
Cervical (Pap),2019,Lieto,423,79.2,772
Cervical (Pap),2023,Maalahti,475,78.3,227
Cervical (Pap),2017,Pielavesi,595,67.6,119
Cervical (Pap),2015,Pudasjärvi,615,65.8,217
Cervical (Pap),2021,Seinäjoki,743,85.8,2423
Cervical (Pap),2010,Konnevesi,275,72.1,80
Cervical (Pap),2012,Luoto,440,74.2,164
Cervical (Pap),2024,Kaustinen,236,73.7,154
Cervical (Pap),2013,Pello,854,71.4,110
Cervical (Pap),2023,Hyrynsalmi,105,74.4,61
Cervical (Pap),2020,Polvijärvi,607,78,128
Cervical (Pap),2014,Espoo,049,65.4,8948
Cervical (Pap),2014,Harjavalta,079,83.6,276
Cervical (Pap),2017,Pieksämäki,593,74.4,585
Cervical (Pap),2012,Pihtipudas,601,67.5,131
Cervical (Pap),2015,Oulainen,563,65.9,203
Cervical (Pap),2013,Lemland,417,69.1,56
Cervical (Pap),2010,Lapinjärvi,407,66.7,90
Cervical (Pap),2019,Heinävesi,090,72.7,104
Cervical (Pap),2020,Espoo,049,67.5,11591
Cervical (Pap),2012,Hamina,075,79.5,824
Cervical (Pap),2017,Hirvensalmi,097,75.9,66
Cervical (Pap),2017,Keitele,239,75.5,80
Cervical (Pap),2010,Askola,018,68.2,165
Cervical (Pap),2024,Porvoo,638,76.3,2275
Cervical (Pap),2012,Lapua,408,77.7,490
Cervical (Pap),2016,Uusikaarlepyy,893,74.1,260
Cervical (Pap),2010,Vihti,927,56.1,852
Cervical (Pap),2024,Taivassalo,833,78.1,57
Cervical (Pap),2015,Veteli,924,78.9,112
Cervical (Pap),2018,Kaustinen,236,74.6,135
Cervical (Pap),2022,Tornio,851,77.3,782
Cervical (Pap),2023,Suonenjoki,778,64.7,218
Cervical (Pap),2010,Haapajärvi,069,77.2,267
Cervical (Pap),2019,Jokioinen,169,68.9,168
Cervical (Pap),2021,Ikaalinen,143,75,216
Cervical (Pap),2014,Kankaanpää,214,76.2,473
Cervical (Pap),2014,Hyrynsalmi,105,79.1,102
Cervical (Pap),2022,Pello,854,73,89
Cervical (Pap),2020,Ylöjärvi,980,72.8,1114
Cervical (Pap),2021,Eckerö,043,75,39
Cervical (Pap),2015,Sauvo,738,70.3,111
Cervical (Pap),2022,Hattula,082,75.7,371
Cervical (Pap),2022,Miehikkälä,489,73.6,64
Cervical (Pap),2015,Joutsa,172,64.7,130
Cervical (Pap),2014,Tervola,845,69.9,95
Cervical (Pap),2023,Mänttä-Vilppula,508,62,248
Cervical (Pap),2016,Rautavaara,687,76.5,39
Cervical (Pap),2016,Leppävirta,420,47.7,200
Cervical (Pap),2020,Hyvinkää,106,71.5,1863
Cervical (Pap),2021,Pietarsaari,598,74.5,664
Cervical (Pap),2018,Ilmajoki,145,79.5,495
Cervical (Pap),2015,Hausjärvi,086,62.6,254
Cervical (Pap),2016,Hartola,081,65.3,98
Cervical (Pap),2017,Ypäjä,981,64.5,60
Cervical (Pap),2020,Vantaa,092,69.6,9701
Cervical (Pap),2010,Kaarina,202,75.7,1150
Cervical (Pap),2010,Taipalsaari,831,81.1,197
Cervical (Pap),2018,Savonlinna,740,77.6,1141
Cervical (Pap),2013,Tuusula,858,66.5,1322
Cervical (Pap),2014,Siikainen,747,72.9,43
Cervical (Pap),2014,Kitee,260,60.1,309
Cervical (Pap),2021,Lapua,408,79.7,464
Cervical (Pap),2012,Haapavesi,071,80.7,305
Cervical (Pap),2024,Veteli,924,69.6,94
Cervical (Pap),2023,Kitee,260,73.8,360
Cervical (Pap),2013,Turku,853,79.9,6458
Cervical (Pap),2012,Kemijärvi,320,78.5,278
Cervical (Pap),2010,Pyhäjärvi,626,68.4,180
Cervical (Pap),2022,Kökar,318,63.6,7
Cervical (Pap),2024,Nakkila,531,76.5,202
Cervical (Pap),2011,Isojoki,151,80.6,87
Cervical (Pap),2018,Laitila,400,74.3,281
Cervical (Pap),2014,Marttila,480,67.9,53
Cervical (Pap),2019,Pudasjärvi,615,67.3,214
Cervical (Pap),2015,Juuka,176,68,157
Cervical (Pap),2023,Kankaanpää,214,79.6,575
Cervical (Pap),2012,Ikaalinen,143,67.4,229
Cervical (Pap),2017,Urjala,887,57.3,98
Cervical (Pap),2020,Hammarland,076,65.8,52
Cervical (Pap),2020,Mustasaari,499,77.1,688
Cervical (Pap),2021,Utajärvi,889,67.8,61
Cervical (Pap),2013,Eurajoki,051,74.7,337
Cervical (Pap),2019,Pori,609,66.4,3130
Cervical (Pap),2016,Ii,139,70.8,342
Cervical (Pap),2016,Taivalkoski,832,79.6,117
Cervical (Pap),2020,Isojoki,151,73.8,48
Cervical (Pap),2017,Nurmijärvi,543,71.1,1858
Cervical (Pap),2017,Rääkkylä,707,76.7,66
Cervical (Pap),2019,Joensuu,167,72.4,2317
Cervical (Pap),2016,Pornainen,611,73.1,198
Cervical (Pap),2011,Suomussalmi,777,79.9,350
Cervical (Pap),2018,Sonkajärvi,762,62.4,98
Cervical (Pap),2021,Kemijärvi,320,73.1,201
Cervical (Pap),2013,Perho,584,84.9,90
Cervical (Pap),2023,Juupajoki,177,62.9,56
Cervical (Pap),2024,Ilomantsi,146,76.9,150
Cervical (Pap),2013,Kaskinen,231,73,46
Cervical (Pap),2013,Ristijärvi,697,73.7,42
Cervical (Pap),2017,Enontekiö,047,62.9,78
Cervical (Pap),2016,Kihniö,250,64.9,50
Cervical (Pap),2012,Pietarsaari,598,61,552
Cervical (Pap),2019,Lapinjärvi,407,69.9,102
Cervical (Pap),2018,Konnevesi,275,65.7,67
Cervical (Pap),2024,Hausjärvi,086,68.9,306
Cervical (Pap),2010,Heinävesi,090,79.2,126
Cervical (Pap),2013,Lempäälä,418,72.5,761
Cervical (Pap),2017,Alajärvi,005,81.2,336
Cervical (Pap),2019,Keuruu,249,67.8,274
Cervical (Pap),2011,Liminka,425,62,254
Cervical (Pap),2022,Sotkamo,765,75.8,389
Cervical (Pap),2017,Liperi,426,74.9,415
Cervical (Pap),2018,Akaa,020,67.8,514
Cervical (Pap),2022,Lemland,417,82.4,89
Cervical (Pap),2011,Äänekoski,992,71.2,673
Cervical (Pap),2024,Kinnula,256,85.7,48
Cervical (Pap),2010,Orivesi,562,66,295
Cervical (Pap),2011,Polvijärvi,607,76.6,160
Cervical (Pap),2022,Pyhäranta,631,62.1,59
Cervical (Pap),2022,Siuntio,755,72.2,247
Cervical (Pap),2022,Kontiolahti,276,73.8,596
Cervical (Pap),2014,Raasepori,710,70.4,925
Cervical (Pap),2024,Kuusamo,305,78.8,605
Cervical (Pap),2011,Varkaus,915,58.8,605
Cervical (Pap),2014,Parikkala,580,72.6,156
Cervical (Pap),2022,Tuusniemi,857,65.5,78
Cervical (Pap),2010,Merikarvia,484,50.4,61
Cervical (Pap),2011,Nurmes,541,74.5,383
Cervical (Pap),2021,Vöyri,946,78.5,274
Cervical (Pap),2022,Eura,050,83.7,484
Cervical (Pap),2013,Kokemäki,271,76.8,239
Cervical (Pap),2012,Kouvola,286,73.5,3041
Cervical (Pap),2023,Jämsä,182,65.7,605
Cervical (Pap),2019,Salo,734,71.8,1640
Cervical (Pap),2014,Juva,178,76,193
Cervical (Pap),2018,Naantali,529,67.3,608
Cervical (Pap),2021,Multia,495,66.7,32
Cervical (Pap),2018,Riihimäki,694,72.8,949
Cervical (Pap),2013,Iisalmi,140,63.9,689
Cervical (Pap),2019,Lumparland,438,90.9,10
Cervical (Pap),2016,Vehmaa,918,78.6,81
Cervical (Pap),2023,Sievi,746,77.2,149
Cervical (Pap),2016,Asikkala,016,75.1,251
Cervical (Pap),2014,Muonio,498,73.8,90
Cervical (Pap),2022,Kajaani,205,74.3,1328
Cervical (Pap),2016,Saarijärvi,729,72.8,313
Cervical (Pap),2018,Uusikaupunki,895,77.2,495
Cervical (Pap),2011,Janakkala,165,77.3,643
Cervical (Pap),2022,Utsjoki,890,46.9,23
Cervical (Pap),2011,Kemiönsaari,322,73.5,236
Cervical (Pap),2016,Puolanka,620,68.1,77
Cervical (Pap),2020,Alavus,010,63,310
Cervical (Pap),2021,Raisio,680,75.7,975
Cervical (Pap),2016,Närpiö,545,76.1,397
Cervical (Pap),2014,Rantasalmi,681,78.6,92
Cervical (Pap),2017,Koski Tl,284,80.7,67
Cervical (Pap),2012,Kangasala,211,65.3,921
Cervical (Pap),2016,Kärsämäki,317,68.3,84
Cervical (Pap),2023,Punkalaidun,619,67.9,74
Cervical (Pap),2019,Kurikka,301,66.3,603
Cervical (Pap),2016,Alavieska,009,81.7,76
Cervical (Pap),2012,Rovaniemi,698,73,2161
Cervical (Pap),2022,Karkkila,224,73,321
Cervical (Pap),2012,Valkeakoski,908,72,657
Cervical (Pap),2024,Föglö,062,64.7,11
Cervical (Pap),2018,Kuopio,297,52.1,3230
Cervical (Pap),2021,Kotka,285,73.7,2082
Cervical (Pap),2018,Kaavi,204,72.4,89
Cervical (Pap),2016,Somero,761,75.7,277
Cervical (Pap),2023,Isojoki,151,75.3,58
Cervical (Pap),2010,Luhanka,435,68.2,15
Cervical (Pap),2012,Halsua,074,71.6,53
Cervical (Pap),2018,Forssa,061,65.7,476
Cervical (Pap),2013,Finström,060,73,100
Cervical (Pap),2016,Järvenpää,186,72.8,1567
Cervical (Pap),2012,Pielavesi,595,73.7,140
Cervical (Pap),2017,Pietarsaari,598,70.3,631
Cervical (Pap),2022,Vesilahti,922,72.5,177
Cervical (Pap),2018,Kurikka,301,66.4,620
Cervical (Pap),2015,Viitasaari,931,72.7,221
Cervical (Pap),2011,Kiuruvesi,263,77.9,275
Cervical (Pap),2022,Joroinen,171,80.5,165
Cervical (Pap),2011,Mänttä-Vilppula,508,72.2,353
Cervical (Pap),2018,Haapajärvi,069,73.3,220
Cervical (Pap),2019,Uusikaupunki,895,75.8,486
Cervical (Pap),2016,Siuntio,755,73.7,252
Cervical (Pap),2013,Joensuu,167,59.6,1979
Cervical (Pap),2018,Miehikkälä,489,71.2,52
Cervical (Pap),2010,Vieremä,925,51.8,73
Cervical (Pap),2017,Mustasaari,499,77.2,666
Cervical (Pap),2023,Siilinjärvi,749,64.4,701
Cervical (Pap),2016,Pyhäjoki,625,60.3,76
Cervical (Pap),2018,Joutsa,172,66.3,118
Cervical (Pap),2011,Sipoo,753,59.8,525
Cervical (Pap),2013,Joroinen,171,83.7,210
Cervical (Pap),2024,Valkeakoski,908,71.5,714
Cervical (Pap),2022,Joensuu,167,66,2507
Cervical (Pap),2020,Kiuruvesi,263,57.8,171
Cervical (Pap),2022,Loppi,433,72,290
Cervical (Pap),2014,Kannus,217,81.7,178
Cervical (Pap),2014,Isojoki,151,70.3,64
Cervical (Pap),2021,Padasjoki,576,70.8,75
Cervical (Pap),2011,Punkalaidun,619,82.7,110
Cervical (Pap),2023,Kittilä,261,70.4,264
Cervical (Pap),2023,Kemiönsaari,322,74,231
Cervical (Pap),2017,Kankaanpää,214,77.2,402
Cervical (Pap),2020,Rääkkylä,707,70,42
Cervical (Pap),2016,Alavus,010,72.4,428
Cervical (Pap),2021,Ilmajoki,145,72.4,406
Cervical (Pap),2014,Jämsä,182,69.3,741
Cervical (Pap),2021,Juuka,176,65.9,114
Cervical (Pap),2018,Kauniainen,235,68.3,340
Cervical (Pap),2014,Jyväskylä,179,72.7,4583
Cervical (Pap),2024,Savitaipale,739,76.7,102
Cervical (Pap),2012,Urjala,887,58.9,113
Cervical (Pap),2023,Enontekiö,047,67.4,62
Cervical (Pap),2019,Lestijärvi,421,84.4,27
Cervical (Pap),2018,Kangasala,211,74.2,1102
Cervical (Pap),2017,Juupajoki,177,61.1,44
Cervical (Pap),2021,Inari,148,81.7,313
Cervical (Pap),2013,Kumlinge,295,76.9,10
Cervical (Pap),2015,Hailuoto,072,65.6,21
Cervical (Pap),2023,Vantaa,092,70.7,10445
Cervical (Pap),2018,Kaskinen,231,66.1,39
Cervical (Pap),2019,Tuusniemi,857,40.9,38
Cervical (Pap),2017,Siikainen,747,69.1,38
Cervical (Pap),2023,Alajärvi,005,77.8,332
Cervical (Pap),2020,Mänttä-Vilppula,508,63.6,241
Cervical (Pap),2010,Tuusniemi,857,70.9,107
Cervical (Pap),2011,Maarianhamina - Mariehamn,478,66,403
Cervical (Pap),2015,Valkeakoski,908,66.1,602
Cervical (Pap),2014,Kemiönsaari,322,72.2,208
Cervical (Pap),2016,Salla,732,77.1,121
Cervical (Pap),2015,Kustavi,304,75.8,25
Cervical (Pap),2022,Karvia,230,84.8,84
Cervical (Pap),2017,Suomussalmi,777,73.8,248
Cervical (Pap),2015,Savukoski,742,53.7,29
Cervical (Pap),2014,Kittilä,261,69.6,222
Cervical (Pap),2018,Kontiolahti,276,68.6,465
Cervical (Pap),2022,Uurainen,892,74.9,128
Cervical (Pap),2011,Karkkila,224,57,265
Cervical (Pap),2013,Loppi,433,77,292
Cervical (Pap),2013,Sotkamo,765,71.9,373
Cervical (Pap),2022,Saltvik,736,85,91
Cervical (Pap),2013,Konnevesi,275,86,98
Cervical (Pap),2022,Kumlinge,295,54.5,6
Cervical (Pap),2019,Jomala,170,85.9,219
Cervical (Pap),2015,Mikkeli,491,74.9,1812
Cervical (Pap),2011,Eura,050,75.6,459
Cervical (Pap),2011,Kuhmoinen,291,78.3,101
Cervical (Pap),2013,Kaavi,204,70.6,101
Cervical (Pap),2020,Liminka,425,77.9,370
Cervical (Pap),2013,Pyhäntä,630,83.9,52
Cervical (Pap),2011,Ypäjä,981,69.6,78
Cervical (Pap),2015,Keitele,239,70.7,82
Cervical (Pap),2022,Orivesi,562,68.1,312
Cervical (Pap),2013,Orivesi,562,61.2,276
Cervical (Pap),2017,Kristiinankaupunki,287,78.4,218
Cervical (Pap),2012,Ilmajoki,145,78.9,452
Cervical (Pap),2018,Pyhäranta,631,75,69
Cervical (Pap),2023,Jyväskylä,179,68.8,4950
Cervical (Pap),2016,Merijärvi,483,73.7,28
Cervical (Pap),2018,Vihti,927,68,1010
Cervical (Pap),2023,Kouvola,286,75.7,3271
Cervical (Pap),2021,Pielavesi,595,78.3,112
Cervical (Pap),2020,Punkalaidun,619,65.9,54
Cervical (Pap),2023,Kivijärvi,265,56.3,27
Cervical (Pap),2010,Jomala,170,59.2,135
Cervical (Pap),2019,Riihimäki,694,68.9,883
Cervical (Pap),2017,Karijoki,218,78.4,40
Cervical (Pap),2023,Virrat,936,67.7,197
Cervical (Pap),2010,Kihniö,250,66.3,59
Cervical (Pap),2019,Taipalsaari,831,73,154
Cervical (Pap),2021,Brändö,035,57.1,8
Cervical (Pap),2016,Sysmä,781,62.9,95
Cervical (Pap),2010,Vesanto,921,74.5,70
Cervical (Pap),2022,Finström,060,79.2,118
Cervical (Pap),2022,Lumijoki,436,56.8,50
Cervical (Pap),2023,Tervola,845,63.9,92
Cervical (Pap),2011,Alavieska,009,84.5,82
Cervical (Pap),2024,Tuusula,858,78.5,1877
Cervical (Pap),2024,Askola,018,72.5,179
Cervical (Pap),2014,Enontekiö,047,80.7,92
Cervical (Pap),2019,Föglö,062,61.1,11
Cervical (Pap),2020,Pelkosenniemi,583,78.4,29
Cervical (Pap),2011,Siikajoki,748,66.4,154
Cervical (Pap),2014,Alajärvi,005,76.5,309
Cervical (Pap),2011,Virolahti,935,67.8,124
Cervical (Pap),2020,Sipoo,753,74.2,898
Cervical (Pap),2020,Kruunupyy,288,77.9,211
Cervical (Pap),2020,Tohmajärvi,848,70.4,107
Cervical (Pap),2022,Äänekoski,992,72.3,638
Cervical (Pap),2016,Tornio,851,75.8,756
Cervical (Pap),2019,Sauvo,738,75.7,112
Cervical (Pap),2017,Utajärvi,889,60.6,77
Cervical (Pap),2013,Lieksa,422,71.2,369
Cervical (Pap),2013,Pomarkku,608,75.2,76
Cervical (Pap),2012,Petäjävesi,592,65.5,127
Cervical (Pap),2019,Vieremä,925,59.5,88
Cervical (Pap),2019,Merikarvia,484,56.8,92
Cervical (Pap),2019,Oulu,564,71.7,6286
Cervical (Pap),2010,Kalajoki,208,76.3,464
Cervical (Pap),2017,Varkaus,915,58.2,523
Cervical (Pap),2016,Loimaa,430,77.9,558
Cervical (Pap),2022,Kokemäki,271,80.5,289
Cervical (Pap),2022,Akaa,020,68.7,562
Cervical (Pap),2012,Sulkava,768,78.1,114
Cervical (Pap),2022,Siikalatva,791,64.3,146
Cervical (Pap),2023,Kyyjärvi,312,59.4,38
Cervical (Pap),2020,Lemi,416,66.7,80
Cervical (Pap),2012,Juuka,176,79.2,168
Cervical (Pap),2012,Sievi,746,62.2,117
Cervical (Pap),2019,Kolari,273,67.3,132
Cervical (Pap),2022,Pyhtää,624,74.6,211
Cervical (Pap),2020,Virolahti,935,79.4,123
Cervical (Pap),2015,Pukkila,616,70.1,75
Cervical (Pap),2016,Loviisa,434,69.9,495
Cervical (Pap),2016,Mäntsälä,505,73.3,995
Cervical (Pap),2016,Lemland,417,76.3,87
Cervical (Pap),2011,Nurmijärvi,543,51.6,1230
Cervical (Pap),2013,Vaala,785,74.8,98
Cervical (Pap),2023,Liperi,426,68.5,444
Cervical (Pap),2010,Riihimäki,694,43,604
Cervical (Pap),2010,Oulu,564,58,4937
Cervical (Pap),2021,Sulkava,768,77.4,65
Cervical (Pap),2022,Pomarkku,608,81.1,77
Cervical (Pap),2011,Huittinen,102,81,391
Cervical (Pap),2010,Sonkajärvi,762,78.3,184
Cervical (Pap),2010,Pudasjärvi,615,66.7,246
Cervical (Pap),2011,Lemi,416,71.3,112
Cervical (Pap),2017,Tohmajärvi,848,63.5,132
Cervical (Pap),2017,Liminka,425,71.1,337
Cervical (Pap),2019,Tammela,834,74.7,198
Cervical (Pap),2024,Kuortane,300,82,109
Cervical (Pap),2012,Kaustinen,236,83.9,183
Cervical (Pap),2015,Ilomantsi,146,68.2,152
Cervical (Pap),2013,Saltvik,736,69,60
Cervical (Pap),2021,Kangasala,211,78,1169
Cervical (Pap),2011,Pirkkala,604,69.1,576
Cervical (Pap),2023,Muonio,498,59.7,74
Cervical (Pap),2020,Jämijärvi,181,84.7,72
Cervical (Pap),2024,Kustavi,304,86.4,38
Cervical (Pap),2015,Iitti,142,78.9,250
Cervical (Pap),2020,Kerava,245,72.1,1503
Cervical (Pap),2017,Tervo,844,64.1,41
Cervical (Pap),2020,Harjavalta,079,69.1,242
Cervical (Pap),2020,Maarianhamina - Mariehamn,478,78.2,502
Cervical (Pap),2021,Ylitornio,976,68.3,114
Cervical (Pap),2013,Hämeenlinna,109,69.7,2051
Cervical (Pap),2015,Kangasniemi,213,79.1,174
Cervical (Pap),2019,Kaarina,202,74.7,1222
Cervical (Pap),2024,Helsinki,091,71.4,33065
Cervical (Pap),2024,Iitti,142,71.4,227
Cervical (Pap),2023,Hankasalmi,077,63.9,147
Cervical (Pap),2011,Jämijärvi,181,78.9,75
Cervical (Pap),2024,Geta,065,73.3,22
Cervical (Pap),2015,Kauhava,233,79.6,558
Cervical (Pap),2019,Kalajoki,208,84.3,499
Cervical (Pap),2021,Haapavesi,071,81,188
Cervical (Pap),2013,Akaa,020,68,532
Cervical (Pap),2020,Enonkoski,046,59.7,37
Cervical (Pap),2010,Asikkala,016,74.5,395
Cervical (Pap),2022,Kaavi,204,67.6,94
Cervical (Pap),2024,Mikkeli,491,82.4,2137
Cervical (Pap),2018,Posio,614,75.4,92
Cervical (Pap),2018,Tammela,834,70.8,167
Cervical (Pap),2020,Huittinen,102,70.1,365
Cervical (Pap),2012,Padasjoki,576,65.8,125
Cervical (Pap),2016,Keuruu,249,74.3,280
Cervical (Pap),2019,Vesanto,921,63.4,52
Cervical (Pap),2010,Naantali,529,61.5,575
Cervical (Pap),2013,Soini,759,77.5,69
Cervical (Pap),2015,Tampere,837,69.4,7193
Cervical (Pap),2020,Alavieska,009,74.7,74
Cervical (Pap),2015,Lapinjärvi,407,68.6,83
Cervical (Pap),2013,Porvoo,638,71.2,1643
Cervical (Pap),2017,Kemijärvi,320,81.7,236
Cervical (Pap),2014,Ylöjärvi,980,69.5,1006
Cervical (Pap),2018,Kajaani,205,72.9,1367
Cervical (Pap),2012,Kemi,240,68.8,685
Cervical (Pap),2010,Iitti,142,78.5,259
Cervical (Pap),2019,Posio,614,70.4,76
Cervical (Pap),2010,Sauvo,738,73.4,113
Cervical (Pap),2024,Pudasjärvi,615,72.5,237
Cervical (Pap),2016,Vårdö,941,75,12
Cervical (Pap),2024,Kauhajoki,232,81.5,507
Cervical (Pap),2015,Savitaipale,739,69.3,113
Cervical (Pap),2019,Pornainen,611,72.1,222
Cervical (Pap),2020,Toivakka,850,62.9,56
Cervical (Pap),2017,Ylöjärvi,980,71.4,1125
Cervical (Pap),2014,Kivijärvi,265,71.7,33
Cervical (Pap),2014,Siilinjärvi,749,58.3,637
Cervical (Pap),2016,Jokioinen,169,65.7,151
Cervical (Pap),2018,Tampere,837,71.3,7659
Cervical (Pap),2018,Oulainen,563,71.1,217
Cervical (Pap),2023,Rauma,684,72.4,1553
Cervical (Pap),2011,Pelkosenniemi,583,81.4,35
Cervical (Pap),2016,Pello,854,81.5,119
Cervical (Pap),2013,Lumijoki,436,65.6,63
Cervical (Pap),2021,Petäjävesi,592,70.5,122
Cervical (Pap),2018,Veteli,924,74.6,94
Cervical (Pap),2020,Siikajoki,748,67.4,130
Cervical (Pap),2011,Suonenjoki,778,80.2,267
Cervical (Pap),2022,Laitila,400,74.8,297
Cervical (Pap),2022,Taivalkoski,832,76.7,132
Cervical (Pap),2024,Nivala,535,71,306
Cervical (Pap),2018,Ikaalinen,143,73.2,202
Cervical (Pap),2013,Vesilahti,922,71.1,135
Cervical (Pap),2011,Hanko,078,55.8,249
Cervical (Pap),2022,Asikkala,016,72.6,308
Cervical (Pap),2017,Vimpeli,934,74.8,86
Cervical (Pap),2020,Kuhmoinen,291,74.6,50
Cervical (Pap),2015,Kinnula,256,76.4,55
Cervical (Pap),2016,Utsjoki,890,62.5,30
Cervical (Pap),2011,Loimaa,430,72.7,569
Cervical (Pap),2013,Karvia,230,78.9,71
Cervical (Pap),2020,Myrskylä,504,56.3,45
Cervical (Pap),2014,Kempele,244,75.8,585
Cervical (Pap),2019,Luhanka,435,83.9,26
Cervical (Pap),2017,Ruovesi,702,62.6,114
Cervical (Pap),2014,Lohja,444,70.9,1639
Cervical (Pap),2014,Virrat,936,70.7,195
Cervical (Pap),2010,Heinola,111,70.5,758
Cervical (Pap),2021,Kauniainen,235,74.2,429
Cervical (Pap),2021,Kirkkonummi,257,73.6,1787
Cervical (Pap),2023,Toholampi,849,75.5,77
Cervical (Pap),2010,Kauhajoki,232,69.6,523
Cervical (Pap),2019,Kihniö,250,76.6,59
Cervical (Pap),2019,Iisalmi,140,62.4,547
Cervical (Pap),2021,Vihti,927,72.5,1284
Cervical (Pap),2020,Rautavaara,687,74.2,46
Cervical (Pap),2012,Inari,148,75.7,277
Cervical (Pap),2021,Urjala,887,70.3,130
Cervical (Pap),2023,Pihtipudas,601,55.4,113
Cervical (Pap),2012,Ylivieska,977,82.2,521
Cervical (Pap),2013,Reisjärvi,691,72.8,75
Cervical (Pap),2016,Taipalsaari,831,77,184
Cervical (Pap),2014,Humppila,103,66.3,67
Cervical (Pap),2019,Somero,761,71.4,260
Cervical (Pap),2010,Uusikaupunki,895,77.8,585
Cervical (Pap),2010,Lestijärvi,421,80.6,29
Cervical (Pap),2014,Vantaa,092,63.9,7164
Cervical (Pap),2022,Pyhäntä,630,61.9,39
Cervical (Pap),2020,Ypäjä,981,57.7,60
Cervical (Pap),2011,Rääkkylä,707,62.8,71
Cervical (Pap),2020,Karijoki,218,73.3,33
Cervical (Pap),2013,Taivassalo,833,70.8,51
Cervical (Pap),2022,Sodankylä,758,80.1,314
Cervical (Pap),2022,Konnevesi,275,58.7,74
Cervical (Pap),2024,Luoto,440,72.2,164
Cervical (Pap),2018,Korsnäs,280,76.5,75
Cervical (Pap),2013,Uurainen,892,80.8,135
Cervical (Pap),2020,Suomussalmi,777,77.9,286
Cervical (Pap),2012,Lappajärvi,403,71,93
Cervical (Pap),2011,Hyvinkää,106,62.6,1523
Cervical (Pap),2016,Pori,609,71.9,2703
Cervical (Pap),2013,Pyhäjärvi,626,67,142
Cervical (Pap),2015,Kaustinen,236,72.6,130
Cervical (Pap),2013,Asikkala,016,77.1,391
Cervical (Pap),2024,Haapavesi,071,70.9,195
Cervical (Pap),2016,Turku,853,73.6,6221
Cervical (Pap),2022,Kaarina,202,75.3,1472
Cervical (Pap),2023,Teuva,846,68.4,143
Cervical (Pap),2022,Keuruu,249,71,320
Cervical (Pap),2012,Ilomantsi,146,66,169
Cervical (Pap),2017,Parkano,581,77.7,199
Cervical (Pap),2024,Outokumpu,309,62.5,195
Cervical (Pap),2014,Muurame,500,74.9,355
Cervical (Pap),2010,Tuusula,858,53.9,1046
Cervical (Pap),2013,Pornainen,611,61.8,162
Cervical (Pap),2012,Paimio,577,63,351
Cervical (Pap),2024,Lumparland,438,80,12
Cervical (Pap),2014,Parainen,445,76.8,542
Cervical (Pap),2024,Ikaalinen,143,65.6,217
Cervical (Pap),2014,Hammarland,076,77.6,52
Cervical (Pap),2022,Pornainen,611,72.8,201
Cervical (Pap),2023,Hammarland,076,79.2,80
Cervical (Pap),2017,Inkoo,149,72.8,201
Cervical (Pap),2018,Pukkila,616,73.6,64
Cervical (Pap),2012,Sund,771,54.4,31
Cervical (Pap),2013,Leppävirta,420,53,255
Cervical (Pap),2010,Kaskinen,231,76.5,78
Cervical (Pap),2023,Ylöjärvi,980,73.1,1290
Cervical (Pap),2017,Rantasalmi,681,65.7,65
Cervical (Pap),2014,Pirkkala,604,74.5,697
Cervical (Pap),2020,Suonenjoki,778,77.9,225
Cervical (Pap),2010,Vaala,785,72.9,102
Cervical (Pap),2010,Kajaani,205,61.2,1226
Cervical (Pap),2024,Sulkava,768,77.5,79
Cervical (Pap),2019,Veteli,924,65.2,75
Cervical (Pap),2022,Pyhäjärvi,626,71,142
Cervical (Pap),2017,Maalahti,475,71.4,190
Cervical (Pap),2015,Heinävesi,090,73.4,94
Cervical (Pap),2013,Uusikaarlepyy,893,72.7,263
Cervical (Pap),2014,Suonenjoki,778,67.4,215
Cervical (Pap),2015,Aura,019,76.4,149
Cervical (Pap),2021,Hirvensalmi,097,79.3,69
Cervical (Pap),2021,Sund,771,70.5,31
Cervical (Pap),2010,Saltvik,736,52.9,45
Cervical (Pap),2019,Kaskinen,231,60.7,34
Cervical (Pap),2022,Merikarvia,484,74.6,103
Cervical (Pap),2023,Virolahti,935,75.6,130
Cervical (Pap),2017,Kitee,260,49.1,216
Cervical (Pap),2020,Toholampi,849,76.8,109
Cervical (Pap),2019,Taivalkoski,832,80,120
Cervical (Pap),2020,Kuhmo,290,76,314
Cervical (Pap),2020,Liperi,426,78.5,438
Cervical (Pap),2010,Joutsa,172,72,162
Cervical (Pap),2013,Keuruu,249,72.7,344
Cervical (Pap),2022,Evijärvi,052,76.5,78
Cervical (Pap),2015,Haapavesi,071,75.7,252
Cervical (Pap),2021,Pieksämäki,593,80.1,554
Cervical (Pap),2013,Loviisa,434,72.9,507
Cervical (Pap),2023,Kruunupyy,288,74.9,218
Cervical (Pap),2013,Sonkajärvi,762,65.5,114
Cervical (Pap),2016,Evijärvi,052,80.6,87
Cervical (Pap),2023,Muurame,500,76.1,426
Cervical (Pap),2013,Kaarina,202,83.8,1312
Cervical (Pap),2019,Forssa,061,74.2,489
Cervical (Pap),2018,Hausjärvi,086,67.5,266
Cervical (Pap),2020,Simo,751,77.8,77
Cervical (Pap),2022,Ii,139,69,312
Cervical (Pap),2019,Kajaani,205,73.7,1355
Cervical (Pap),2019,Vaala,785,58.9,56
Cervical (Pap),2013,Jokioinen,169,78.8,230
Cervical (Pap),2023,Parkano,581,65.9,180
Cervical (Pap),2017,Teuva,846,79.2,187
Cervical (Pap),2023,Enonkoski,046,76.1,35
Cervical (Pap),2014,Ranua,683,64,103
Cervical (Pap),2024,Savonlinna,740,83.2,1255
Cervical (Pap),2017,Muonio,498,70,84
Cervical (Pap),2019,Nakkila,531,77.5,220
Cervical (Pap),2024,Lapinlahti,402,65.7,297
Cervical (Pap),2023,Varkaus,915,79.3,722
Cervical (Pap),2017,Juva,178,83.3,200
Cervical (Pap),2019,Asikkala,016,76.3,225
Cervical (Pap),2022,Salo,734,75.6,1974
Cervical (Pap),2018,Ristijärvi,697,70.7,41
Cervical (Pap),2021,Luoto,440,76.8,182
Cervical (Pap),2013,Laitila,400,60.7,232
Cervical (Pap),2016,Pyhtää,624,81.9,245
Cervical (Pap),2020,Parainen,445,65.8,415
Cervical (Pap),2011,Vehmaa,918,70.4,81
Cervical (Pap),2014,Jämijärvi,181,76.8,76
Cervical (Pap),2024,Tyrnävä,859,70.4,195
Cervical (Pap),2015,Korsnäs,280,76.1,83
Cervical (Pap),2021,Pälkäne,635,76,184
Cervical (Pap),2022,Kokkola,272,73.7,1747
Cervical (Pap),2018,Kuortane,300,84.9,135
Cervical (Pap),2011,Humppila,103,80.6,100
Cervical (Pap),2011,Raasepori,710,53.9,789
Cervical (Pap),2011,Rautavaara,687,73.6,53
Cervical (Pap),2017,Jyväskylä,179,69.9,4287
Cervical (Pap),2016,Siikalatva,791,75.1,196
Cervical (Pap),2019,Lieksa,422,77.7,303
Cervical (Pap),2019,Naantali,529,78.7,702
Cervical (Pap),2013,Kuopio,297,59.2,3116
Cervical (Pap),2010,Kontiolahti,276,76.5,549
Cervical (Pap),2019,Kuopio,297,54.8,3487
Cervical (Pap),2012,Ulvila,886,65,413
Cervical (Pap),2022,Leppävirta,420,60.7,290
Cervical (Pap),2012,Kuusamo,305,77.2,559
Cervical (Pap),2012,Muhos,494,64.8,260
Cervical (Pap),2021,Lappeenranta,405,73.3,2329
Cervical (Pap),2020,Kärkölä,316,67.2,123
Cervical (Pap),2011,Marttila,480,65.9,56
Cervical (Pap),2015,Ikaalinen,143,67.3,208
Cervical (Pap),2014,Kruunupyy,288,74.7,192
Cervical (Pap),2016,Janakkala,165,73.1,553
Cervical (Pap),2011,Puolanka,620,80.3,98
Cervical (Pap),2016,Salo,734,79,1914
Cervical (Pap),2015,Ruokolahti,700,68.6,164
Cervical (Pap),2011,Mynämäki,503,62.4,216
Cervical (Pap),2021,Paimio,577,70.8,373
Cervical (Pap),2010,Miehikkälä,489,73.5,72
Cervical (Pap),2016,Oripää,561,80,44
Cervical (Pap),2022,Uusikaarlepyy,893,70.9,273
Cervical (Pap),2010,Pyhäranta,631,74.5,82
Cervical (Pap),2021,Ruokolahti,700,72,131
Cervical (Pap),2012,Koski Tl,284,72.2,65
Cervical (Pap),2018,Iisalmi,140,62.6,620
Cervical (Pap),2023,Nurmes,541,61.1,254
Cervical (Pap),2011,Kuhmo,290,67.2,289
Cervical (Pap),2013,Merikarvia,484,71.4,95
Cervical (Pap),2022,Oripää,561,79.6,43
Cervical (Pap),2022,Mäntyharju,507,72.3,237
Cervical (Pap),2018,Tyrnävä,859,65.1,194
Cervical (Pap),2024,Kauhava,233,79,531
Cervical (Pap),2016,Lahti,398,69.3,3699
Cervical (Pap),2014,Siikajoki,748,66.4,162
Cervical (Pap),2015,Rovaniemi,698,70.4,2062
Cervical (Pap),2015,Helsinki,091,66.8,31970
Cervical (Pap),2011,Myrskylä,504,67.1,55
Cervical (Pap),2021,Pöytyä,636,77.1,269
Cervical (Pap),2013,Vesanto,921,72.7,72
Cervical (Pap),2016,Orimattila,560,72.8,605
Cervical (Pap),2011,Rautalampi,686,77.4,120
Cervical (Pap),2018,Kauhajoki,232,73.7,442
Cervical (Pap),2018,Vaasa,905,74.2,2151
Cervical (Pap),2017,Kouvola,286,67.8,2554
Cervical (Pap),2020,Siilinjärvi,749,59,589
Cervical (Pap),2011,Harjavalta,079,79.3,260
Cervical (Pap),2015,Nivala,535,83.5,354
Cervical (Pap),2022,Laihia,399,75.5,324
Cervical (Pap),2020,Isokyrö,152,78.5,164
Cervical (Pap),2012,Nokia,536,67.2,1012
Cervical (Pap),2019,Vesilahti,922,75.1,148
Cervical (Pap),2016,Kokkola,272,70.3,1478
Cervical (Pap),2010,Tammela,834,76.7,230
Cervical (Pap),2022,Reisjärvi,691,73.1,79
Cervical (Pap),2019,Lumijoki,436,70.7,65
Cervical (Pap),2015,Lapinlahti,402,58.8,265
Cervical (Pap),2014,Rauma,684,58.6,1162
Cervical (Pap),2018,Kalajoki,208,82.1,471
Cervical (Pap),2011,Isokyrö,152,82.6,180
Cervical (Pap),2017,Keminmaa,241,73.6,256
Cervical (Pap),2015,Askola,018,48.8,105
Cervical (Pap),2012,Viitasaari,931,78.7,274
Cervical (Pap),2010,Iisalmi,140,64.6,694
Cervical (Pap),2015,Petäjävesi,592,69.5,121
Cervical (Pap),2013,Laihia,399,78.1,328
Cervical (Pap),2023,Ranua,683,74.8,110
Cervical (Pap),2024,Rovaniemi,698,79,2744
Cervical (Pap),2021,Luumäki,441,68.9,115
Cervical (Pap),2018,Lumparland,438,88.9,16
Cervical (Pap),2019,Sonkajärvi,762,64.4,103
Cervical (Pap),2017,Nousiainen,538,76.1,172
Cervical (Pap),2016,Joensuu,167,61,1893
Cervical (Pap),2019,Joroinen,171,69.3,151
Cervical (Pap),2020,Nurmijärvi,543,72.4,1665
Cervical (Pap),2012,Pöytyä,636,70.2,264
Cervical (Pap),2014,Enonkoski,046,76.5,52
Cervical (Pap),2024,Lapinjärvi,407,69.9,95
Cervical (Pap),2014,Kyyjärvi,312,71.2,42
Cervical (Pap),2022,Kolari,273,74.4,160
Cervical (Pap),2020,Pirkkala,604,73.4,674
Cervical (Pap),2022,Soini,759,64,64
Cervical (Pap),2014,Nurmes,541,56.3,240
Cervical (Pap),2013,Jomala,170,73.6,184
Cervical (Pap),2022,Jokioinen,169,75.3,198
Cervical (Pap),2016,Rautjärvi,689,73.2,109
Cervical (Pap),2019,Pyhäranta,631,73.7,56
Cervical (Pap),2021,Lappajärvi,403,72.1,80
Cervical (Pap),2018,Geta,065,72.7,24
Cervical (Pap),2011,Toivakka,850,69.9,79
Cervical (Pap),2017,Laukaa,410,71.7,620
Cervical (Pap),2021,Aura,019,82.5,137
Cervical (Pap),2018,Lieto,423,81.1,769
Cervical (Pap),2015,Luoto,440,72,157
Cervical (Pap),2021,Nokia,536,78.2,1273
Cervical (Pap),2018,Mikkeli,491,78.8,1766
Cervical (Pap),2020,Mynämäki,503,76.7,270
Cervical (Pap),2010,Nakkila,531,70.2,184
Cervical (Pap),2020,Rautalampi,686,72.7,96
Cervical (Pap),2014,Liperi,426,70.8,414
Cervical (Pap),2017,Parikkala,580,70.5,146
Cervical (Pap),2014,Toholampi,849,77.8,123
Cervical (Pap),2012,Kirkkonummi,257,49.6,1020
Cervical (Pap),2012,Imatra,153,71.3,1063
Cervical (Pap),2021,Kuusamo,305,75.3,427
Cervical (Pap),2011,Kärkölä,316,73,222
Cervical (Pap),2013,Mäntyharju,507,75,306
Cervical (Pap),2023,Kannus,217,77.6,191
Cervical (Pap),2010,Veteli,924,80.5,136
Cervical (Pap),2021,Ulvila,886,70.7,480
Cervical (Pap),2022,Hämeenlinna,109,71.5,2508
Cervical (Pap),2015,Sulkava,768,85.7,96
Cervical (Pap),2019,Taivassalo,833,72.1,44
Cervical (Pap),2012,Ylitornio,976,74.1,109
Cervical (Pap),2010,Lieksa,422,63.5,371
Cervical (Pap),2022,Pori,609,69.5,3311
Cervical (Pap),2012,Brändö,035,63.6,14
Cervical (Pap),2014,Hankasalmi,077,71.7,177
Cervical (Pap),2019,Akaa,020,66.1,510
Cervical (Pap),2016,Hämeenkyrö,108,68.4,347
Cervical (Pap),2016,Karstula,226,76.4,139
Cervical (Pap),2011,Kerava,245,59.1,1131
Cervical (Pap),2013,Taivalkoski,832,76.2,115
Cervical (Pap),2016,Pomarkku,608,72.6,69
Cervical (Pap),2016,Eurajoki,051,73.9,309
Cervical (Pap),2011,Simo,751,73.2,112
Cervical (Pap),2012,Lappeenranta,405,72.3,2537
Cervical (Pap),2018,Heinola,111,71.9,543
Cervical (Pap),2022,Loviisa,434,73.8,566
Cervical (Pap),2020,Hanko,078,68.7,287
Cervical (Pap),2019,Kontiolahti,276,74.3,511
Cervical (Pap),2016,Loppi,433,63.3,226
Cervical (Pap),2010,Sotkamo,765,64.7,369
Cervical (Pap),2012,Pieksämäki,593,72.1,602
Cervical (Pap),2016,Lempäälä,418,71.8,752
Cervical (Pap),2024,Heinävesi,090,63.5,99
Cervical (Pap),2014,Maarianhamina - Mariehamn,478,67,423
Cervical (Pap),2012,Savukoski,742,76.9,40
Cervical (Pap),2014,Virolahti,935,77.9,113
Cervical (Pap),2017,Rusko,704,76,238
Cervical (Pap),2014,Varkaus,915,75,651
Cervical (Pap),2021,Kaustinen,236,82.2,152
Cervical (Pap),2023,Tohmajärvi,848,58.5,127
Cervical (Pap),2021,Kinnula,256,76.3,45
Cervical (Pap),2023,Liminka,425,77.8,347
Cervical (Pap),2010,Posio,614,74.6,129
Cervical (Pap),2010,Föglö,062,53.3,16
Cervical (Pap),2017,Kittilä,261,69.5,210
Cervical (Pap),2019,Saltvik,736,80.5,62
Cervical (Pap),2015,Outokumpu,309,73.3,255
Cervical (Pap),2021,Ilomantsi,146,78,135
Cervical (Pap),2010,Hausjärvi,086,41.7,176
Cervical (Pap),2020,Lohja,444,68.1,1694
Cervical (Pap),2012,Hailuoto,072,47.1,24
Cervical (Pap),2016,Sodankylä,758,74,291
Cervical (Pap),2024,Pukkila,616,75.5,77
Cervical (Pap),2013,Kihniö,250,78,71
Cervical (Pap),2014,Kiuruvesi,263,76,288
Cervical (Pap),2024,Tampere,837,69.9,9417
Cervical (Pap),2018,Oulu,564,70.9,6190
Cervical (Pap),2013,Luhanka,435,72.4,21
Cervical (Pap),2016,Perho,584,85.6,101
Cervical (Pap),2018,Sauvo,738,71.7,104
Cervical (Pap),2013,Somero,761,72.4,294
Cervical (Pap),2018,Pudasjärvi,615,68.6,214
Cervical (Pap),2020,Kempele,244,77.7,623
Cervical (Pap),2015,Vihti,927,70.1,1082
Cervical (Pap),2020,Kivijärvi,265,69.7,23
Cervical (Pap),2020,Humppila,103,58.2,57
Cervical (Pap),2014,Karijoki,218,75.5,37
Cervical (Pap),2013,Ii,139,73.5,314
Cervical (Pap),2015,Kauniainen,235,67.6,294
Cervical (Pap),2020,Virrat,936,65.1,162
Cervical (Pap),2018,Vieremä,925,54.7,94
Cervical (Pap),2024,Korsnäs,280,68.9,73
Cervical (Pap),2011,Pedersören kunta,599,77.7,370
Cervical (Pap),2010,Oulainen,563,67.5,220
Cervical (Pap),2017,Pihtipudas,601,78.5,135
Cervical (Pap),2017,Kannonkoski,216,74.5,41
Cervical (Pap),2014,Ypäjä,981,75.9,82
Cervical (Pap),2023,Vimpeli,934,85.4,105
Cervical (Pap),2014,Suomussalmi,777,78.7,306
Cervical (Pap),2012,Keitele,239,73.9,88
Cervical (Pap),2019,Karvia,230,69.2,63
Cervical (Pap),2017,Hamina,075,83.1,743
Cervical (Pap),2012,Hirvensalmi,097,74.2,69
Cervical (Pap),2023,Rautalampi,686,59.8,70
Cervical (Pap),2018,Koski Tl,284,79,79
Cervical (Pap),2020,Kärsämäki,317,81.7,58
Cervical (Pap),2019,Porvoo,638,72,2155
Cervical (Pap),2012,Karvia,230,77.2,78
Cervical (Pap),2020,Pielavesi,595,80.2,130
Cervical (Pap),2023,Lumijoki,436,68.8,53
Cervical (Pap),2019,Vöyri,946,81.2,280
Cervical (Pap),2016,Akaa,020,66.3,510
Cervical (Pap),2014,Nousiainen,538,73.9,176
Cervical (Pap),2021,Ypäjä,981,63.1,65
Cervical (Pap),2024,Pori,609,65.9,3050
Cervical (Pap),2018,Hattula,082,70.3,303
Cervical (Pap),2021,Pelkosenniemi,583,77.1,27
Cervical (Pap),2015,Enontekiö,047,64.4,76
Cervical (Pap),2010,Kinnula,256,88.9,72
Cervical (Pap),2016,Vaala,785,64.6,73
Cervical (Pap),2021,Geta,065,75,15
Cervical (Pap),2012,Kaavi,204,64.8,94
Cervical (Pap),2019,Kinnula,256,60,24
Cervical (Pap),2010,Mäntyharju,507,72.9,328
Cervical (Pap),2022,Oulu,564,73.7,7636
Cervical (Pap),2013,Sysmä,781,72.7,128
Cervical (Pap),2022,Sysmä,781,67.1,116
Cervical (Pap),2020,Tuusniemi,857,46,46
Cervical (Pap),2011,Kempele,244,67,531
Cervical (Pap),2017,Kuopio,297,48.6,3162
Cervical (Pap),2024,Pyhäranta,631,78.4,69
Cervical (Pap),2013,Juuka,176,79.1,163
Cervical (Pap),2024,Lappajärvi,403,80.2,93
Cervical (Pap),2023,Viitasaari,931,59.8,168
Cervical (Pap),2010,Vöyri,946,68.6,245
Cervical (Pap),2015,Pori,609,73.3,2733
Cervical (Pap),2024,Raasepori,710,75.7,1123
Cervical (Pap),2023,Nousiainen,538,79.5,213
Cervical (Pap),2010,Paltamo,578,73.9,130
Cervical (Pap),2021,Tervo,844,67.2,43
Cervical (Pap),2010,Taivassalo,833,80,60
Cervical (Pap),2014,Rautalampi,686,75,102
Cervical (Pap),2019,Hollola,098,73,763
Cervical (Pap),2021,Karvia,230,65.7,69
Cervical (Pap),2014,Viitasaari,931,70.7,222
Cervical (Pap),2014,Lumijoki,436,65.3,66
Cervical (Pap),2017,Forssa,061,64.8,456
Cervical (Pap),2017,Posio,614,75,87
Cervical (Pap),2012,Kuortane,300,77.6,142
Cervical (Pap),2016,Lieksa,422,76.6,353
Cervical (Pap),2015,Lappajärvi,403,78.5,106
Cervical (Pap),2013,Lahti,398,77.3,4204
Cervical (Pap),2015,Iisalmi,140,67.9,674
Cervical (Pap),2010,Porvoo,638,67.1,1654
Cervical (Pap),2015,Padasjoki,576,72.4,92
Cervical (Pap),2022,Alavus,010,65.9,323
Cervical (Pap),2019,Siikalatva,791,68.9,164
Cervical (Pap),2023,Hämeenlinna,109,69,2412
Cervical (Pap),2012,Tervo,844,75.6,59
Cervical (Pap),2018,Rovaniemi,698,72.4,2203
Cervical (Pap),2012,Sipoo,753,48.2,431
Cervical (Pap),2022,Kouvola,286,73.6,3228
Cervical (Pap),2012,Ypäjä,981,61.2,60
Cervical (Pap),2019,Mäntyharju,507,71.2,213
Cervical (Pap),2021,Pukkila,616,67.4,60
Cervical (Pap),2019,Siikajoki,748,67.5,141
Cervical (Pap),2014,Kokemäki,271,84.5,300
Cervical (Pap),2021,Loppi,433,72.1,230
Cervical (Pap),2012,Pelkosenniemi,583,89.2,33
Cervical (Pap),2011,Hartola,081,66,101
Cervical (Pap),2024,Eurajoki,051,83.4,383
Cervical (Pap),2019,Kumlinge,295,90,9
Cervical (Pap),2023,Savukoski,742,63.4,26
Cervical (Pap),2018,Kerava,245,72.4,1296
Cervical (Pap),2019,Paltamo,578,74.1,129
Cervical (Pap),2017,Siilinjärvi,749,56.2,562
Cervical (Pap),2019,Ikaalinen,143,71.5,203
Cervical (Pap),2020,Brändö,035,65,13
Cervical (Pap),2018,Puumala,623,76.8,63
Cervical (Pap),2011,Vesanto,921,74.3,75
Cervical (Pap),2022,Kemiönsaari,322,70.6,199
Cervical (Pap),2013,Isojoki,151,80.3,61
Cervical (Pap),2020,Vårdö,941,92.3,12
Cervical (Pap),2012,Punkalaidun,619,82.2,111
Cervical (Pap),2017,Kirkkonummi,257,71.2,1490
Cervical (Pap),2020,Närpiö,545,74.5,369
Cervical (Pap),2018,Saltvik,736,71.4,55
Cervical (Pap),2021,Kitee,260,70.4,271
Cervical (Pap),2022,Heinola,111,71.9,626
Cervical (Pap),2010,Virolahti,935,74.3,130
Cervical (Pap),2014,Kauhava,233,77.9,528
Cervical (Pap),2022,Pyhäjoki,625,69.6,94
Cervical (Pap),2017,Loimaa,430,76.6,488
Cervical (Pap),2021,Hyvinkää,106,69.9,1998
Cervical (Pap),2019,Keminmaa,241,70.9,229
Cervical (Pap),2016,Nurmijärvi,543,68.7,1741
Cervical (Pap),2010,Luumäki,441,60.2,150
Cervical (Pap),2018,Valkeakoski,908,70.2,623
Cervical (Pap),2022,Somero,761,75.4,297
Cervical (Pap),2019,Luumäki,441,69.4,134
Cervical (Pap),2021,Lemi,416,65.4,87
Cervical (Pap),2024,Miehikkälä,489,68,68
Cervical (Pap),2021,Kaavi,204,79.5,66
Cervical (Pap),2022,Ähtäri,989,70.3,163
Cervical (Pap),2015,Jyväskylä,179,68.9,4087
Cervical (Pap),2011,Lohja,444,58.9,1447
Cervical (Pap),2024,Padasjoki,576,62.6,67
Cervical (Pap),2015,Kemi,240,69.3,630
Cervical (Pap),2011,Kärsämäki,317,90.3,121
Cervical (Pap),2014,Kustavi,304,79.1,34
Cervical (Pap),2020,Pöytyä,636,70.7,246
Cervical (Pap),2017,Järvenpää,186,75.9,1661
Cervical (Pap),2010,Myrskylä,504,73.3,63
Cervical (Pap),2020,Alajärvi,005,78.8,282
Cervical (Pap),2022,Kangasala,211,74.9,1332
Cervical (Pap),2012,Loppi,433,76.2,317
Cervical (Pap),2011,Tuusniemi,857,66.7,80
Cervical (Pap),2011,Närpiö,545,66.8,369
Cervical (Pap),2017,Salla,732,75.7,87
Cervical (Pap),2010,Hammarland,076,58.8,40
Cervical (Pap),2014,Tohmajärvi,848,52.7,118
Cervical (Pap),2012,Tampere,837,66,6550
Cervical (Pap),2020,Hartola,081,64,55
Cervical (Pap),2014,Nivala,535,80.3,321
Cervical (Pap),2023,Reisjärvi,691,69,69
Cervical (Pap),2023,Utajärvi,889,61.6,69
Cervical (Pap),2023,Kokemäki,271,81.9,285
Cervical (Pap),2012,Karkkila,224,58,264
Cervical (Pap),2023,Uurainen,892,68.9,111
Cervical (Pap),2010,Kuhmoinen,291,70.6,77
Cervical (Pap),2017,Orimattila,560,70.5,529
Cervical (Pap),2016,Hanko,078,64.3,257
Cervical (Pap),2019,Raahe,678,74.2,726
Cervical (Pap),2013,Oulu,564,66.2,5702
Cervical (Pap),2016,Keitele,239,70.6,72
Cervical (Pap),2021,Orivesi,562,72.7,282
Cervical (Pap),2021,Sipoo,753,71.1,915
Cervical (Pap),2012,Geta,065,69.2,18
Cervical (Pap),2012,Pukkila,616,74.5,70
Cervical (Pap),2011,Jomala,170,72.9,148
Cervical (Pap),2020,Turku,853,70.4,7194
Cervical (Pap),2024,Iisalmi,140,80.5,817
Cervical (Pap),2013,Nokia,536,67.9,993
Cervical (Pap),2010,Siikajoki,748,63,153
Cervical (Pap),2013,Sauvo,738,72.1,111
Cervical (Pap),2022,Lahti,398,71.6,4513
Cervical (Pap),2013,Vieremä,925,51.1,93
Cervical (Pap),2018,Tuusula,858,73,1484
Cervical (Pap),2017,Joutsa,172,69.5,121
Cervical (Pap),2019,Jämijärvi,181,84.1,74
Cervical (Pap),2024,Ylitornio,976,86,147
Cervical (Pap),2019,Myrskylä,504,67.1,47
Cervical (Pap),2011,Inari,148,69.4,159
Cervical (Pap),2011,Alajärvi,005,83.7,396
Cervical (Pap),2021,Hailuoto,072,68.8,22
Cervical (Pap),2017,Virrat,936,63.9,149
Cervical (Pap),2022,Hyrynsalmi,105,72.4,63
Cervical (Pap),2022,Kauniainen,235,73,441
Cervical (Pap),2010,Joroinen,171,80.9,225
Cervical (Pap),2023,Iitti,142,72.8,219
Cervical (Pap),2014,Vimpeli,934,72,121
Cervical (Pap),2023,Kiuruvesi,263,84.6,319
Cervical (Pap),2021,Äänekoski,992,72.1,517
Cervical (Pap),2015,Pälkäne,635,61.9,182
Cervical (Pap),2018,Ruovesi,702,55.1,92
Cervical (Pap),2021,Imatra,153,73.5,797
Cervical (Pap),2020,Saarijärvi,729,69.9,251
Cervical (Pap),2024,Jyväskylä,179,71.1,5334
Cervical (Pap),2023,Karijoki,218,81,34
Cervical (Pap),2021,Maalahti,475,72.4,186
Cervical (Pap),2013,Heinola,111,73.3,622
Cervical (Pap),2015,Tornio,851,73,715
Cervical (Pap),2010,Mikkeli,491,76.7,1955
Cervical (Pap),2014,Reisjärvi,691,69.6,80
Cervical (Pap),2023,Luoto,440,81.4,188
Cervical (Pap),2019,Huittinen,102,72.1,369
Cervical (Pap),2017,Jämsä,182,65.4,583
Cervical (Pap),2010,Keminmaa,241,76.2,301
Cervical (Pap),2015,Halsua,074,78.4,40
Cervical (Pap),2024,Rautjärvi,689,78.7,107
Cervical (Pap),2017,Tammela,834,65.9,178
Cervical (Pap),2014,Utajärvi,889,73.4,91
Cervical (Pap),2012,Hyvinkää,106,60.1,1400
Cervical (Pap),2022,Merijärvi,483,71.4,35
Cervical (Pap),2016,Eura,050,83.6,479
Cervical (Pap),2016,Kangasniemi,213,74.6,159
Cervical (Pap),2024,Urjala,887,68.1,147
Cervical (Pap),2011,Saarijärvi,729,77.7,384
Cervical (Pap),2017,Korsnäs,280,74.5,70
Cervical (Pap),2016,Sotkamo,765,71.3,375
Cervical (Pap),2013,Oripää,561,78.3,54
Cervical (Pap),2011,Sastamala,790,73.2,842
Cervical (Pap),2013,Salo,734,63.6,1600
Cervical (Pap),2022,Vieremä,925,71.5,113
Cervical (Pap),2024,Pälkäne,635,72.2,228
Cervical (Pap),2019,Uusikaarlepyy,893,72.7,234
Cervical (Pap),2018,Isokyrö,152,76.7,158
Cervical (Pap),2017,Humppila,103,67,65
Cervical (Pap),2020,Puolanka,620,70.4,88
Cervical (Pap),2012,Lemi,416,72.6,90
Cervical (Pap),2013,Ylöjärvi,980,66.8,970
Cervical (Pap),2022,Sauvo,738,77.9,106
Cervical (Pap),2011,Kittilä,261,67.7,220
Cervical (Pap),2014,Kuhmo,290,77.1,324
Cervical (Pap),2024,Lieto,423,84.6,958
Cervical (Pap),2024,Liperi,426,70.4,421
Cervical (Pap),2014,Mynämäki,503,71.4,262
Cervical (Pap),2013,Merijärvi,483,78.3,36
Cervical (Pap),2011,Evijärvi,052,75.4,86
Cervical (Pap),2010,Vesilahti,922,58.3,116
Cervical (Pap),2020,Kaskinen,231,69.6,48
Cervical (Pap),2017,Multia,495,64.3,45
Cervical (Pap),2024,Tornio,851,81.7,769
Cervical (Pap),2013,Pyhäjoki,625,73.9,99
Cervical (Pap),2020,Hirvensalmi,097,60.5,49
Cervical (Pap),2020,Jomala,170,84.7,243
Cervical (Pap),2023,Nivala,535,75.3,323
Cervical (Pap),2017,Veteli,924,69.2,74
Cervical (Pap),2014,Iitti,142,75.4,242
Cervical (Pap),2022,Muonio,498,67.7,90
Cervical (Pap),2014,Eckerö,043,78.6,44
Cervical (Pap),2015,Jokioinen,169,60.8,149
Cervical (Pap),2022,Rantasalmi,681,73.8,110
Cervical (Pap),2010,Raahe,678,69.3,783
Cervical (Pap),2023,Taivalkoski,832,81,119
Cervical (Pap),2014,Kotka,285,73,2071
Cervical (Pap),2022,Juuka,176,65.7,130
Cervical (Pap),2010,Hollola,098,72.5,1038
Cervical (Pap),2023,Asikkala,016,70.5,279
Cervical (Pap),2023,Hamina,075,79.5,832
Cervical (Pap),2023,Kustavi,304,66.7,32
Cervical (Pap),2024,Kemi,240,82.4,763
Cervical (Pap),2015,Kannus,217,81,196
Cervical (Pap),2023,Maarianhamina - Mariehamn,478,77.1,487
Cervical (Pap),2013,Ähtäri,989,70.9,200
Cervical (Pap),2019,Tuusula,858,74.3,1786
Cervical (Pap),2018,Kumlinge,295,87.5,7
Cervical (Pap),2019,Rautavaara,687,61,36
Cervical (Pap),2019,Finström,060,79.8,95
Cervical (Pap),2010,Jämijärvi,181,77.7,73
Cervical (Pap),2017,Raisio,680,73.8,859
Cervical (Pap),2020,Tervola,845,60.9,70
Cervical (Pap),2020,Karstula,226,79.6,117
Cervical (Pap),2016,Liminka,425,75.1,331
Cervical (Pap),2021,Suomussalmi,777,78.7,285
Cervical (Pap),2024,Enontekiö,047,80.2,73
Cervical (Pap),2015,Taipalsaari,831,73.3,181
Cervical (Pap),2020,Marttila,480,70.1,61
Cervical (Pap),2023,Alavieska,009,78.8,78
Cervical (Pap),2023,Inkoo,149,73.6,201
Cervical (Pap),2019,Valkeakoski,908,71.2,622
Cervical (Pap),2013,Vantaa,092,63,6878
Cervical (Pap),2022,Rautavaara,687,73.2,52
Cervical (Pap),2012,Parkano,581,72.6,223
Cervical (Pap),2019,Leppävirta,420,51,204
Cervical (Pap),2024,Hämeenkyrö,108,67.7,360
Cervical (Pap),2019,Kuhmoinen,291,77.6,59
Cervical (Pap),2013,Alavus,010,72.1,346
Cervical (Pap),2014,Hämeenlinna,109,66.7,1961
Cervical (Pap),2014,Uurainen,892,72.9,105
Cervical (Pap),2017,Lapua,408,84.3,526
Cervical (Pap),2011,Pielavesi,595,71.1,106
Cervical (Pap),2023,Rusko,704,86.3,359
Cervical (Pap),2015,Kontiolahti,276,64.2,476
Cervical (Pap),2015,Miehikkälä,489,69.5,57
Cervical (Pap),2012,Mustasaari,499,71.5,608
Cervical (Pap),2010,Seinäjoki,743,81.7,2554
Cervical (Pap),2020,Vesanto,921,67.2,41
Cervical (Pap),2021,Vaasa,905,75.7,2204
Cervical (Pap),2015,Pyhäranta,631,66.4,71
Cervical (Pap),2016,Nakkila,531,85.9,225
Cervical (Pap),2017,Sievi,746,72.3,125
Cervical (Pap),2019,Ii,139,75.8,320
Cervical (Pap),2011,Ylivieska,977,77,472
Cervical (Pap),2012,Kristiinankaupunki,287,77.1,246
Cervical (Pap),2018,Pietarsaari,598,72.1,663
Cervical (Pap),2020,Pornainen,611,71.1,194
Cervical (Pap),2016,Ilomantsi,146,61.2,134
Cervical (Pap),2022,Toholampi,849,88.9,120
Cervical (Pap),2016,Ylöjärvi,980,74.1,1146
Cervical (Pap),2012,Aura,019,77.6,159
Cervical (Pap),2021,Ristijärvi,697,69.4,34
Cervical (Pap),2013,Kivijärvi,265,80.4,41
Cervical (Pap),2014,Soini,759,89.6,69
Cervical (Pap),2019,Kerava,245,72.3,1654
Cervical (Pap),2023,Vehmaa,918,68.5,76
Cervical (Pap),2021,Kuortane,300,69.8,88
Cervical (Pap),2024,Rauma,684,72.9,1494
Cervical (Pap),2010,Kokkola,272,73.1,1550
Cervical (Pap),2016,Mänttä-Vilppula,508,68.5,315
Cervical (Pap),2010,Merijärvi,483,76.6,36
Cervical (Pap),2016,Outokumpu,309,71.7,193
Cervical (Pap),2021,Pyhäjärvi,626,72.4,131
Cervical (Pap),2021,Lapinjärvi,407,73,119
Cervical (Pap),2013,Nakkila,531,79.6,176
Cervical (Pap),2024,Ristijärvi,697,67.3,37
Cervical (Pap),2011,Karijoki,218,77,67
Cervical (Pap),2023,Ylivieska,977,78.1,571
Cervical (Pap),2024,Karkkila,224,74.7,364
Cervical (Pap),2020,Vihti,927,71.4,1160
Cervical (Pap),2020,Lemland,417,76.6,85
Cervical (Pap),2015,Perho,584,82.1,69
Cervical (Pap),2010,Kauniainen,235,54,215
Cervical (Pap),2023,Kemijärvi,320,73.1,239
Cervical (Pap),2017,Eckerö,043,77.5,31
Cervical (Pap),2010,Kangasala,211,60.1,832
Cervical (Pap),2014,Pihtipudas,601,73.9,136
Cervical (Pap),2023,Evijärvi,052,76.8,96
Cervical (Pap),2019,Rovaniemi,698,73.9,2171
Cervical (Pap),2020,Paimio,577,66.7,354
Cervical (Pap),2021,Parainen,445,68.7,460
Cervical (Pap),2016,Kannonkoski,216,67.9,38
Cervical (Pap),2018,Porvoo,638,73.1,1756
Cervical (Pap),2020,Taivalkoski,832,80.3,114
Cervical (Pap),2012,Pälkäne,635,62.5,198
Cervical (Pap),2024,Aura,019,74.6,144
Cervical (Pap),2014,Sastamala,790,70.3,768
Cervical (Pap),2019,Koski Tl,284,75.5,77
Cervical (Pap),2013,Pudasjärvi,615,71.4,245
Cervical (Pap),2014,Multia,495,70.8,51
Cervical (Pap),2020,Ranua,683,71.3,92
Cervical (Pap),2015,Kauhajoki,232,71.9,500
Cervical (Pap),2019,Toholampi,849,78.7,100
Cervical (Pap),2021,Lieto,423,67,664
Cervical (Pap),2011,Vimpeli,934,88.8,135
Cervical (Pap),2014,Asikkala,016,77.5,334
Cervical (Pap),2015,Pieksämäki,593,77.6,629
Cervical (Pap),2016,Rantasalmi,681,69.7,69
Cervical (Pap),2019,Merijärvi,483,90.5,38
Cervical (Pap),2021,Heinävesi,090,81.7,103
Cervical (Pap),2023,Kotka,285,76.4,2087
Cervical (Pap),2010,Kerava,245,61,1188
Cervical (Pap),2013,Kokkola,272,70.7,1373
Cervical (Pap),2014,Vehmaa,918,72,77
Cervical (Pap),2013,Ilomantsi,146,62.3,134
Cervical (Pap),2011,Pello,854,82.3,153
Cervical (Pap),2023,Multia,495,55.9,33
Cervical (Pap),2024,Teuva,846,77.4,168
Cervical (Pap),2019,Kokkola,272,71.9,1422
Cervical (Pap),2016,Juva,178,79.2,202
Cervical (Pap),2020,Asikkala,016,66.1,201
Cervical (Pap),2020,Utsjoki,890,73,46
Cervical (Pap),2010,Valkeakoski,908,73.2,666
Cervical (Pap),2017,Oulainen,563,69.5,210
Cervical (Pap),2018,Mäntyharju,507,69.8,203
Cervical (Pap),2017,Maarianhamina - Mariehamn,478,74.3,466
Cervical (Pap),2024,Lempäälä,418,77.6,1025
Cervical (Pap),2014,Saarijärvi,729,58.4,278
Cervical (Pap),2017,Kiuruvesi,263,55.5,196
Cervical (Pap),2012,Kankaanpää,214,72.6,417
Cervical (Pap),2023,Lohja,444,73.5,1859
Cervical (Pap),2023,Pornainen,611,68.8,187
Cervical (Pap),2013,Hammarland,076,76.1,67
Cervical (Pap),2024,Perho,584,73.5,83
Cervical (Pap),2017,Kotka,285,66.6,1553
Cervical (Pap),2010,Somero,761,56.5,230
Cervical (Pap),2018,Kinnula,256,86.7,52
Cervical (Pap),2011,Kajaani,205,61.2,1204
Cervical (Pap),2012,Heinävesi,090,70.5,105
Cervical (Pap),2018,Haapavesi,071,75.1,238
Cervical (Pap),2021,Jokioinen,169,72.7,152
Cervical (Pap),2024,Kalajoki,208,71.2,423
Cervical (Pap),2024,Vaasa,905,71.6,2285
Cervical (Pap),2024,Pieksämäki,593,83.6,747
Cervical (Pap),2017,Kyyjärvi,312,80,36
Cervical (Pap),2018,Jyväskylä,179,72.3,4422
Cervical (Pap),2012,Juupajoki,177,57.9,44
Cervical (Pap),2021,Merikarvia,484,73.1,114
Cervical (Pap),2019,Muhos,494,74.3,321
Cervical (Pap),2018,Kuhmoinen,291,72.6,69
Cervical (Pap),2013,Seinäjoki,743,80.4,2511
Cervical (Pap),2018,Taivassalo,833,70,49
Cervical (Pap),2014,Loimaa,430,79.4,512
Cervical (Pap),2020,Vehmaa,918,57,57
Cervical (Pap),2020,Vimpeli,934,86.7,91
Cervical (Pap),2020,Hamina,075,77.8,864
Cervical (Pap),2020,Muurame,500,70.8,317
Cervical (Pap),2023,Vesanto,921,64,55
Cervical (Pap),2017,Hausjärvi,086,66.7,275
Cervical (Pap),2019,Pietarsaari,598,72.2,657
Cervical (Pap),2012,Kärkölä,316,72.4,215
Cervical (Pap),2018,Finström,060,82.8,111
Cervical (Pap),2013,Toholampi,849,78.4,98
Cervical (Pap),2021,Kärkölä,316,71.6,146
Cervical (Pap),2014,Kemijärvi,320,74.7,242
Cervical (Pap),2017,Soini,759,85.4,82
Cervical (Pap),2017,Janakkala,165,73.7,544
Cervical (Pap),2016,Kaarina,202,70.8,1167
Cervical (Pap),2016,Hyrynsalmi,105,70.3,64
Cervical (Pap),2019,Heinola,111,74.8,586
Cervical (Pap),2020,Pello,854,72,90
Cervical (Pap),2017,Hankasalmi,077,75.5,173
Cervical (Pap),2010,Kivijärvi,265,82.1,32
Cervical (Pap),2012,Lapinjärvi,407,72,90
Cervical (Pap),2012,Pyhäjärvi,626,66.4,140
Cervical (Pap),2011,Lemland,417,55.6,60
Cervical (Pap),2020,Lappeenranta,405,70.7,2210
Cervical (Pap),2012,Jokioinen,169,74.8,190
Cervical (Pap),2024,Imatra,153,75.2,979
Cervical (Pap),2013,Föglö,062,73.9,17
Cervical (Pap),2010,Rautavaara,687,78.9,60
Cervical (Pap),2016,Ähtäri,989,73.3,198
Cervical (Pap),2012,Savitaipale,739,74.5,114
Cervical (Pap),2024,Parkano,581,64.8,186
Cervical (Pap),2021,Kankaanpää,214,81.5,545
Cervical (Pap),2020,Luoto,440,81.3,195
Cervical (Pap),2017,Pyhtää,624,71.2,215
Cervical (Pap),2014,Ruokolahti,700,80.4,209
Cervical (Pap),2021,Laihia,399,81.4,284
Cervical (Pap),2018,Joroinen,171,54.6,119
Cervical (Pap),2011,Utsjoki,890,69,40
Cervical (Pap),2017,Tyrnävä,859,65.4,206
Cervical (Pap),2024,Masku,481,79.1,421
Cervical (Pap),2013,Jämijärvi,181,76.2,64
Cervical (Pap),2014,Korsnäs,280,66.4,71
Cervical (Pap),2014,Inkoo,149,69.4,175
Cervical (Pap),2013,Kuusamo,305,79.1,572
Cervical (Pap),2023,Tyrnävä,859,70.8,199
Cervical (Pap),2018,Masku,481,74.7,367
Cervical (Pap),2021,Harjavalta,079,75.8,247
Cervical (Pap),2016,Pedersören kunta,599,75.2,369
Cervical (Pap),2021,Kemi,240,72.9,619
Cervical (Pap),2020,Kittilä,261,75.5,234
Cervical (Pap),2017,Nurmes,541,68.7,266
Cervical (Pap),2018,Luhanka,435,60.6,20
Cervical (Pap),2016,Simo,751,68,87
Cervical (Pap),2018,Kihniö,250,59.5,50
Cervical (Pap),2024,Kontiolahti,276,70.8,588
Cervical (Pap),2020,Siuntio,755,70.2,226
Cervical (Pap),2017,Parainen,445,71.6,494
Cervical (Pap),2010,Kouvola,286,76.6,3465
Cervical (Pap),2024,Sund,771,91.7,44
Cervical (Pap),2023,Kempele,244,78.9,761
Cervical (Pap),2019,Seinäjoki,743,78.8,2329
Cervical (Pap),2018,Myrskylä,504,71.3,67
Cervical (Pap),2011,Ulvila,886,70.1,465
Cervical (Pap),2024,Puumala,623,90.7,88
Cervical (Pap),2014,Kuopio,297,56.9,3097
Cervical (Pap),2018,Vesilahti,922,74.5,137
Cervical (Pap),2011,Kokemäki,271,80.1,285
Cervical (Pap),2023,Soini,759,70.9,61
Cervical (Pap),2016,Vihti,927,70.1,1103
Cervical (Pap),2011,Hirvensalmi,097,75.5,74
Cervical (Pap),2012,Maalahti,475,75.3,186
Cervical (Pap),2023,Raisio,680,79,1151
Cervical (Pap),2022,Kuusamo,305,72.8,546
Cervical (Pap),2011,Muurame,500,71,328
Cervical (Pap),2016,Parikkala,580,70.4,140
Cervical (Pap),2014,Luoto,440,68.8,139
Cervical (Pap),2015,Koski Tl,284,68.4,65
Cervical (Pap),2023,Kuhmo,290,75.5,250
Cervical (Pap),2021,Savitaipale,739,72.3,81
Cervical (Pap),2010,Ii,139,64.2,272
Cervical (Pap),2012,Merikarvia,484,57.3,82
Cervical (Pap),2018,Padasjoki,576,70,77
Cervical (Pap),2010,Uusikaarlepyy,893,79.3,256
Cervical (Pap),2011,Karstula,226,80.6,158
Cervical (Pap),2015,Liperi,426,70.3,429
Cervical (Pap),2019,Kauhajoki,232,75.1,407
Cervical (Pap),2013,Siikajoki,748,68.9,157
Cervical (Pap),2013,Kemiönsaari,322,70.7,220
Cervical (Pap),2016,Toivakka,850,72.4,71
Cervical (Pap),2016,Muonio,498,69.8,97
Cervical (Pap),2010,Leppävirta,420,52.9,253
Cervical (Pap),2010,Ruovesi,702,62.1,113
Cervical (Pap),2015,Sund,771,66.7,30
Cervical (Pap),2013,Virolahti,935,80.9,140
Cervical (Pap),2024,Kannus,217,73.2,169
Cervical (Pap),2020,Kajaani,205,74.5,1334
Cervical (Pap),2011,Vårdö,941,63.2,12
Cervical (Pap),2022,Porvoo,638,74.4,2278
Cervical (Pap),2018,Teuva,846,77.8,151
Cervical (Pap),2015,Ylitornio,976,73.3,140
Cervical (Pap),2014,Hamina,075,76.5,711
Cervical (Pap),2016,Kouvola,286,67.8,2509
Cervical (Pap),2012,Harjavalta,079,79.5,290
Cervical (Pap),2015,Hämeenkyrö,108,74.6,379
Cervical (Pap),2020,Lumijoki,436,75.3,64
Cervical (Pap),2022,Taivassalo,833,74.4,67
Cervical (Pap),2011,Siuntio,755,53.7,187
Cervical (Pap),2012,Raasepori,710,49.1,637
Cervical (Pap),2023,Humppila,103,65.5,72
Cervical (Pap),2015,Rauma,684,58.9,1139
Cervical (Pap),2014,Alavieska,009,85.7,102
Cervical (Pap),2014,Närpiö,545,69.3,341
Cervical (Pap),2018,Keminmaa,241,74.7,289
Cervical (Pap),2021,Kolari,273,70.4,138
Cervical (Pap),2016,Askola,018,66,169
Cervical (Pap),2014,Kärsämäki,317,84.9,79
Cervical (Pap),2021,Punkalaidun,619,74.5,73
Cervical (Pap),2012,Laihia,399,80.4,336
Cervical (Pap),2019,Pyhäjoki,625,68.8,66
Cervical (Pap),2016,Lapinlahti,402,55.2,265
Cervical (Pap),2020,Ulvila,886,67.7,477
Cervical (Pap),2011,Tohmajärvi,848,63.9,145
Cervical (Pap),2010,Finström,060,57.7,64
Cervical (Pap),2012,Orivesi,562,63.1,274
Cervical (Pap),2021,Tampere,837,73.9,8352
Cervical (Pap),2022,Föglö,062,90,18
Cervical (Pap),2022,Luumäki,441,71.2,153
Cervical (Pap),2015,Imatra,153,71,949
Cervical (Pap),2014,Rusko,704,75.4,221
Cervical (Pap),2023,Mynämäki,503,73.7,288
Cervical (Pap),2011,Pöytyä,636,80.5,318
Cervical (Pap),2020,Sastamala,790,68.6,665
Cervical (Pap),2015,Tuusula,858,72.6,1485
Cervical (Pap),2015,Ypäjä,981,60.7,68
Cervical (Pap),2016,Savonlinna,740,75.8,1008
Cervical (Pap),2023,Eckerö,043,81.4,35
Cervical (Pap),2019,Kivijärvi,265,82.5,33
Cervical (Pap),2014,Jomala,170,76.4,188
Cervical (Pap),2022,Nokia,536,75.5,1437
Cervical (Pap),2013,Siikalatva,791,73.9,198
Cervical (Pap),2019,Mikkeli,491,79.3,1748
Cervical (Pap),2015,Rautjärvi,689,72,116
Cervical (Pap),2024,Hattula,082,72.1,344
Cervical (Pap),2010,Rovaniemi,698,69.1,1957
Cervical (Pap),2015,Sodankylä,758,80.1,313
Cervical (Pap),2023,Korsnäs,280,82.3,79
Cervical (Pap),2011,Turku,853,83.6,6995
Cervical (Pap),2019,Lahti,398,69.9,3605
Cervical (Pap),2016,Laukaa,410,69.4,572
Cervical (Pap),2011,Ranua,683,64.8,114
Cervical (Pap),2022,Vantaa,092,68.3,10222
Cervical (Pap),2015,Lieto,423,75.5,693
Cervical (Pap),2015,Geta,065,58.3,14
Cervical (Pap),2016,Laitila,400,71,276
Cervical (Pap),2011,Kruunupyy,288,79.2,266
Cervical (Pap),2012,Kitee,260,55.3,272
Cervical (Pap),2021,Pori,609,67.9,3116
Cervical (Pap),2022,Vaala,785,80.3,110
Cervical (Pap),2016,Siikainen,747,70.3,45
Cervical (Pap),2015,Vaasa,905,77.1,2227
Cervical (Pap),2016,Marttila,480,65.2,60
Cervical (Pap),2015,Eurajoki,051,72.8,300
Cervical (Pap),2016,Helsinki,091,68.6,31921
Cervical (Pap),2022,Nakkila,531,80.3,237
Cervical (Pap),2022,Isojoki,151,71.2,74
Cervical (Pap),2011,Brändö,035,40.9,9
Cervical (Pap),2015,Kalajoki,208,79.5,472
Cervical (Pap),2015,Urjala,887,55.9,127
Cervical (Pap),2023,Lapua,408,80.1,563
Cervical (Pap),2014,Pornainen,611,58.9,152
Cervical (Pap),2022,Hammarland,076,70.1,61
Cervical (Pap),2011,Lappeenranta,405,74.4,2630
Cervical (Pap),2014,Taivalkoski,832,83,151
Cervical (Pap),2014,Vesanto,921,62.1,54
Cervical (Pap),2011,Paimio,577,69.1,391
Cervical (Pap),2010,Kumlinge,295,61.9,13
Cervical (Pap),2016,Konnevesi,275,64.7,75
Cervical (Pap),2010,Pietarsaari,598,36.9,378
Cervical (Pap),2015,Kuortane,300,87.1,148
Cervical (Pap),2011,Enonkoski,046,71.9,46
Cervical (Pap),2015,Lempäälä,418,70.4,742
Cervical (Pap),2011,Savukoski,742,78.4,40
Cervical (Pap),2022,Ilomantsi,146,71.1,172
Cervical (Pap),2022,Ylöjärvi,980,76.9,1403
Cervical (Pap),2016,Pyhäntä,630,84.5,60
Cervical (Pap),2011,Hausjärvi,086,64.6,265
Cervical (Pap),2010,Ikaalinen,143,71.7,241
Cervical (Pap),2023,Kauhava,233,80,564
Cervical (Pap),2015,Ristijärvi,697,69.2,45
Cervical (Pap),2021,Juupajoki,177,69,40
Cervical (Pap),2011,Kaskinen,231,74.2,69
Cervical (Pap),2022,Kinnula,256,87.5,49
Cervical (Pap),2011,Viitasaari,931,76.5,250
Cervical (Pap),2018,Kuusamo,305,75,481
Cervical (Pap),2023,Puolanka,620,75.2,82
Cervical (Pap),2013,Mikkeli,491,76.4,1795
Cervical (Pap),2011,Soini,759,79.6,74
Cervical (Pap),2014,Karstula,226,80.5,136
Cervical (Pap),2016,Heinola,111,73.1,593
Cervical (Pap),2012,Kihniö,250,78.8,67
Cervical (Pap),2022,Liminka,425,79.9,377
Cervical (Pap),2019,Hämeenkyrö,108,72.6,337
Cervical (Pap),2021,Kannus,217,78.6,154
Cervical (Pap),2016,Kivijärvi,265,79.5,31
Cervical (Pap),2013,Eura,050,79.3,448
Cervical (Pap),2015,Orivesi,562,69,281
Cervical (Pap),2012,Hankasalmi,077,79.4,224
Cervical (Pap),2024,Saltvik,736,82.6,71
Cervical (Pap),2011,Pyhäntä,630,86.8,66
Cervical (Pap),2010,Lempäälä,418,71,682
Cervical (Pap),2017,Savukoski,742,69.2,27
Cervical (Pap),2018,Jokioinen,169,69.8,173
Cervical (Pap),2021,Riihimäki,694,71,927
Cervical (Pap),2024,Mustasaari,499,80.8,812
Cervical (Pap),2010,Oripää,561,81,51
Cervical (Pap),2021,Jyväskylä,179,74.6,4758
Cervical (Pap),2014,Inari,148,80.8,298
Cervical (Pap),2021,Virrat,936,76.3,184
Cervical (Pap),2015,Suomussalmi,777,75.9,280
Cervical (Pap),2024,Orivesi,562,67.1,312
Cervical (Pap),2019,Oripää,561,73.2,30
Cervical (Pap),2021,Hankasalmi,077,71.8,148
Cervical (Pap),2018,Kemi,240,72.9,654
Cervical (Pap),2011,Pyhtää,624,79.3,302
Cervical (Pap),2017,Savitaipale,739,76.5,101
Cervical (Pap),2014,Ilmajoki,145,78.2,498
Cervical (Pap),2014,Brändö,035,55,11
Cervical (Pap),2024,Muhos,494,67.5,281
Cervical (Pap),2017,Mynämäki,503,69.9,249
Cervical (Pap),2014,Vårdö,941,58.8,10
Cervical (Pap),2018,Merijärvi,483,78.3,36
Cervical (Pap),2020,Eura,050,83.3,498
Cervical (Pap),2013,Keitele,239,79.3,73
Cervical (Pap),2016,Kemiönsaari,322,67.9,197
Cervical (Pap),2020,Kangasniemi,213,76.9,160
Cervical (Pap),2015,Vesilahti,922,67.9,148
Cervical (Pap),2014,Puolanka,620,78.8,82
Cervical (Pap),2015,Raahe,678,71.7,772
Cervical (Pap),2020,Keitele,239,71.4,60
Cervical (Pap),2021,Iisalmi,140,72.7,634
Cervical (Pap),2021,Kihniö,250,64.2,43
Cervical (Pap),2021,Taipalsaari,831,78.6,169
Cervical (Pap),2022,Toivakka,850,67,75
Cervical (Pap),2015,Muhos,494,68.9,295
Cervical (Pap),2017,Äänekoski,992,66.7,561
Cervical (Pap),2023,Brändö,035,38.1,8
Cervical (Pap),2016,Vantaa,092,64.3,7308
Cervical (Pap),2010,Haapavesi,071,74.6,259
Cervical (Pap),2024,Juupajoki,177,61.9,60
Cervical (Pap),2011,Inkoo,149,53.1,164
Cervical (Pap),2021,Sievi,746,80.7,155
Cervical (Pap),2010,Ähtäri,989,79.5,268
Cervical (Pap),2012,Riihimäki,694,76.1,1048
Cervical (Pap),2022,Lieksa,422,64.3,301
Cervical (Pap),2023,Kirkkonummi,257,75.3,1748
Cervical (Pap),2010,Hyrynsalmi,105,75.8,97
Cervical (Pap),2013,Rääkkylä,707,66.7,102
Cervical (Pap),2012,Uusikaupunki,895,75.7,603
Cervical (Pap),2011,Pomarkku,608,69.7,76
Cervical (Pap),2018,Eurajoki,051,81.2,392
Cervical (Pap),2015,Loppi,433,60.1,205
Cervical (Pap),2011,Sotkamo,765,66.1,365
Cervical (Pap),2017,Säkylä,783,79.6,222
Cervical (Pap),2024,Äänekoski,992,69.5,599
Cervical (Pap),2016,Kittilä,261,65.9,218
Cervical (Pap),2018,Tornio,851,78,713
Cervical (Pap),2020,Rusko,704,79.7,247
Cervical (Pap),2018,Pälkäne,635,73.2,210
Cervical (Pap),2013,Nurmijärvi,543,70.4,1744
Cervical (Pap),2023,Karstula,226,59.3,118
Cervical (Pap),2019,Lempäälä,418,75.9,843
Cervical (Pap),2020,Pyhäntä,630,77.6,45
Cervical (Pap),2010,Hämeenkyrö,108,74,353
Cervical (Pap),2013,Helsinki,091,67.7,29736
Cervical (Pap),2014,Sievi,746,69.1,125
Cervical (Pap),2015,Pietarsaari,598,66.7,638
Cervical (Pap),2017,Iitti,142,73,222
Cervical (Pap),2011,Eckerö,043,60,30
Cervical (Pap),2017,Paimio,577,72.7,410
Cervical (Pap),2010,Perho,584,63.9,69
Cervical (Pap),2013,Mänttä-Vilppula,508,71,311
Cervical (Pap),2017,Hyvinkää,106,73.7,1671
Cervical (Pap),2024,Vesilahti,922,75.3,186
Cervical (Pap),2016,Kurikka,301,71.4,713
Cervical (Pap),2021,Uusikaupunki,895,63.2,400
Cervical (Pap),2013,Huittinen,102,81.3,348
Cervical (Pap),2021,Enontekiö,047,71.6,63
Cervical (Pap),2021,Kyyjärvi,312,87.5,35
Cervical (Pap),2018,Leppävirta,420,52.3,237
Cervical (Pap),2015,Finström,060,74.4,93
Cervical (Pap),2014,Pielavesi,595,65.9,122
Cervical (Pap),2018,Lappajärvi,403,79.1,106
Cervical (Pap),2015,Laihia,399,70.2,273
Cervical (Pap),2020,Pomarkku,608,80.4,86
Cervical (Pap),2014,Hartola,081,76.1,105
Cervical (Pap),2022,Kerava,245,71,1577
Cervical (Pap),2017,Viitasaari,931,78.7,226
Cervical (Pap),2020,Joensuu,167,72.6,2336
Cervical (Pap),2016,Alajärvi,005,84.6,346
Cervical (Pap),2019,Juuka,176,72.5,140
Cervical (Pap),2024,Joroinen,171,70.8,177
Cervical (Pap),2021,Tammela,834,76.6,216
Cervical (Pap),2012,Kannus,217,82.3,251
Cervical (Pap),2014,Siuntio,755,61.8,210
Cervical (Pap),2015,Saltvik,736,78.4,69
Cervical (Pap),2015,Mustasaari,499,70.8,622
Cervical (Pap),2010,Masku,481,60,311
Cervical (Pap),2018,Somero,761,72,260
Cervical (Pap),2021,Naantali,529,73.9,664
Cervical (Pap),2012,Rauma,684,62.7,1306
Cervical (Pap),2015,Kankaanpää,214,80,532
Cervical (Pap),2022,Mikkeli,491,78.4,2021
Cervical (Pap),2018,Ii,139,70.4,316
Cervical (Pap),2023,Mäntsälä,505,68.8,808
Cervical (Pap),2015,Kumlinge,295,68.8,11
Cervical (Pap),2017,Kokemäki,271,75.8,292
Cervical (Pap),2016,Kaskinen,231,70.6,60
Cervical (Pap),2012,Jämsä,182,75.7,849
Cervical (Pap),2013,Kangasniemi,213,80.4,189
Cervical (Pap),2022,Valkeakoski,908,71.8,727
Cervical (Pap),2011,Kotka,285,78.8,2172
Cervical (Pap),2018,Alavus,010,77.2,366
Cervical (Pap),2019,Isokyrö,152,81.7,147
Cervical (Pap),2022,Nurmijärvi,543,73.7,1966
Cervical (Pap),2021,Halsua,074,68.6,24
Cervical (Pap),2017,Hailuoto,072,26.7,12
Cervical (Pap),2022,Rääkkylä,707,71,66
Cervical (Pap),2011,Nousiainen,538,63.5,162
Cervical (Pap),2018,Ylitornio,976,61,97
Cervical (Pap),2015,Hollola,098,72.8,828
Cervical (Pap),2018,Sund,771,77.1,37
Cervical (Pap),2024,Hailuoto,072,67.4,29
Cervical (Pap),2023,Inari,148,73.7,309
Cervical (Pap),2010,Rautjärvi,689,73.6,173
Cervical (Pap),2011,Rusko,704,76.6,226
Cervical (Pap),2010,Urjala,887,66.1,160
Cervical (Pap),2021,Lestijärvi,421,70.4,19
Cervical (Pap),2020,Inkoo,149,70.6,218
Cervical (Pap),2023,Järvenpää,186,76.3,2157
Cervical (Pap),2016,Kangasala,211,71.2,1040
Cervical (Pap),2014,Pello,854,77,117
Cervical (Pap),2017,Lappeenranta,405,73.2,2369
Cervical (Pap),2011,Konnevesi,275,80.6,104
Cervical (Pap),2022,Siikajoki,748,71.2,163
Cervical (Pap),2011,Pihtipudas,601,65.4,142
Cervical (Pap),2012,Pyhäranta,631,73.3,77
Cervical (Pap),2020,Kannonkoski,216,65.8,25
Cervical (Pap),2013,Kökar,318,77.8,7
Cervical (Pap),2018,Pieksämäki,593,79.2,583
Cervical (Pap),2019,Pedersören kunta,599,74.3,349
Cervical (Pap),2017,Lapinjärvi,407,59.5,75
Cervical (Pap),2023,Petäjävesi,592,70.4,112
Cervical (Pap),2011,Keuruu,249,64.1,266
Cervical (Pap),2012,Naantali,529,59.3,555
Cervical (Pap),2024,Karvia,230,72.5,79
Cervical (Pap),2012,Teuva,846,77.3,197
Cervical (Pap),2024,Hollola,098,75.3,874
Cervical (Pap),2011,Lumijoki,436,69.3,52
Cervical (Pap),2016,Suonenjoki,778,74.8,223
Cervical (Pap),2011,Laitila,400,58.3,238
Cervical (Pap),2021,Posio,614,71.2,79
Cervical (Pap),2016,Tuusniemi,857,67.9,72
Cervical (Pap),2021,Kuopio,297,60.6,4343
Cervical (Pap),2021,Luhanka,435,81.5,22
Cervical (Pap),2023,Salla,732,69.6,112
Cervical (Pap),2014,Kolari,273,73.4,127
Cervical (Pap),2013,Hanko,078,66.9,287
Cervical (Pap),2020,Laitila,400,67.2,238
Cervical (Pap),2015,Kristiinankaupunki,287,79.5,198
Cervical (Pap),2023,Loimaa,430,76.5,586
Cervical (Pap),2010,Sodankylä,758,87.1,352
Cervical (Pap),2016,Ranua,683,63.3,93
Cervical (Pap),2023,Pielavesi,595,54.3,94
Cervical (Pap),2012,Siilinjärvi,749,57.2,624
Cervical (Pap),2013,Luumäki,441,68.3,155
Cervical (Pap),2020,Konnevesi,275,64.5,60
Cervical (Pap),2022,Askola,018,71,196
Cervical (Pap),2011,Kannonkoski,216,72.9,51
Cervical (Pap),2023,Vihti,927,74.5,1230
Cervical (Pap),2013,Hattula,082,65.4,291
Cervical (Pap),2012,Kauhajoki,232,76.8,524
Cervical (Pap),2020,Pihtipudas,601,77.2,142
Cervical (Pap),2018,Taipalsaari,831,75.2,170
Cervical (Pap),2019,Perho,584,72,72
Cervical (Pap),2016,Kempele,244,71.8,581
Cervical (Pap),2020,Savukoski,742,68.4,26
Cervical (Pap),2022,Kuhmoinen,291,52.5,42
Cervical (Pap),2024,Kristiinankaupunki,287,68.6,205
Cervical (Pap),2024,Keminmaa,241,73.5,258
Cervical (Pap),2019,Sodankylä,758,73.6,268
Cervical (Pap),2013,Kinnula,256,77.3,58
Cervical (Pap),2015,Vöyri,946,71.9,264
Cervical (Pap),2021,Rauma,684,73.2,1620
Cervical (Pap),2020,Viitasaari,931,69.4,179
Cervical (Pap),2020,Kokemäki,271,76.3,306
Cervical (Pap),2024,Sonkajärvi,762,81.2,134
Cervical (Pap),2022,Lapinlahti,402,61.8,293
Cervical (Pap),2020,Nousiainen,538,72.6,170
Cervical (Pap),2011,Uurainen,892,60.9,103
Cervical (Pap),2018,Pori,609,65.3,2546
Cervical (Pap),2022,Outokumpu,309,71.1,224
Cervical (Pap),2010,Juuka,176,77.4,199
Cervical (Pap),2018,Luumäki,441,62.2,112
Cervical (Pap),2021,Nurmes,541,70.1,262
Cervical (Pap),2014,Lapua,408,82.5,509
Cervical (Pap),2010,Sysmä,781,75.8,150
Cervical (Pap),2015,Porvoo,638,72.7,1688
Cervical (Pap),2024,Sodankylä,758,80.5,334
Cervical (Pap),2010,Padasjoki,576,69.4,120
Cervical (Pap),2012,Enontekiö,047,73,89
Cervical (Pap),2017,Polvijärvi,607,77.7,143
Cervical (Pap),2015,Karvia,230,75.5,74
Cervical (Pap),2018,Uusikaarlepyy,893,74.8,261
Cervical (Pap),2022,Tuusula,858,73.3,1741
Cervical (Pap),2015,Parkano,581,66.1,191
Cervical (Pap),2024,Raahe,678,68.8,736
Cervical (Pap),2017,Kuhmo,290,77.8,266
Cervical (Pap),2018,Karkkila,224,65.4,274
Cervical (Pap),2018,Maalahti,475,70.2,191
Cervical (Pap),2013,Pirkkala,604,72.7,635
Cervical (Pap),2023,Sulkava,768,80.4,74
Cervical (Pap),2014,Mäntsälä,505,59.1,613
Cervical (Pap),2010,Pyhäjoki,625,70.3,104
Cervical (Pap),2012,Sonkajärvi,762,68.4,128
Cervical (Pap),2017,Pukkila,616,66.3,67
Cervical (Pap),2022,Virolahti,935,70.1,108
Cervical (Pap),2019,Rautjärvi,689,68.8,86
Cervical (Pap),2020,Pyhtää,624,74.3,211
Cervical (Pap),2012,Lestijärvi,421,75.9,22
Cervical (Pap),2019,Urjala,887,67.9,133
Cervical (Pap),2019,Raasepori,710,72.6,1148
Cervical (Pap),2018,Nokia,536,73.1,1117
Cervical (Pap),2010,Salo,734,60.7,1599
Cervical (Pap),2014,Järvenpää,186,72.9,1567
Cervical (Pap),2023,Marttila,480,76.9,70
Cervical (Pap),2023,Hartola,081,60.9,67
Cervical (Pap),2024,Loppi,433,72,285
Cervical (Pap),2022,Jämijärvi,181,73.5,50
Cervical (Pap),2016,Hammarland,076,70.1,61
Cervical (Pap),2010,Lahti,398,70.9,3882
Cervical (Pap),2019,Kangasala,211,74.6,1118
Cervical (Pap),2021,Liperi,426,78.9,467
Cervical (Pap),2012,Forssa,061,69.1,522
Cervical (Pap),2012,Virrat,936,76.7,220
Cervical (Pap),2015,Joroinen,171,80.3,192
Cervical (Pap),2024,Koski Tl,284,78.3,83
Cervical (Pap),2020,Siikainen,747,75,57
Cervical (Pap),2015,Tervo,844,68.3,43
Cervical (Pap),2016,Haapajärvi,069,69.7,216
Cervical (Pap),2019,Simo,751,68.5,76
Cervical (Pap),2011,Joensuu,167,62.2,2025
Cervical (Pap),2017,Rautalampi,686,73.1,98
Cervical (Pap),2014,Loviisa,434,75.2,580
Cervical (Pap),2013,Lumparland,438,76.2,16
Cervical (Pap),2014,Raisio,680,78.5,955
Cervical (Pap),2023,Ilmajoki,145,83.5,527
Cervical (Pap),2017,Kauhava,233,75,470
Cervical (Pap),2022,Huittinen,102,71.2,374
Cervical (Pap),2024,Kaavi,204,66.7,80
Cervical (Pap),2020,Juva,178,78.3,199
Cervical (Pap),2019,Ylitornio,976,71,103
Cervical (Pap),2012,Jyväskylä,179,73.8,4735
Cervical (Pap),2018,Halsua,074,88.6,31
Cervical (Pap),2016,Isojoki,151,65.7,65
Cervical (Pap),2020,Orimattila,560,65.9,466
Cervical (Pap),2023,Kärsämäki,317,70.1,68
Cervical (Pap),2014,Kaustinen,236,71.7,152
Cervical (Pap),2022,Helsinki,091,69.8,31820
Cervical (Pap),2016,Kajaani,205,67.6,1290
Cervical (Pap),2023,Närpiö,545,77.6,354
Cervical (Pap),2017,Heinävesi,090,72.2,91
Cervical (Pap),2014,Evijärvi,052,78.6,81
Cervical (Pap),2024,Paltamo,578,77.4,120
Cervical (Pap),2015,Juupajoki,177,53.3,48
Cervical (Pap),2017,Punkalaidun,619,72.5,87
Cervical (Pap),2019,Haapavesi,071,74.8,240
Cervical (Pap),2023,Saarijärvi,729,64.4,282
Cervical (Pap),2019,Hyrynsalmi,105,78,96
Cervical (Pap),2011,Akaa,020,63.1,481
Cervical (Pap),2021,Kalajoki,208,71.7,340
Cervical (Pap),2019,Tornio,851,74.7,612
Cervical (Pap),2018,Hämeenkyrö,108,74.1,321
Cervical (Pap),2021,Varkaus,915,72.2,600
Cervical (Pap),2018,Vöyri,946,76.5,263
Cervical (Pap),2013,Simo,751,78.9,116
Cervical (Pap),2023,Kaustinen,236,80.1,149
Cervical (Pap),2023,Ulvila,886,63.4,432
Cervical (Pap),2023,Espoo,049,72.6,13449
Cervical (Pap),2015,Merikarvia,484,52.3,68
Cervical (Pap),2020,Raisio,680,80.1,826
Cervical (Pap),2016,Föglö,062,72,18
Cervical (Pap),2012,Veteli,924,81.7,116
Cervical (Pap),2017,Närpiö,545,75.1,352
Cervical (Pap),2017,Sulkava,768,80,84
Cervical (Pap),2022,Pudasjärvi,615,69.9,237
Cervical (Pap),2011,Forssa,061,79.8,692
Cervical (Pap),2011,Reisjärvi,691,87.9,109
Cervical (Pap),2010,Hattula,082,53.1,258
Cervical (Pap),2022,Savonlinna,740,80.2,1279
Cervical (Pap),2016,Kruunupyy,288,77.9,208
Cervical (Pap),2010,Eurajoki,051,79.4,382
Cervical (Pap),2011,Taivalkoski,832,80.4,144
Cervical (Pap),2016,Virolahti,935,73.7,112
Cervical (Pap),2016,Lohja,444,74.1,1719
Cervical (Pap),2013,Rautavaara,687,78.7,59
Cervical (Pap),2020,Loviisa,434,72.8,542
Cervical (Pap),2014,Lappeenranta,405,70.1,2394
Cervical (Pap),2010,Ylitornio,976,74,134
Cervical (Pap),2016,Jämijärvi,181,82.1,69
Cervical (Pap),2019,Askola,018,69.1,195
Cervical (Pap),2017,Alavieska,009,83.2,84
Cervical (Pap),2011,Tervola,845,73.2,109
Cervical (Pap),2019,Hattula,082,75.7,305
Cervical (Pap),2019,Kauniainen,235,67,390
Cervical (Pap),2017,Sipoo,753,68.6,715
Cervical (Pap),2011,Kuopio,297,58.6,3145
Cervical (Pap),2013,Vihti,927,55.7,826
Cervical (Pap),2010,Koski Tl,284,67.7,63
Cervical (Pap),2014,Ulvila,886,65.5,390
Cervical (Pap),2010,Kuusamo,305,76.3,563
Cervical (Pap),2019,Ilomantsi,146,75.9,142
Cervical (Pap),2022,Kauhajoki,232,73,445
Cervical (Pap),2016,Vieremä,925,53.8,91
Cervical (Pap),2018,Lempäälä,418,74.9,831
Cervical (Pap),2023,Turku,853,75.1,7712
Cervical (Pap),2019,Pälkäne,635,73.9,207
Cervical (Pap),2010,Nokia,536,70.7,1121
Cervical (Pap),2022,Myrskylä,504,65.3,64
Cervical (Pap),2011,Utajärvi,889,74.1,86
Cervical (Pap),2015,Taivassalo,833,75.4,49
Cervical (Pap),2019,Kökar,318,75,6
Cervical (Pap),2015,Ruovesi,702,69,107
Cervical (Pap),2023,Ruokolahti,700,76.3,177
Cervical (Pap),2012,Kontiolahti,276,73.3,544
Cervical (Pap),2010,Lappajärvi,403,76,114
Cervical (Pap),2018,Oripää,561,73.8,48
Cervical (Pap),2023,Lappeenranta,405,75.9,3004
Cervical (Pap),2017,Nivala,535,81.5,322
Cervical (Pap),2014,Hirvensalmi,097,71.2,74
Cervical (Pap),2010,Muhos,494,64.3,277
Cervical (Pap),2014,Utsjoki,890,74.6,44
Cervical (Pap),2021,Pihtipudas,601,69.2,128
Cervical (Pap),2014,Ylivieska,977,81.1,490
Cervical (Pap),2014,Janakkala,165,72,531
Cervical (Pap),2017,Ruokolahti,700,70.9,151
Cervical (Pap),2021,Joutsa,172,72.3,115
Cervical (Pap),2018,Siikalatva,791,74,168
Cervical (Pap),2024,Maalahti,475,78.4,178
Cervical (Pap),2018,Lahti,398,69,3699
Cervical (Pap),2012,Miehikkälä,489,72.9,70
Cervical (Pap),2016,Muurame,500,68.9,334
Cervical (Pap),2020,Kaarina,202,73.3,1195
Cervical (Pap),2021,Kristiinankaupunki,287,77.2,240
Cervical (Pap),2018,Tervo,844,73.5,36
Cervical (Pap),2010,Ilomantsi,146,61.7,156
Cervical (Pap),2018,Urjala,887,61.9,125
Cervical (Pap),2012,Kalajoki,208,75.6,456
Cervical (Pap),2011,Lapua,408,79.1,507
Cervical (Pap),2022,Haapavesi,071,78.2,230
Cervical (Pap),2015,Pyhäjärvi,626,72.3,162
Cervical (Pap),2014,Lemland,417,76.9,83
Cervical (Pap),2018,Rautjärvi,689,73.6,92
Cervical (Pap),2011,Hamina,075,88.4,983
Cervical (Pap),2022,Lumparland,438,76.5,13
Cervical (Pap),2012,Parainen,445,57.2,413
Cervical (Pap),2015,Leppävirta,420,54.3,222
Cervical (Pap),2015,Uusikaarlepyy,893,69.3,232
Cervical (Pap),2010,Sund,771,55.8,24
Cervical (Pap),2013,Isokyrö,152,79.4,170
Cervical (Pap),2023,Orimattila,560,72,590
Cervical (Pap),2011,Asikkala,016,75.2,345
Cervical (Pap),2014,Paimio,577,72,384
Cervical (Pap),2017,Kaustinen,236,76.8,139
Cervical (Pap),2011,Pornainen,611,43.1,132
Cervical (Pap),2012,Vaasa,905,72.6,2384
Cervical (Pap),2022,Ikaalinen,143,68.6,240
Cervical (Pap),2022,Pirkkala,604,75.8,873
Cervical (Pap),2021,Oulainen,563,70.1,188
Cervical (Pap),2017,Aura,019,79.9,171
Cervical (Pap),2022,Simo,751,70.1,96
Cervical (Pap),2023,Pyhtää,624,78.8,238
Cervical (Pap),2014,Polvijärvi,607,82.4,164
Cervical (Pap),2022,Suonenjoki,778,73.6,243
Cervical (Pap),2011,Parikkala,580,72.6,175
Cervical (Pap),2011,Raisio,680,76.8,1029
Cervical (Pap),2024,Ii,139,77.9,353
Cervical (Pap),2010,Puumala,623,76,79
Cervical (Pap),2023,Hirvensalmi,097,70.8,68
Cervical (Pap),2015,Lestijärvi,421,82.4,28
Cervical (Pap),2015,Mäntyharju,507,67,211
Cervical (Pap),2018,Imatra,153,70.6,803
Cervical (Pap),2015,Maalahti,475,66,169
Cervical (Pap),2022,Rovaniemi,698,72.1,2419
Cervical (Pap),2011,Hämeenlinna,109,58.5,1883
Cervical (Pap),2016,Pirkkala,604,73.7,655
Cervical (Pap),2011,Siikainen,747,74,54
Cervical (Pap),2021,Sonkajärvi,762,75.6,121
Cervical (Pap),2016,Lumparland,438,70,14
Cervical (Pap),2012,Lieto,423,73.5,678
Cervical (Pap),2023,Janakkala,165,70.2,530
Cervical (Pap),2023,Sastamala,790,70.1,807
Cervical (Pap),2011,Multia,495,60.9,39
Cervical (Pap),2010,Alavus,010,66.7,401
Cervical (Pap),2017,Sastamala,790,70.8,719
Cervical (Pap),2021,Teuva,846,75.6,133
Cervical (Pap),2024,Luhanka,435,80.6,29
Cervical (Pap),2015,Sonkajärvi,762,65.5,116
Cervical (Pap),2024,Kihniö,250,65.9,54
Cervical (Pap),2012,Liperi,426,68.9,398
Cervical (Pap),2015,Kitee,260,49.9,240
Cervical (Pap),2011,Loviisa,434,74.1,551
Cervical (Pap),2021,Forssa,061,71.9,518
Cervical (Pap),2019,Kuusamo,305,75.6,503
Cervical (Pap),2021,Veteli,924,75.8,97
Cervical (Pap),2015,Teuva,846,72.5,179
Cervical (Pap),2010,Kökar,318,45.5,5
Cervical (Pap),2014,Pöytyä,636,75.4,261
Cervical (Pap),2014,Turku,853,72.7,5984
Cervical (Pap),2016,Enonkoski,046,67.6,23
Cervical (Pap),2017,Mäntsälä,505,74.2,870
Cervical (Pap),2019,Nokia,536,75.1,1143
Cervical (Pap),2022,Pedersören kunta,599,70.1,384
Cervical (Pap),2024,Vöyri,946,70.8,211
Cervical (Pap),2019,Masku,481,86.4,388
Cervical (Pap),2020,Salo,734,73.2,1649
Cervical (Pap),2024,Kumlinge,295,92.3,12
Cervical (Pap),2017,Vehmaa,918,73.9,68
Cervical (Pap),2013,Kuhmoinen,291,71.6,83
Cervical (Pap),2018,Seinäjoki,743,78.8,2427
Cervical (Pap),2020,Hämeenlinna,109,65.2,1852
Cervical (Pap),2015,Kaavi,204,66.7,76
Cervical (Pap),2015,Uusikaupunki,895,65.7,478
Cervical (Pap),2021,Mustasaari,499,82.6,719
Cervical (Pap),2016,Rääkkylä,707,78.6,81
Cervical (Pap),2021,Parkano,581,71.3,171
Cervical (Pap),2024,Tervo,844,71.8,51
Cervical (Pap),2013,Kangasala,211,67.5,983
Cervical (Pap),2020,Kemijärvi,320,73.2,202
Cervical (Pap),2023,Paimio,577,75.4,462
Cervical (Pap),2023,Säkylä,783,77.4,267
Cervical (Pap),2014,Salla,732,70.3,102
Cervical (Pap),2017,Kustavi,304,66.7,18
Cervical (Pap),2022,Kurikka,301,66.8,632
Cervical (Pap),2013,Ikaalinen,143,74.7,207
Cervical (Pap),2020,Järvenpää,186,74.3,1939
Cervical (Pap),2020,Uurainen,892,66.9,97
Cervical (Pap),2012,Posio,614,76.1,118
Cervical (Pap),2013,Outokumpu,309,78,241
Cervical (Pap),2019,Alavus,010,64.2,336
Cervical (Pap),2021,Saltvik,736,71.6,63
Cervical (Pap),2024,Halsua,074,56.4,22
Cervical (Pap),2014,Pomarkku,608,76.6,85
Cervical (Pap),2022,Hanko,078,69,271
Cervical (Pap),2012,Ristijärvi,697,69.8,44
Cervical (Pap),2017,Hartola,081,67.5,79
Cervical (Pap),2024,Leppävirta,420,81.1,352
Cervical (Pap),2018,Loppi,433,71.6,257
Cervical (Pap),2020,Kotka,285,70.2,2068
Cervical (Pap),2024,Sievi,746,69.6,144
Cervical (Pap),2013,Valkeakoski,908,69.2,618
Cervical (Pap),2014,Säkylä,783,86.3,276
Cervical (Pap),2024,Finström,060,74.8,107
Cervical (Pap),2022,Haapajärvi,069,74.5,228
Cervical (Pap),2011,Laukaa,410,68.3,537
Cervical (Pap),2018,Raahe,678,72.4,765
Cervical (Pap),2010,Eura,050,82.3,519
Cervical (Pap),2018,Perho,584,77.4,82
Cervical (Pap),2012,Maarianhamina - Mariehamn,478,69,460
Cervical (Pap),2016,Sauvo,738,74.7,115
Cervical (Pap),2020,Eckerö,043,73.9,34
Cervical (Pap),2014,Savukoski,742,71.2,37
Cervical (Pap),2010,Keitele,239,70.9,83
Cervical (Pap),2011,Kemijärvi,320,79.3,284
Cervical (Pap),2018,Pyhäjoki,625,69.6,87
Cervical (Pap),2012,Tuusula,858,49.8,966
Cervical (Pap),2015,Kihniö,250,63.2,55
Cervical (Pap),2018,Salo,734,76.1,1791
Cervical (Pap),2010,Pieksämäki,593,75.9,685
Cervical (Pap),2017,Pelkosenniemi,583,52.5,21
Cervical (Pap),2016,Pudasjärvi,615,68.5,220
Cervical (Pap),2024,Uusikaarlepyy,893,69.7,241
Cervical (Pap),2020,Ylivieska,977,79.1,489
Cervical (Pap),2010,Kangasniemi,213,79.1,204
Cervical (Pap),2012,Suomussalmi,777,79.2,328
Cervical (Pap),2022,Kivijärvi,265,72.7,24
Cervical (Pap),2013,Marttila,480,71.7,66
Cervical (Pap),2023,Polvijärvi,607,72.6,138
Cervical (Pap),2024,Kitee,260,69.6,314
Cervical (Pap),2016,Karijoki,218,72.6,53
Cervical (Pap),2013,Kauniainen,235,69.9,318
Cervical (Pap),2018,Sodankylä,758,75.3,265
Cervical (Pap),2013,Puolanka,620,62.7,74
Cervical (Pap),2011,Juva,178,78,216
Cervical (Pap),2012,Oulainen,563,69.2,234
Cervical (Pap),2020,Lapua,408,77.8,480
Cervical (Pap),2012,Iisalmi,140,61.7,674
Cervical (Pap),2013,Askola,018,50.8,128
Cervical (Pap),2020,Multia,495,62.1,41
Cervical (Pap),2024,Kankaanpää,214,80.1,512
Cervical (Pap),2015,Keminmaa,241,73.2,270
Cervical (Pap),2016,Toholampi,849,84.3,107
Cervical (Pap),2017,Petäjävesi,592,77,151
Cervical (Pap),2017,Saarijärvi,729,73.6,290
Cervical (Pap),2018,Muhos,494,70.9,297
Cervical (Pap),2024,Mäntyharju,507,74.4,238
Cervical (Pap),2019,Puumala,623,81.3,74
Cervical (Pap),2015,Ii,139,57.5,248
Cervical (Pap),2023,Utsjoki,890,52.6,30
Cervical (Pap),2019,Aura,019,70,119
Cervical (Pap),2017,Espoo,049,69.9,10133
Cervical (Pap),2012,Tammela,834,72.8,211
Cervical (Pap),2023,Pöytyä,636,74.4,276
Cervical (Pap),2013,Pedersören kunta,599,73.4,373
Cervical (Pap),2017,Puolanka,620,67,75
Cervical (Pap),2014,Orimattila,560,73.5,541
Cervical (Pap),2022,Isokyrö,152,81.9,149
Cervical (Pap),2015,Luhanka,435,64.7,11
Cervical (Pap),2013,Lapinlahti,402,70.9,346
Cervical (Pap),2019,Sysmä,781,69.7,99
Cervical (Pap),2020,Keuruu,249,59.4,238
Cervical (Pap),2023,Vårdö,941,75,15
Cervical (Pap),2024,Taipalsaari,831,76.5,199
Cervical (Pap),2017,Kärsämäki,317,72.2,83
Cervical (Pap),2018,Juuka,176,48.5,94
Cervical (Pap),2017,Lemi,416,71.6,83
Cervical (Pap),2018,Hollola,098,75.3,838
Cervical (Pap),2024,Laihia,399,79.1,315
Cervical (Pap),2014,Hailuoto,072,47.6,20
Cervical (Pap),2013,Rovaniemi,698,76.2,2156
Cervical (Pap),2013,Savonlinna,740,74.8,1210
Cervical (Pap),2016,Siikajoki,748,72.9,151
Cervical (Pap),2018,Kokkola,272,69.9,1369
Cervical (Pap),2020,Inari,148,77.6,302
Cervical (Pap),2020,Utajärvi,889,68.2,75
Cervical (Pap),2010,Siikalatva,791,66.4,200
Cervical (Pap),2020,Reisjärvi,691,75,78
Cervical (Pap),2013,Myrskylä,504,76.5,75
Cervical (Pap),2016,Oulu,564,69.7,6179
Cervical (Pap),2021,Pyhäranta,631,55.6,40
Cervical (Pap),2024,Kolari,273,78.5,168
Cervical (Pap),2011,Kaarina,202,75.5,1223
Cervical (Pap),2012,Varkaus,915,60.9,607
Cervical (Pap),2020,Soini,759,66.2,51
Cervical (Pap),2023,Kangasniemi,213,84.8,207
Cervical (Pap),2013,Hyrynsalmi,105,71.3,72
Cervical (Pap),2023,Pello,854,76.4,110
Cervical (Pap),2022,Mänttä-Vilppula,508,67.3,300
Cervical (Pap),2024,Merikarvia,484,72.2,104
Cervical (Pap),2024,Pietarsaari,598,68.1,670
Cervical (Pap),2019,Lappajärvi,403,77.5,79
Cervical (Pap),2012,Hausjärvi,086,79.8,343
Cervical (Pap),2023,Siuntio,755,72.5,274
Cervical (Pap),2021,Kontiolahti,276,79.9,549
Cervical (Pap),2017,Luoto,440,73.9,181
Cervical (Pap),2021,Joroinen,171,58.4,111
Cervical (Pap),2019,Padasjoki,576,60.2,56
Cervical (Pap),2017,Ilmajoki,145,76.1,458
Cervical (Pap),2021,Miehikkälä,489,73,65
Cervical (Pap),2013,Kerava,245,72.7,1257
Cervical (Pap),2012,Kyyjärvi,312,77.6,38
Cervical (Pap),2023,Eura,050,80.9,483
Cervical (Pap),2019,Ähtäri,989,71,179
Cervical (Pap),2012,Joutsa,172,70.7,145
Cervical (Pap),2014,Kirkkonummi,257,70.4,1409
Cervical (Pap),2024,Ruovesi,702,64,119
Cervical (Pap),2024,Jokioinen,169,68.2,178
Cervical (Pap),2012,Nurmes,541,58.6,252
Cervical (Pap),2024,Pyhäjärvi,626,67.1,151
Cervical (Pap),2018,Paltamo,578,83.8,134
Cervical (Pap),2020,Evijärvi,052,73.9,68
Cervical (Pap),2013,Toivakka,850,75.5,71
Cervical (Pap),2013,Haapavesi,071,82.1,280
Cervical (Pap),2016,Huittinen,102,82,388
Cervical (Pap),2023,Lemland,417,81.9,86
Cervical (Pap),2010,Punkalaidun,619,80.2,89
Cervical (Pap),2024,Järvenpää,186,75.7,2154
Cervical (Pap),2021,Tohmajärvi,848,73.3,126
Cervical (Pap),2021,Finström,060,77.7,108
Cervical (Pap),2015,Alavus,010,76.8,410
Cervical (Pap),2017,Kaskinen,231,62.5,40
Cervical (Pap),2019,Kitee,260,72,290
Cervical (Pap),2015,Vantaa,092,64.1,7072
Cervical (Pap),2024,Kemiönsaari,322,72.6,212
Cervical (Pap),2020,Juuka,176,68.3,125
Cervical (Pap),2018,Säkylä,783,80.7,234
Cervical (Pap),2019,Sipoo,753,72.9,888
Cervical (Pap),2015,Siilinjärvi,749,57.8,607
Cervical (Pap),2022,Brändö,035,75,18
Cervical (Pap),2016,Muhos,494,73.3,264
Cervical (Pap),2018,Kankaanpää,214,79.7,486
Cervical (Pap),2011,Petäjävesi,592,64.8,116
Cervical (Pap),2015,Isojoki,151,70.5,55
Cervical (Pap),2013,Urjala,887,60.3,138
Cervical (Pap),2020,Sauvo,738,68.7,101
Cervical (Pap),2010,Parkano,581,72,236
Cervical (Pap),2023,Lieksa,422,60,278
Cervical (Pap),2010,Enonkoski,046,74.7,62
Cervical (Pap),2022,Inari,148,75.7,306
Cervical (Pap),2012,Kumlinge,295,66.7,8
Cervical (Pap),2013,Jyväskylä,179,72.6,4368
Cervical (Pap),2011,Uusikaupunki,895,74.3,540
Cervical (Pap),2012,Siikalatva,791,77.8,207
Cervical (Pap),2022,Padasjoki,576,66.1,84
Cervical (Pap),2019,Mänttä-Vilppula,508,70,264
Cervical (Pap),2022,Alajärvi,005,81.3,361
Cervical (Pap),2024,Vantaa,092,70.4,10942
Cervical (Pap),2023,Konnevesi,275,75.9,88
Cervical (Pap),2013,Brändö,035,61.1,11
Cervical (Pap),2015,Somero,761,70.8,262
Cervical (Pap),2016,Pietarsaari,598,65.7,619
Cervical (Pap),2018,Juupajoki,177,61.9,52
Cervical (Pap),2012,Soini,759,85,91
Cervical (Pap),2018,Hanko,078,68.9,266
Cervical (Pap),2018,Siikainen,747,64.2,34
Cervical (Pap),2017,Eurajoki,051,73.5,378
Cervical (Pap),2022,Enontekiö,047,70.8,75
Cervical (Pap),2024,Pyhäjoki,625,64.5,71
Cervical (Pap),2017,Miehikkälä,489,80,68
Cervical (Pap),2014,Loppi,433,73.7,264
Cervical (Pap),2010,Karkkila,224,53.9,226
Cervical (Pap),2015,Järvenpää,186,72.5,1526
Cervical (Pap),2021,Vesilahti,922,76.9,166
Cervical (Pap),2010,Mänttä-Vilppula,508,70,347
Cervical (Pap),2013,Pielavesi,595,68.3,125
Cervical (Pap),2012,Kiuruvesi,263,70,291
Cervical (Pap),2014,Konnevesi,275,70.7,87
Cervical (Pap),2015,Kivijärvi,265,85.4,35
Cervical (Pap),2018,Kristiinankaupunki,287,79.3,192
Cervical (Pap),2011,Sauvo,738,71.5,113
Cervical (Pap),2023,Orivesi,562,68.6,313
Cervical (Pap),2011,Vieremä,925,51.8,101
Cervical (Pap),2017,Pyhäranta,631,77,67
Cervical (Pap),2014,Keitele,239,75.5,71
Cervical (Pap),2017,Haapajärvi,069,65.5,188
Cervical (Pap),2020,Petäjävesi,592,58.6,99
Cervical (Pap),2014,Geta,065,70.4,19
Cervical (Pap),2023,Joensuu,167,64.5,2490
Cervical (Pap),2013,Kannus,217,80.5,223
Cervical (Pap),2022,Kittilä,261,70.4,252
Cervical (Pap),2014,Kangasniemi,213,75.9,151
Cervical (Pap),2022,Lappajärvi,403,63.4,83
Cervical (Pap),2013,Alajärvi,005,84.3,349
Cervical (Pap),2022,Halsua,074,66.7,32
Cervical (Pap),2019,Kruunupyy,288,34.9,87
Cervical (Pap),2018,Mustasaari,499,76.7,672
Cervical (Pap),2012,Alavieska,009,76.8,76
Cervical (Pap),2015,Sysmä,781,65.3,113
Cervical (Pap),2012,Siikajoki,748,60.7,142
Cervical (Pap),2021,Lumijoki,436,61.3,49
Cervical (Pap),2023,Äänekoski,992,62.6,627
Cervical (Pap),2020,Ilmajoki,145,81.1,439
Cervical (Pap),2010,Juva,178,78.2,258
Cervical (Pap),2014,Lieksa,422,70.5,380
Cervical (Pap),2020,Kolari,273,74.1,123
Cervical (Pap),2021,Kokemäki,271,78.4,287
Cervical (Pap),2018,Varkaus,915,68.8,605
Cervical (Pap),2021,Siikalatva,791,76.1,172
Cervical (Pap),2011,Juuka,176,81.2,190
Cervical (Pap),2014,Akaa,020,62.5,490
Cervical (Pap),2017,Tornio,851,77.3,711
Cervical (Pap),2011,Sulkava,768,83.8,93
Cervical (Pap),2018,Parikkala,580,69.9,135
Cervical (Pap),2019,Pelkosenniemi,583,68.9,31
Cervical (Pap),2020,Lestijärvi,421,88.9,24
Cervical (Pap),2013,Enontekiö,047,70.5,79
Cervical (Pap),2023,Akaa,020,71.3,596
Cervical (Pap),2011,Sievi,746,55.8,110
Cervical (Pap),2016,Utajärvi,889,74,74
Cervical (Pap),2024,Sysmä,781,65.9,108
Cervical (Pap),2020,Oulu,564,70.4,6386
Cervical (Pap),2013,Halsua,074,81.5,44
Cervical (Pap),2015,Lahti,398,68.4,3585
Cervical (Pap),2016,Rovaniemi,698,73.3,2175
Cervical (Pap),2016,Paimio,577,69.4,395
Cervical (Pap),2013,Kittilä,261,64.1,196
Cervical (Pap),2024,Virrat,936,66.3,177
Cervical (Pap),2018,Suomussalmi,777,77.7,331
Cervical (Pap),2019,Kannonkoski,216,73.7,42
Cervical (Pap),2024,Alavus,010,80.4,415
Cervical (Pap),2019,Punkalaidun,619,74.6,100
Cervical (Pap),2016,Iitti,142,74.5,234
Cervical (Pap),2010,Tervo,844,65.1,41
Cervical (Pap),2016,Mikkeli,491,78.5,1830
Cervical (Pap),2012,Huittinen,102,81.9,371
Cervical (Pap),2012,Rautalampi,686,82.6,133
Cervical (Pap),2014,Kaavi,204,75.4,104
Cervical (Pap),2016,Viitasaari,931,76.1,223
Cervical (Pap),2017,Kurikka,301,72.1,683
Cervical (Pap),2019,Liminka,425,76.2,355
Cervical (Pap),2020,Vieremä,925,56.4,79
Cervical (Pap),2023,Karvia,230,75.3,70
Cervical (Pap),2016,Savukoski,742,51.2,21
Cervical (Pap),2014,Sotkamo,765,71.5,362
Cervical (Pap),2021,Mäntyharju,507,68.5,174
Cervical (Pap),2014,Joensuu,167,59.4,2008
Cervical (Pap),2016,Valkeakoski,908,67.9,655
Cervical (Pap),2015,Merijärvi,483,64.3,27
Cervical (Pap),2020,Riihimäki,694,67.9,836
Cervical (Pap),2014,Laihia,399,78.6,301
Cervical (Pap),2019,Kangasniemi,213,73.5,136
Cervical (Pap),2010,Imatra,153,75.8,1058
Cervical (Pap),2014,Orivesi,562,70.4,286
Cervical (Pap),2020,Uusikaupunki,895,65.2,420
Cervical (Pap),2022,Jyväskylä,179,71.9,5242
Cervical (Pap),2021,Kumlinge,295,80,12
Cervical (Pap),2024,Kouvola,286,77.7,3415
Cervical (Pap),2020,Naantali,529,77.3,750
Cervical (Pap),2024,Siilinjärvi,749,67.6,808
Cervical (Pap),2015,Kemiönsaari,322,74.8,208
Cervical (Pap),2013,Rauma,684,63.9,1365
Cervical (Pap),2022,Pielavesi,595,60.5,107
Cervical (Pap),2015,Pyhäjoki,625,70.6,89
Cervical (Pap),2024,Salla,732,72.5,95
Cervical (Pap),2024,Kivijärvi,265,66,31
Cervical (Pap),2016,Kauhava,233,79.9,552
Cervical (Pap),2024,Hankasalmi,077,68.1,139
Cervical (Pap),2015,Ähtäri,989,79.3,238
Cervical (Pap),2022,Ylitornio,976,70.1,124
Cervical (Pap),2013,Lohja,444,71.2,1687
Cervical (Pap),2012,Hämeenlinna,109,55.7,1720
Cervical (Pap),2022,Tervola,845,56.2,77
Cervical (Pap),2021,Kuhmoinen,291,83.5,71
Cervical (Pap),2021,Maarianhamina - Mariehamn,478,72,430
Cervical (Pap),2024,Mäntsälä,505,71,849
Cervical (Pap),2024,Lahti,398,67.8,4266
Cervical (Pap),2017,Utsjoki,890,51.1,23
Cervical (Pap),2023,Helsinki,091,71.7,32109
Cervical (Pap),2020,Kirkkonummi,257,71.3,1549
Cervical (Pap),2019,Juva,178,80,192
Cervical (Pap),2017,Vårdö,941,48,12
Cervical (Pap),2023,Askola,018,76.9,216
Cervical (Pap),2020,Somero,761,77.8,308
Cervical (Pap),2023,Lapinlahti,402,60,255
Cervical (Pap),2012,Jämijärvi,181,70.4,57
Cervical (Pap),2017,Taipalsaari,831,81.4,180
Cervical (Pap),2012,Uurainen,892,73.9,122
Cervical (Pap),2023,Pomarkku,608,85.4,76
Cervical (Pap),2021,Alavieska,009,70.1,68
Cervical (Pap),2012,Taivassalo,833,82.1,64
Cervical (Pap),2019,Suomussalmi,777,76.1,284
Cervical (Pap),2023,Kaavi,204,65.6,86
Cervical (Pap),2022,Kemi,240,68.9,655
Cervical (Pap),2024,Kokkola,272,67.7,1543
Cervical (Pap),2024,Rautavaara,687,81.2,56
Cervical (Pap),2011,Pudasjärvi,615,74.1,269
Cervical (Pap),2015,Mäntsälä,505,60.5,815
Cervical (Pap),2017,Keuruu,249,68.9,288
Cervical (Pap),2014,Tampere,837,70.2,6978
Cervical (Pap),2011,Naantali,529,63.2,551
Cervical (Pap),2017,Kontiolahti,276,74.7,545
Cervical (Pap),2014,Vaala,785,69.4,86
Cervical (Pap),2011,Oulu,564,67.1,5839
Cervical (Pap),2011,Riihimäki,694,68,919
Cervical (Pap),2016,Tohmajärvi,848,72.4,147
Cervical (Pap),2021,Pyhtää,624,75.6,220
Cervical (Pap),2013,Kemi,240,69,677
Cervical (Pap),2014,Pukkila,616,79,79
Cervical (Pap),2017,Loviisa,434,67.9,447
Cervical (Pap),2014,Savitaipale,739,66.2,88
Cervical (Pap),2011,Ilmajoki,145,77.8,434
Cervical (Pap),2023,Kuortane,300,73.2,123
Cervical (Pap),2018,Janakkala,165,69.7,508
Cervical (Pap),2021,Kerava,245,72.9,1669
Cervical (Pap),2019,Muurame,500,76.3,379
Cervical (Pap),2020,Posio,614,80.1,109
Cervical (Pap),2019,Harjavalta,079,75.1,265
Cervical (Pap),2013,Teuva,846,80.6,187
Cervical (Pap),2022,Rauma,684,71.7,1547
Cervical (Pap),2024,Loimaa,430,81.1,566
Cervical (Pap),2010,Pirkkala,604,70.5,591
Cervical (Pap),2012,Kökar,318,63.6,7
Cervical (Pap),2018,Simo,751,69.9,86
Cervical (Pap),2020,Tammela,834,68.4,180
Cervical (Pap),2011,Kaustinen,236,78.4,178
Cervical (Pap),2021,Jämijärvi,181,80,68
Cervical (Pap),2020,Sulkava,768,74.7,71
Cervical (Pap),2010,Suonenjoki,778,79.4,274
Cervical (Pap),2015,Kolari,273,73.5,125
Cervical (Pap),2020,Kangasala,211,73.1,999
Cervical (Pap),2018,Pedersören kunta,599,78.8,416
Cervical (Pap),2018,Ylöjärvi,980,71.5,1121
Cervical (Pap),2010,Kannonkoski,216,85.7,42
Cervical (Pap),2013,Kempele,244,79.5,604
Cervical (Pap),2019,Keitele,239,72.2,57
Cervical (Pap),2022,Vihti,927,73.4,1253
Cervical (Pap),2016,Vimpeli,934,83.3,105
Cervical (Pap),2012,Joroinen,171,82.7,167
Cervical (Pap),2021,Kiuruvesi,263,72.9,204
Cervical (Pap),2020,Kauniainen,235,71.9,327
Cervical (Pap),2016,Kinnula,256,63.6,42
Cervical (Pap),2018,Eura,050,81.1,424
Cervical (Pap),2021,Myrskylä,504,71.8,51
Cervical (Pap),2014,Ilomantsi,146,52.7,116
Cervical (Pap),2015,Jämsä,182,64.6,573
Cervical (Pap),2017,Tuusniemi,857,63.2,72
Cervical (Pap),2013,Inari,148,78.7,270
Cervical (Pap),2015,Virrat,936,65.3,181
Cervical (Pap),2018,Äänekoski,992,66.7,576
Cervical (Pap),2023,Geta,065,75.7,28
Cervical (Pap),2019,Maalahti,475,71.7,152
Cervical (Pap),2024,Toholampi,849,77.8,105
Cervical (Pap),2014,Aura,019,71.7,134
Cervical (Pap),2019,Imatra,153,70,799
Cervical (Pap),2017,Pori,609,65.4,2636
Cervical (Pap),2015,Humppila,103,58,69
Cervical (Pap),2018,Polvijärvi,607,79.1,129
Cervical (Pap),2019,Ypäjä,981,67.6,69
Cervical (Pap),2024,Pihtipudas,601,60.8,121
Cervical (Pap),2022,Urjala,887,61.9,122
Cervical (Pap),2011,Heinola,111,71.1,691
Cervical (Pap),2016,Ruovesi,702,58.6,109
Cervical (Pap),2019,Enonkoski,046,68.3,41
Cervical (Pap),2013,Ylivieska,977,83.8,518
Cervical (Pap),2024,Merijärvi,483,76.3,29
Cervical (Pap),2021,Huittinen,102,73.8,417
Cervical (Pap),2014,Karvia,230,69.1,65
Cervical (Pap),2010,Hyvinkää,106,62.7,1487
Cervical (Pap),2021,Karijoki,218,71.4,40
Cervical (Pap),2010,Tornio,851,63,649
Cervical (Pap),2010,Lemi,416,69.4,102
Cervical (Pap),2013,Lappajärvi,403,71.3,122
Cervical (Pap),2010,Nurmijärvi,543,51.6,1212
Cervical (Pap),2011,Sonkajärvi,762,73.2,153
Cervical (Pap),2012,Porvoo,638,73,1805
Cervical (Pap),2010,Rääkkylä,707,60.6,60
Cervical (Pap),2021,Virolahti,935,75.7,131
Cervical (Pap),2010,Pelkosenniemi,583,79.6,43
Cervical (Pap),2017,Karkkila,224,70.1,296
Cervical (Pap),2013,Padasjoki,576,75.3,137
Cervical (Pap),2024,Jämijärvi,181,80.2,77
Cervical (Pap),2011,Lestijärvi,421,65.6,21
Cervical (Pap),2023,Pyhäntä,630,56.5,35
Cervical (Pap),2017,Kajaani,205,67.5,1278
Cervical (Pap),2012,Reisjärvi,691,70.7,87
Cervical (Pap),2010,Kemi,240,63.7,625
Cervical (Pap),2017,Siuntio,755,77.7,223
Cervical (Pap),2012,Saltvik,736,67,73
Cervical (Pap),2015,Hammarland,076,73.7,56
Cervical (Pap),2016,Eckerö,043,76.4,42
Cervical (Pap),2017,Jokioinen,169,69.2,166
Cervical (Pap),2023,Loppi,433,67.1,277
Cervical (Pap),2022,Liperi,426,69.6,434
Cervical (Pap),2018,Liminka,425,73.7,311
Cervical (Pap),2019,Sund,771,80.4,37
Cervical (Pap),2021,Taivalkoski,832,72.9,102
Cervical (Pap),2017,Lemland,417,83.2,84
Cervical (Pap),2010,Sipoo,753,62.3,546
Cervical (Pap),2012,Vesilahti,922,53.7,123
Cervical (Pap),2017,Pello,854,74.6,85
Cervical (Pap),2019,Hailuoto,072,44.7,17
Cervical (Pap),2019,Toivakka,850,66.7,74
Cervical (Pap),2012,Lumijoki,436,61.9,60
Cervical (Pap),2017,Tampere,837,68.7,7362
Cervical (Pap),2019,Pieksämäki,593,76.2,594
Cervical (Pap),2021,Siikajoki,748,68.8,121
Cervical (Pap),2023,Merikarvia,484,80.1,109
Cervical (Pap),2010,Hanko,078,53,233
Cervical (Pap),2018,Kitee,260,60.9,262
Cervical (Pap),2020,Ilomantsi,146,83.6,143
Cervical (Pap),2018,Sipoo,753,69.5,717
Cervical (Pap),2010,Siikainen,747,72.8,59
Cervical (Pap),2012,Loimaa,430,72.8,501
Cervical (Pap),2010,Juupajoki,177,57.3,55
Cervical (Pap),2013,Suonenjoki,778,81.9,280
Cervical (Pap),2017,Lempäälä,418,69.9,755
Cervical (Pap),2014,Heinävesi,090,71.8,112
Cervical (Pap),2021,Humppila,103,67.5,54
Cervical (Pap),2016,Haapavesi,071,76.7,243
Cervical (Pap),2024,Janakkala,165,70.4,565
Cervical (Pap),2022,Pieksämäki,593,77,678
Cervical (Pap),2011,Kuusamo,305,90.1,666
Cervical (Pap),2022,Hirvensalmi,097,65.9,60
Cervical (Pap),2021,Leppävirta,420,55.7,221
Cervical (Pap),2024,Virolahti,935,74.7,109
Cervical (Pap),2010,Marttila,480,70.7,53
Cervical (Pap),2012,Kuhmo,290,70.2,287
Cervical (Pap),2020,Joutsa,172,60.2,112
Cervical (Pap),2016,Ikaalinen,143,68.8,220
Cervical (Pap),2016,Ruokolahti,700,72.5,153
Cervical (Pap),2019,Kankaanpää,214,78.7,469
Cervical (Pap),2021,Ii,139,71.4,327
Cervical (Pap),2015,Ylöjärvi,980,67.5,1045
Cervical (Pap),2022,Lappeenranta,405,70.6,2759
Cervical (Pap),2021,Sodankylä,758,73,260
Cervical (Pap),2018,Hyrynsalmi,105,82.3,79
Cervical (Pap),2011,Joutsa,172,67.7,168
Cervical (Pap),2014,Kaarina,202,81.4,1362
Cervical (Pap),2022,Muurame,500,76.4,438
Cervical (Pap),2015,Salo,734,60.6,1510
Cervical (Pap),2014,Keuruu,249,69.5,299
Cervical (Pap),2020,Veteli,924,77.1,91
Cervical (Pap),2015,Janakkala,165,72.1,555
Cervical (Pap),2021,Uusikaarlepyy,893,75.2,255
Cervical (Pap),2016,Teuva,846,75.3,168
Cervical (Pap),2019,Liperi,426,76.6,403
Cervical (Pap),2014,Sonkajärvi,762,66.5,127
Cervical (Pap),2018,Ähtäri,989,76.7,191
Cervical (Pap),2017,Ristijärvi,697,75.4,43
Cervical (Pap),2014,Lapinjärvi,407,68.8,88
Cervical (Pap),2023,Savonlinna,740,82.8,1229
Cervical (Pap),2014,Laitila,400,54.9,197
Cervical (Pap),2019,Juupajoki,177,63.6,56
Cervical (Pap),2023,Keuruu,249,69.5,314
Cervical (Pap),2013,Muurame,500,74.5,363
Cervical (Pap),2023,Outokumpu,309,64.7,183
Cervical (Pap),2020,Nakkila,531,80.9,229
Cervical (Pap),2017,Turku,853,78.3,7636
Cervical (Pap),2023,Pudasjärvi,615,73.9,241
Cervical (Pap),2016,Kemijärvi,320,74.6,244
Cervical (Pap),2013,Ranua,683,63.4,90
Cervical (Pap),2023,Kaarina,202,83.5,1623
Cervical (Pap),2012,Pornainen,611,49,124
Cervical (Pap),2024,Ylöjärvi,980,74.9,1320
Cervical (Pap),2013,Lappeenranta,405,71.3,2412
Cervical (Pap),2024,Hammarland,076,78,64
Cervical (Pap),2024,Maarianhamina - Mariehamn,478,79.1,484
Cervical (Pap),2019,Kemi,240,67.9,588
Cervical (Pap),2012,Taivalkoski,832,80.2,146
Cervical (Pap),2012,Humppila,103,72.6,98
Cervical (Pap),2010,Tervola,845,59,82
Cervical (Pap),2012,Rautavaara,687,72.1,62
Cervical (Pap),2013,Paimio,577,68.1,359
Cervical (Pap),2016,Inkoo,149,70,196
Cervical (Pap),2015,Jämijärvi,181,76.5,62
Cervical (Pap),2013,Ulvila,886,70.9,446
Cervical (Pap),2022,Sund,771,68.2,45
Cervical (Pap),2010,Parikkala,580,69.3,217
Cervical (Pap),2015,Nurmes,541,66.5,298
Cervical (Pap),2022,Ranua,683,73.6,128
Cervical (Pap),2012,Kuopio,297,57.6,3209
Cervical (Pap),2011,Vaala,785,66.9,91
Cervical (Pap),2020,Sonkajärvi,762,60.9,84
Cervical (Pap),2015,Parainen,445,76.5,517
Cervical (Pap),2020,Kuopio,297,56,4019
Cervical (Pap),2024,Siikajoki,748,59.6,130
Cervical (Pap),2011,Nokia,536,70.6,1084
Cervical (Pap),2017,Lumparland,438,76.9,10
Cervical (Pap),2022,Aura,019,74.6,170
Cervical (Pap),2016,Nivala,535,79.8,355
Cervical (Pap),2022,Kruunupyy,288,78.8,223
Cervical (Pap),2012,Mynämäki,503,53.6,201
Cervical (Pap),2022,Teuva,846,73.5,158
Cervical (Pap),2010,Puolanka,620,76.4,110
Cervical (Pap),2013,Liperi,426,74.2,449
Cervical (Pap),2013,Vimpeli,934,80.9,110
Cervical (Pap),2017,Evijärvi,052,72.9,62
Cervical (Pap),2018,Mäntsälä,505,72,727
Cervical (Pap),2020,Kuusamo,305,74.6,460
Cervical (Pap),2024,Pyhtää,624,81,213
Cervical (Pap),2020,Forssa,061,64.3,399
Cervical (Pap),2011,Nakkila,531,72.7,189
Cervical (Pap),2015,Oripää,561,78.9,45
Cervical (Pap),2013,Koski Tl,284,80.2,77
Cervical (Pap),2018,Kouvola,286,68,2442
Cervical (Pap),2011,Ilomantsi,146,66.8,175
Cervical (Pap),2014,Merikarvia,484,53.5,76
Cervical (Pap),2014,Pyhäjärvi,626,71.1,175
Cervical (Pap),2024,Nurmes,541,59.5,239
Cervical (Pap),2023,Oripää,561,75.4,52
Cervical (Pap),2024,Ähtäri,989,80.7,205
Cervical (Pap),2021,Kokkola,272,73.2,1500
Cervical (Pap),2023,Salo,734,78.9,2050
Cervical (Pap),2022,Paimio,577,76,431
Cervical (Pap),2019,Parainen,445,73.5,471
Cervical (Pap),2018,Parkano,581,68.3,168
Cervical (Pap),2018,Toivakka,850,80,64
Cervical (Pap),2024,Varkaus,915,70.5,674
Cervical (Pap),2015,Kokkola,272,69.8,1416
Cervical (Pap),2012,Vehmaa,918,77.5,86
Cervical (Pap),2019,Kärkölä,316,62.2,107
Cervical (Pap),2023,Lumparland,438,81.3,13
Cervical (Pap),2018,Juva,178,81.5,202
Cervical (Pap),2015,Polvijärvi,607,73.7,140
Cervical (Pap),2022,Pälkäne,635,68.4,234
Cervical (Pap),2018,Rantasalmi,681,66.7,100
Cervical (Pap),2010,Raasepori,710,52.3,771
Cervical (Pap),2022,Enonkoski,046,64,32
Cervical (Pap),2024,Orimattila,560,67.5,531
Cervical (Pap),2021,Merijärvi,483,74.3,26
Cervical (Pap),2018,Muonio,498,70.3,90
Cervical (Pap),2012,Saarijärvi,729,79.5,381
Cervical (Pap),2012,Asikkala,016,70.7,355
Cervical (Pap),2012,Isokyrö,152,79.6,168
Cervical (Pap),2019,Alajärvi,005,79.1,307
Cervical (Pap),2019,Inari,148,71.7,309
Cervical (Pap),2019,Nurmijärvi,543,71.3,1858
Cervical (Pap),2017,Joensuu,167,63.8,2077
Cervical (Pap),2019,Enontekiö,047,64.6,73
Cervical (Pap),2021,Lohja,444,74.6,2034
Cervical (Pap),2017,Sodankylä,758,81.7,286
Cervical (Pap),2023,Jokioinen,169,70.2,177
Cervical (Pap),2018,Lemi,416,68.3,99
Cervical (Pap),2020,Föglö,062,95.5,21
Cervical (Pap),2020,Lieksa,422,73.5,313
Cervical (Pap),2015,Kyyjärvi,312,75.5,40
Cervical (Pap),2013,Enonkoski,046,69.6,32
Cervical (Pap),2010,Toivakka,850,71.4,80
Cervical (Pap),2017,Geta,065,69.2,18
Cervical (Pap),2015,Siikalatva,791,73.2,208
Cervical (Pap),2012,Jomala,170,72.4,160
Cervical (Pap),2017,Iisalmi,140,64.8,625
Cervical (Pap),2021,Kivijärvi,265,64.9,24
Cervical (Pap),2013,Kruunupyy,288,76.8,238
Cervical (Pap),2020,Nokia,536,70.7,1105
Cervical (Pap),2018,Laukaa,410,71.7,650
Cervical (Pap),2013,Muhos,494,66,237
Cervical (Pap),2019,Pirkkala,604,78.3,789
Cervical (Pap),2022,Vimpeli,934,73.9,88
Cervical (Pap),2013,Imatra,153,73.4,963
Cervical (Pap),2013,Pöytyä,636,75.4,264
Cervical (Pap),2021,Mynämäki,503,77,258
Cervical (Pap),2010,Kärkölä,316,75.7,206
Cervical (Pap),2024,Kyyjärvi,312,64,32
Cervical (Pap),2017,Lieto,423,85.8,810
Cervical (Pap),2015,Toholampi,849,88.1,126
Cervical (Pap),2012,Kuhmoinen,291,74.2,66
Cervical (Pap),2014,Sulkava,768,85,108
Cervical (Pap),2024,Siikalatva,791,80,176
Cervical (Pap),2023,Loviisa,434,77.1,596
Cervical (Pap),2015,Hankasalmi,077,65.3,130
Cervical (Pap),2018,Hyvinkää,106,71.6,1668
Cervical (Pap),2015,Pyhtää,624,74.8,240
Cervical (Pap),2018,Sysmä,781,68.5,115
Cervical (Pap),2012,Vesanto,921,57.6,57
Cervical (Pap),2020,Vaala,785,72.8,67
Cervical (Pap),2011,Kirkkonummi,257,55.3,1123
Cervical (Pap),2016,Kustavi,304,66.7,28
Cervical (Pap),2022,Pöytyä,636,66.2,263
Cervical (Pap),2015,Salla,732,77.1,108
Cervical (Pap),2010,Simo,751,78.2,115
Cervical (Pap),2024,Polvijärvi,607,64.8,125
Cervical (Pap),2020,Akaa,020,64.1,457
Cervical (Pap),2022,Parkano,581,70.1,197
Cervical (Pap),2017,Vaasa,905,77.4,2247
Cervical (Pap),2024,Säkylä,783,84,279
Cervical (Pap),2021,Reisjärvi,691,71.8,74
Cervical (Pap),2021,Isokyrö,152,78.4,138
Cervical (Pap),2017,Rautjärvi,689,64.9,87
Cervical (Pap),2014,Pyhäntä,630,76.9,60
Cervical (Pap),2023,Laihia,399,77.4,336
Cervical (Pap),2021,Järvenpää,186,74.9,2100
Cervical (Pap),2015,Orimattila,560,75.2,601
Cervical (Pap),2021,Uurainen,892,68.3,110
Cervical (Pap),2017,Karstula,226,77.5,148
Cervical (Pap),2011,Lieksa,422,69.4,390
Cervical (Pap),2015,Varkaus,915,59,553
Cervical (Pap),2017,Kuortane,300,73.8,121
Cervical (Pap),2014,Petäjävesi,592,74.1,140
Cervical (Pap),2023,Haapajärvi,069,73,208
Cervical (Pap),2011,Föglö,062,59.4,19
Cervical (Pap),2012,Myrskylä,504,69.2,74
Cervical (Pap),2020,Luumäki,441,69.7,129
Cervical (Pap),2013,Savukoski,742,73.9,34
Cervical (Pap),2017,Kalajoki,208,77.4,445
Cervical (Pap),2018,Pelkosenniemi,583,69.8,30
Cervical (Pap),2016,Nousiainen,538,69.2,146
Cervical (Pap),2021,Soini,759,69.1,56
Cervical (Pap),2023,Lapinjärvi,407,67.5,77
Cervical (Pap),2010,Halsua,074,73.1,49
Cervical (Pap),2011,Hailuoto,072,69.2,27
Cervical (Pap),2012,Uusikaarlepyy,893,70.1,232
Cervical (Pap),2023,Tampere,837,69.8,9204
Cervical (Pap),2013,Viitasaari,931,77.1,243
Cervical (Pap),2014,Vihti,927,70,1067
Cervical (Pap),2011,Keitele,239,70.2,66
Cervical (Pap),2022,Kangasniemi,213,75.2,185
Cervical (Pap),2016,Luoto,440,60.3,135
Cervical (Pap),2019,Rääkkylä,707,65.1,54
Cervical (Pap),2013,Karijoki,218,75,45
Cervical (Pap),2023,Kolari,273,68.6,157
Cervical (Pap),2012,Luhanka,435,75,15
Cervical (Pap),2017,Perho,584,72.8,59
Cervical (Pap),2021,Kempele,244,77.3,659
Cervical (Pap),2019,Suonenjoki,778,83.1,241
Cervical (Pap),2021,Siilinjärvi,749,64.6,619
Cervical (Pap),2021,Kuhmo,290,80.5,281
Cervical (Pap),2010,Pedersören kunta,599,77.6,406
Cervical (Pap),2016,Pihtipudas,601,78.3,155
Cervical (Pap),2012,Ii,139,70.8,288
Cervical (Pap),2017,Kauhajoki,232,73.9,476
Cervical (Pap),2016,Kauniainen,235,68.5,346
Cervical (Pap),2019,Tervo,844,65.2,43
Cervical (Pap),2010,Maalahti,475,76.5,192
Cervical (Pap),2012,Mäntyharju,507,76.7,319
Cervical (Pap),2021,Evijärvi,052,76.6,72
Cervical (Pap),2011,Oulainen,563,67.6,230
Cervical (Pap),2014,Helsinki,091,67.5,30656
Cervical (Pap),2023,Pyhäjärvi,626,74.1,160
Cervical (Pap),2024,Isojoki,151,80.5,66
Cervical (Pap),2013,Hirvensalmi,097,63,58
Cervical (Pap),2021,Rautalampi,686,80.9,93
Cervical (Pap),2023,Savitaipale,739,74.2,115
Cervical (Pap),2018,Kannonkoski,216,80.8,42
Cervical (Pap),2016,Hamina,075,80.9,713
Cervical (Pap),2020,Porvoo,638,72.3,2074
Cervical (Pap),2017,Pomarkku,608,78.2,61
Cervical (Pap),2021,Hämeenlinna,109,71.5,2170
Cervical (Pap),2019,Hanko,078,69.3,320
Cervical (Pap),2017,Hämeenkyrö,108,72.6,365
Cervical (Pap),2010,Kitee,260,73,395
Cervical (Pap),2011,Veteli,924,79.8,154
Cervical (Pap),2022,Ulvila,886,69,496
Cervical (Pap),2013,Ylitornio,976,74.7,145
Cervical (Pap),2020,Taivassalo,833,63.2,43
Cervical (Pap),2018,Espoo,049,70,10154
Cervical (Pap),2023,Pori,609,67.4,3064
Cervical (Pap),2022,Kannus,217,80.4,222
Cervical (Pap),2012,Kerava,245,56.4,1029
Cervical (Pap),2011,Posio,614,66,105
Cervical (Pap),2010,Kankaanpää,214,75.8,538
Cervical (Pap),2014,Lapinlahti,402,69,349
Cervical (Pap),2010,Harjavalta,079,82.2,278
Cervical (Pap),2011,Tammela,834,82.3,256
Cervical (Pap),2012,Somero,761,72.4,275
Cervical (Pap),2020,Kaustinen,236,79.1,144
Cervical (Pap),2023,Heinävesi,090,67.4,87
Cervical (Pap),2014,Outokumpu,309,80.9,245
Cervical (Pap),2012,Finström,060,65.2,92
Cervical (Pap),2013,Pieksämäki,593,74.1,605
Cervical (Pap),2015,Siikajoki,748,72.7,157
Cervical (Pap),2015,Kiuruvesi,263,76.9,259
Cervical (Pap),2012,Leppävirta,420,58.5,297
Cervical (Pap),2016,Rusko,704,79,211
Cervical (Pap),2015,Maarianhamina - Mariehamn,478,72.7,464
Cervical (Pap),2014,Savonlinna,740,77.2,1133
Cervical (Pap),2024,Tohmajärvi,848,70.3,135
Cervical (Pap),2017,Loppi,433,72.6,273
Cervical (Pap),2014,Askola,018,46.4,110
Cervical (Pap),2013,Sund,771,66.1,41
Cervical (Pap),2016,Keminmaa,241,73.5,278
Cervical (Pap),2015,Virolahti,935,68.5,102
Cervical (Pap),2023,Pukkila,616,69.1,65
Cervical (Pap),2021,Rautjärvi,689,77.6,97
Cervical (Pap),2014,Tammela,834,75.6,226
Cervical (Pap),2015,Huittinen,102,82.5,367
Cervical (Pap),2015,Rautalampi,686,73,103
Cervical (Pap),2018,Toholampi,849,81,85
Cervical (Pap),2016,Nokia,536,69.7,1133
Cervical (Pap),2013,Tohmajärvi,848,52.5,114
Cervical (Pap),2012,Kärsämäki,317,82.8,106
Cervical (Pap),2010,Rauma,684,63.3,1313
Cervical (Pap),2021,Jämsä,182,71.4,569
Cervical (Pap),2024,Kerava,245,72.6,1669
Cervical (Pap),2011,Lapinlahti,402,67.7,354
Cervical (Pap),2017,Laihia,399,73.3,307
Cervical (Pap),2021,Hartola,081,71.2,84
Cervical (Pap),2012,Mäntsälä,505,53.8,562
Cervical (Pap),2016,Lappajärvi,403,72,90
Cervical (Pap),2013,Keminmaa,241,82.1,321
Cervical (Pap),2015,Hyvinkää,106,72.1,1658
Cervical (Pap),2014,Iisalmi,140,64.3,632
Cervical (Pap),2015,Lemi,416,72.7,96
Cervical (Pap),2020,Helsinki,091,66.6,28914
Cervical (Pap),2013,Tervo,844,86.7,52
Cervical (Pap),2020,Kauhava,233,73.8,474
Cervical (Pap),2011,Pukkila,616,77,57
Cervical (Pap),2010,Rantasalmi,681,77,137
Cervical (Pap),2019,Kyyjärvi,312,73.9,34
Cervical (Pap),2023,Naantali,529,80,927
Cervical (Pap),2020,Pukkila,616,53.8,42
Cervical (Pap),2012,Lahti,398,70.6,3941
Cervical (Pap),2014,Oulu,564,68.3,5971
Cervical (Pap),2012,Hartola,081,67.1,94
Cervical (Pap),2021,Lahti,398,73,3845
Cervical (Pap),2022,Raahe,678,72.5,782
Cervical (Pap),2011,Nivala,535,78.2,363
Cervical (Pap),2015,Kokemäki,271,76.3,254
Cervical (Pap),2017,Tuusula,858,74.2,1523
Cervical (Pap),2024,Kökar,318,63.6,7
Cervical (Pap),2024,Mynämäki,503,74.8,315
Cervical (Pap),2018,Liperi,426,76.1,424
Cervical (Pap),2020,Hausjärvi,086,65.2,242
Cervical (Pap),2017,Akaa,020,63.2,473
Cervical (Pap),2019,Halsua,074,76.9,30
Cervical (Pap),2021,Kärsämäki,317,83.8,83
Cervical (Pap),2013,Nousiainen,538,72.3,167
Cervical (Pap),2023,Heinola,111,73.7,607
Cervical (Pap),2018,Marttila,480,75,63
Cervical (Pap),2013,Hollola,098,81,1168
Cervical (Pap),2016,Kirkkonummi,257,72.2,1493
Cervical (Pap),2021,Vårdö,941,73.7,14
Cervical (Pap),2011,Kangasniemi,213,79.1,186
Cervical (Pap),2024,Rautalampi,686,65.8,98
Cervical (Pap),2024,Huittinen,102,64.8,313
Cervical (Pap),2020,Mikkeli,491,71.3,1743
Cervical (Pap),2013,Rusko,704,70.8,218
Cervical (Pap),2022,Tervo,844,61.3,46
Cervical (Pap),2017,Hämeenlinna,109,68.9,2105
Cervical (Pap),2021,Sysmä,781,74.1,80
Cervical (Pap),2010,Kyyjärvi,312,79.7,51
Cervical (Pap),2024,Nurmijärvi,543,77.4,2022
Cervical (Pap),2020,Geta,065,68.2,15
Cervical (Pap),2021,Mäntsälä,505,74.8,909
Cervical (Pap),2021,Ähtäri,989,67.1,151
Cervical (Pap),2017,Taivalkoski,832,73.8,124
Cervical (Pap),2015,Kerava,245,73.4,1380
Cervical (Pap),2015,Toivakka,850,63.1,70
Cervical (Pap),2024,Hyvinkää,106,75.6,2064
Cervical (Pap),2023,Pyhäranta,631,72.6,61
Cervical (Pap),2010,Nurmes,541,75,393
Cervical (Pap),2012,Rautjärvi,689,79.3,119
Cervical (Pap),2018,Kivijärvi,265,80,36
Cervical (Pap),2012,Karstula,226,83.7,169
Cervical (Pap),2016,Kemi,240,65.4,635
Cervical (Pap),2018,Raasepori,710,70.2,938
Cervical (Pap),2012,Taipalsaari,831,77.3,170
Cervical (Pap),2010,Isokyrö,152,80.7,197
Cervical (Pap),2012,Vårdö,941,63.6,14
Cervical (Pap),2018,Humppila,103,61.6,61
Cervical (Pap),2011,Kuortane,300,63.8,113
Cervical (Pap),2018,Rautavaara,687,62.3,38
Cervical (Pap),2017,Lumijoki,436,65.6,59
Cervical (Pap),2014,Posio,614,82.2,120
Cervical (Pap),2016,Ylitornio,976,77,154
Cervical (Pap),2016,Tervola,845,57.1,80
Cervical (Pap),2011,Outokumpu,309,72.1,246
Cervical (Pap),2015,Hanko,078,67.2,274
Cervical (Pap),2016,Padasjoki,576,74.8,92
Cervical (Pap),2011,Kauhava,233,83.7,621
Cervical (Pap),2018,Suonenjoki,778,77.8,245
Cervical (Pap),2019,Sievi,746,75.4,144
Cervical (Pap),2011,Tampere,837,68.5,6769
Cervical (Pap),2012,Kolari,273,70.4,131
Cervical (Pap),2010,Hankasalmi,077,79.9,207
Cervical (Pap),2016,Brändö,035,54.5,12
Cervical (Pap),2015,Pelkosenniemi,583,75,36
Cervical (Pap),2022,Hollola,098,72.6,889
Cervical (Pap),2012,Lempäälä,418,66.9,662
Cervical (Pap),2020,Tampere,837,69.1,7334
Cervical (Pap),2023,Iisalmi,140,80.9,861
Cervical (Pap),2023,Kaskinen,231,54.5,30
Cervical (Pap),2010,Ylöjärvi,980,68.8,978
Cervical (Pap),2021,Oripää,561,74.5,38
Cervical (Pap),2023,Posio,614,69.3,95
Cervical (Pap),2010,Muonio,498,62.8,91
Cervical (Pap),2024,Hanko,078,69.7,260
Cervical (Pap),2014,Sauvo,738,65.3,96
Cervical (Pap),2016,Inari,148,73.9,238
Cervical (Pap),2016,Pälkäne,635,66.9,182
Cervical (Pap),2017,Reisjärvi,691,76,76
Cervical (Pap),2020,Nivala,535,82.8,312
Cervical (Pap),2018,Vantaa,092,63.4,7423
Cervical (Pap),2024,Toivakka,850,68,83
Cervical (Pap),2017,Uurainen,892,60.8,93
Cervical (Pap),2023,Kurikka,301,73.4,667
Cervical (Pap),2023,Tammela,834,70.2,193
Cervical (Pap),2019,Rauma,684,71.8,1488
Cervical (Pap),2013,Liminka,425,77.7,310
Cervical (Pap),2018,Siilinjärvi,749,50.5,516
Cervical (Pap),2020,Ruokolahti,700,66.4,140
Cervical (Pap),2024,Ypäjä,981,59.8,79
Cervical (Pap),2019,Kemijärvi,320,70.2,181
Cervical (Pap),2020,Ikaalinen,143,70.1,188
Cervical (Pap),2022,Viitasaari,931,75.3,229
Cervical (Pap),2017,Saltvik,736,80,84
Cervical (Pap),2011,Luumäki,441,67.9,171
Cervical (Pap),2013,Raahe,678,72.8,775
Cervical (Pap),2017,Vesilahti,922,68.5,150
Cervical (Pap),2011,Geta,065,42.1,8
Cervical (Pap),2015,Rääkkylä,707,76.5,62
Cervical (Pap),2020,Kustavi,304,66.7,22
Cervical (Pap),2022,Mustasaari,499,78.2,781
Cervical (Pap),2022,Savukoski,742,67.3,33
Cervical (Pap),2024,Suomussalmi,777,78,255
Cervical (Pap),2022,Keitele,239,45.4,44
Cervical (Pap),2015,Nurmijärvi,543,69.2,1684
Cervical (Pap),2015,Äänekoski,992,69.2,630
Cervical (Pap),2014,Naantali,529,71.7,644
Cervical (Pap),2011,Ristijärvi,697,82.8,53
Cervical (Pap),2021,Pyhäjoki,625,80.5,95
Cervical (Pap),2022,Kitee,260,60.1,283
Cervical (Pap),2011,Kinnula,256,85.1,63
Cervical (Pap),2024,Karijoki,218,75.5,37
Cervical (Pap),2010,Kempele,244,62,462
Cervical (Pap),2011,Helsinki,091,69,28125
Cervical (Pap),2020,Sotkamo,765,78.5,419
Cervical (Pap),2012,Hämeenkyrö,108,71.5,343
Cervical (Pap),2012,Närpiö,545,69.3,321
Cervical (Pap),2014,Riihimäki,694,76.8,1042
Cervical (Pap),2010,Laukaa,410,68.6,556
Cervical (Pap),2014,Uusikaupunki,895,68.7,549
Cervical (Pap),2023,Somero,761,72.3,289
Cervical (Pap),2014,Heinola,111,72,671
Cervical (Pap),2010,Lohja,444,58.5,1431
Cervical (Pap),2015,Säkylä,783,82.7,259
Cervical (Pap),2012,Pori,609,74.8,2977
Cervical (Pap),2014,Kurikka,301,73.7,738
Cervical (Pap),2012,Salo,734,60,1626
Cervical (Pap),2014,Miehikkälä,489,72.2,57
Cervical (Pap),2020,Oulainen,563,73.9,198
Cervical (Pap),2014,Lestijärvi,421,90.9,30
Cervical (Pap),2019,Ruovesi,702,61.7,103
Cervical (Pap),2023,Uusikaupunki,895,76.9,525
Cervical (Pap),2013,Mustasaari,499,75.5,665
Cervical (Pap),2023,Joutsa,172,61.2,115
Cervical (Pap),2018,Hammarland,076,75.9,66
Cervical (Pap),2013,Paltamo,578,83.1,128
Cervical (Pap),2012,Evijärvi,052,80.4,78
Cervical (Pap),2017,Nakkila,531,78.7,233
Cervical (Pap),2012,Pyhäjoki,625,67.4,97
Cervical (Pap),2016,Sievi,746,61.4,124
Cervical (Pap),2015,Kuhmo,290,76.9,332
Cervical (Pap),2017,Joroinen,171,55.2,107
Cervical (Pap),2023,Sauvo,738,73.7,112
Cervical (Pap),2020,Ristijärvi,697,75.9,44
Cervical (Pap),2022,Koski Tl,284,69.5,66
Cervical (Pap),2014,Forssa,061,73.6,547
Cervical (Pap),2022,Siikainen,747,62.5,45
Cervical (Pap),2018,Isojoki,151,79.7,51
Cervical (Pap),2017,Pyhäjärvi,626,75,132
Cervical (Pap),2016,Raisio,680,74.7,890
Cervical (Pap),2013,Inkoo,149,53.6,134
Cervical (Pap),2024,Pelkosenniemi,583,80.7,46
Cervical (Pap),2010,Parainen,445,57.3,407
Cervical (Pap),2011,Tyrnävä,859,59.4,165
Cervical (Pap),2022,Hamina,075,77.7,816
Cervical (Pap),2010,Virrat,936,76.3,187
Cervical (Pap),2018,Muurame,500,76.3,361
Cervical (Pap),2015,Mänttä-Vilppula,508,65.6,300
Cervical (Pap),2013,Eckerö,043,75,30
Cervical (Pap),2023,Kihniö,250,62.8,54
Cervical (Pap),2013,Kotka,285,84,2315
Cervical (Pap),2010,Jyväskylä,179,71.6,4282
Cervical (Pap),2021,Hyrynsalmi,105,86.7,78
Cervical (Pap),2023,Lestijärvi,421,70,21
Cervical (Pap),2017,Kumlinge,295,54.5,6
Cervical (Pap),2012,Masku,481,57.2,278
Cervical (Pap),2021,Janakkala,165,76,536
Cervical (Pap),2024,Kiuruvesi,263,84.9,310
Cervical (Pap),2020,Valkeakoski,908,65.7,562
Cervical (Pap),2018,Harjavalta,079,77.9,313
Cervical (Pap),2022,Imatra,153,71,1006
Cervical (Pap),2021,Närpiö,545,74.2,371
Cervical (Pap),2013,Juupajoki,177,59.5,50
Cervical (Pap),2019,Laukaa,410,73.2,625
Cervical (Pap),2018,Kannus,217,71.4,167
Cervical (Pap),2022,Hailuoto,072,65.2,30
Cervical (Pap),2023,Forssa,061,68.7,555
Cervical (Pap),2015,Eura,050,82.8,492
Cervical (Pap),2018,Jämsä,182,68.7,609
Cervical (Pap),2017,Kaarina,202,73,1152
Cervical (Pap),2016,Halsua,074,63.6,28
Cervical (Pap),2021,Saarijärvi,729,69.2,274
Cervical (Pap),2021,Hämeenkyrö,108,72.5,350
Cervical (Pap),2015,Punkalaidun,619,72.8,75
Cervical (Pap),2022,Inkoo,149,72.3,214
Cervical (Pap),2012,Alavus,010,72,358
Cervical (Pap),2019,Kemiönsaari,322,66.5,171
Cervical (Pap),2014,Kajaani,205,70,1332
Cervical (Pap),2022,Paltamo,578,79.5,116
Cervical (Pap),2024,Rääkkylä,707,62.6,57
Cervical (Pap),2012,Espoo,049,50.1,6770
Cervical (Pap),2023,Vieremä,925,78.3,130
Cervical (Pap),2012,Sastamala,790,74.6,869
Cervical (Pap),2015,Mynämäki,503,74.5,260
Cervical (Pap),2013,Kristiinankaupunki,287,85.5,236
Cervical (Pap),2017,Orivesi,562,66.5,270
Cervical (Pap),2018,Kruunupyy,288,76.6,203
Cervical (Pap),2023,Lieto,423,84.9,921
Cervical (Pap),2011,Ruokolahti,700,74.7,177
Cervical (Pap),2023,Oulu,564,72.8,7549
Cervical (Pap),2017,Merikarvia,484,51.9,69
Cervical (Pap),2023,Riihimäki,694,69.9,1034
Cervical (Pap),2010,Teuva,846,75.7,212
Cervical (Pap),2012,Merijärvi,483,71.7,38
Cervical (Pap),2020,Vaasa,905,76,2195
Cervical (Pap),2014,Pyhäranta,631,62.8,59
Cervical (Pap),2017,Lieksa,422,76.9,327
Cervical (Pap),2021,Puolanka,620,74,91
Cervical (Pap),2012,Oripää,561,65,39
Cervical (Pap),2019,Hankasalmi,077,71.1,128
Cervical (Pap),2021,Salla,732,71.8,94
Cervical (Pap),2019,Rantasalmi,681,75,96
Cervical (Pap),2014,Tuusniemi,857,68.1,79
Cervical (Pap),2024,Lemi,416,79.9,111
Cervical (Pap),2016,Multia,495,71.9,41
Cervical (Pap),2010,Kittilä,261,76.4,217
Cervical (Pap),2017,Föglö,062,90,18
Cervical (Pap),2018,Ranua,683,69.7,99
Cervical (Pap),2015,Puumala,623,74.7,59
Cervical (Pap),2018,Kemiönsaari,322,74.2,207
Cervical (Pap),2010,Kristiinankaupunki,287,82.2,208
Cervical (Pap),2022,Muhos,494,72.2,312
Cervical (Pap),2016,Kuusamo,305,77,521
Cervical (Pap),2011,Kustavi,304,72.3,34
Cervical (Pap),2011,Aura,019,77.2,139
Cervical (Pap),2023,Jomala,170,81.3,261
Cervical (Pap),2022,Kannonkoski,216,64.3,45
Cervical (Pap),2015,Karkkila,224,66.6,269
Cervical (Pap),2017,Sotkamo,765,67.3,338
Cervical (Pap),2015,Hattula,082,68.4,296
Cervical (Pap),2023,Kuopio,297,63.3,4437
Cervical (Pap),2022,Parikkala,580,71.1,160
Cervical (Pap),2024,Sipoo,753,76,996
Cervical (Pap),2021,Karstula,226,78.7,129
Cervical (Pap),2024,Espoo,049,73,14199
Cervical (Pap),2022,Keminmaa,241,74.2,282
Cervical (Pap),2010,Enontekiö,047,56.2,68
Cervical (Pap),2024,Vehmaa,918,77,77
Cervical (Pap),2011,Lumparland,438,65.2,15
Cervical (Pap),2019,Tervola,845,64.5,80
Cervical (Pap),2013,Utajärvi,889,80.2,105
Cervical (Pap),2020,Kuortane,300,67.6,98
Cervical (Pap),2012,Tornio,851,81.2,816
Cervical (Pap),2019,Kouvola,286,67.8,2453
Cervical (Pap),2012,Ähtäri,989,86.3,220
Cervical (Pap),2021,Eurajoki,051,83.3,395
Cervical (Pap),2019,Muonio,498,69.7,83
Cervical (Pap),2014,Haapajärvi,069,73.7,227
Cervical (Pap),2021,Perho,584,72.7,64
Cervical (Pap),2013,Vöyri,946,67.1,214
Cervical (Pap),2020,Outokumpu,309,83.6,214
Cervical (Pap),2011,Pälkäne,635,65.7,182
Cervical (Pap),2019,Nurmes,541,70.3,246
Cervical (Pap),2012,Sysmä,781,71.6,151
Cervical (Pap),2021,Rautavaara,687,69.4,34
Cervical (Pap),2020,Lapinlahti,402,67.2,250
Cervical (Pap),2021,Lempäälä,418,77.5,884
Cervical (Pap),2021,Marttila,480,65.7,46
Cervical (Pap),2021,Raasepori,710,72.6,1163
Cervical (Pap),2020,Savonlinna,740,79.3,1087
Cervical (Pap),2012,Järvenpää,186,55.3,1167
Cervical (Pap),2020,Tuusula,858,72.6,1585
Cervical (Pap),2022,Nousiainen,538,80.5,186
Cervical (Pap),2011,Mikkeli,491,76.8,1907
Cervical (Pap),2018,Kärkölä,316,73,149
Cervical (Pap),2020,Askola,018,69,171
Cervical (Pap),2016,Lapua,408,73.9,472
Cervical (Pap),2010,Alajärvi,005,87,389
Cervical (Pap),2019,Varkaus,915,74.6,599
Cervical (Pap),2022,Rusko,704,82.6,290
Cervical (Pap),2024,Parainen,445,74.5,565
Cervical (Pap),2014,Kontiolahti,276,69.7,516
Cervical (Pap),2016,Luumäki,441,71,130
Cervical (Pap),2013,Parkano,581,70,205
Cervical (Pap),2017,Vaala,785,73.1,95
Cervical (Pap),2016,Ulvila,886,73.4,444
Cervical (Pap),2015,Espoo,049,65.5,9152
Cervical (Pap),2021,Polvijärvi,607,80.7,138
Cervical (Pap),2023,Laitila,400,67.3,286
Cervical (Pap),2015,Harjavalta,079,75.7,230
Cervical (Pap),2012,Kokkola,272,69.2,1457
Cervical (Pap),2014,Vaasa,905,77.7,2191
Cervical (Pap),2015,Pedersören kunta,599,71.2,371
Cervical (Pap),2017,Kolari,273,69,116
Cervical (Pap),2011,Haapajärvi,069,78,262
Cervical (Pap),2022,Laukaa,410,72,695
Cervical (Pap),2022,Multia,495,68.4,52
Cervical (Pap),2015,Saarijärvi,729,68.2,311
Cervical (Pap),2014,Kalajoki,208,83.5,477
Cervical (Pap),2011,Askola,018,66.7,170
Cervical (Pap),2019,Vimpeli,934,78,110
Cervical (Pap),2021,Orimattila,560,73.5,524
Cervical (Pap),2015,Isokyrö,152,79.8,198
Cervical (Pap),2018,Kiuruvesi,263,66.1,252
Cervical (Pap),2018,Siikajoki,748,66.8,145
Cervical (Pap),2011,Rovaniemi,698,67.6,1864
Cervical (Pap),2018,Kempele,244,75.9,637
Cervical (Pap),2015,Masku,481,78.4,402
Cervical (Pap),2011,Iitti,142,75.5,274
Cervical (Pap),2021,Utsjoki,890,52.8,38
Cervical (Pap),2015,Myrskylä,504,66.3,67
Cervical (Pap),2024,Saarijärvi,729,64.7,308
Cervical (Pap),2019,Kristiinankaupunki,287,77.7,272
Cervical (Pap),2017,Vesanto,921,68.1,47
Cervical (Pap),2016,Kotka,285,69.3,1710
Cervical (Pap),2023,Föglö,062,78.9,15
Cervical (Pap),2018,Punkalaidun,619,71.3,82
Cervical (Pap),2024,Lohja,444,73.5,1923
Cervical (Pap),2017,Luhanka,435,73.9,17
Cervical (Pap),2012,Orimattila,560,71,571
Cervical (Pap),2024,Isokyrö,152,87.9,175
Cervical (Pap),2021,Puumala,623,78.6,44
Cervical (Pap),2017,Jomala,170,81.2,224
Cervical (Pap),2016,Imatra,153,73.9,840
Cervical (Pap),2012,Polvijärvi,607,76.5,163
Cervical (Pap),2019,Parikkala,580,60.6,106
Cervical (Pap),2012,Säkylä,783,85.5,277
Cervical (Pap),2013,Laukaa,410,73.4,661
Cervical (Pap),2023,Kalajoki,208,75.5,407
Cervical (Pap),2024,Pedersören kunta,599,75.9,365
Cervical (Pap),2018,Enonkoski,046,66.7,26
Cervical (Pap),2020,Lapinjärvi,407,63,92
Cervical (Pap),2023,Vaasa,905,74.6,2419
Cervical (Pap),2014,Lieto,423,74.9,700
Cervical (Pap),2014,Nakkila,531,68.9,168
Cervical (Pap),2022,Juva,178,72.5,192
Cervical (Pap),2021,Sastamala,790,75.8,746
Cervical (Pap),2023,Oulainen,563,73.4,235
Cervical (Pap),2021,Lemland,417,80.3,98
Cervical (Pap),2013,Multia,495,63.2,48
Cervical (Pap),2018,Kyyjärvi,312,84.7,50
Cervical (Pap),2013,Parikkala,580,71.1,150
Cervical (Pap),2010,Toholampi,849,83.6,148
Cervical (Pap),2023,Sonkajärvi,762,75.5,120
Cervical (Pap),2010,Mustasaari,499,78.2,677
Cervical (Pap),2023,Ristijärvi,697,68.4,39
Cervical (Pap),2012,Puumala,623,75.6,68
Cervical (Pap),2022,Ruovesi,702,61.1,124
Cervical (Pap),2015,Kärkölä,316,79.4,154
Cervical (Pap),2017,Mäntyharju,507,69.4,206
Cervical (Pap),2024,Harjavalta,079,74,256
Cervical (Pap),2020,Iitti,142,59.2,157
Cervical (Pap),2014,Lumparland,438,78.6,11
Cervical (Pap),2016,Paltamo,578,76.6,95
Cervical (Pap),2016,Pöytyä,636,81.1,314
Cervical (Pap),2022,Seinäjoki,743,82.1,2784
Cervical (Pap),2014,Tyrnävä,859,57.6,167
Cervical (Pap),2022,Kemijärvi,320,73.9,241
Cervical (Pap),2018,Mänttä-Vilppula,508,68.4,251
Cervical (Pap),2021,Vehmaa,918,68.8,64
Cervical (Pap),2020,Rovaniemi,698,71.6,2029
Cervical (Pap),2019,Ranua,683,72.3,99
Cervical (Pap),2011,Kurikka,301,71.6,780
Cervical (Pap),2024,Alavieska,009,78.9,90
Cervical (Pap),2013,Raisio,680,77.1,914
Cervical (Pap),2010,Vimpeli,934,83.7,118
Cervical (Pap),2019,Siikainen,747,83,44
Cervical (Pap),2020,Lieto,423,78.9,732
Cervical (Pap),2011,Luoto,440,67.8,145
Cervical (Pap),2016,Seinäjoki,743,81.2,2516
Cervical (Pap),2015,Sastamala,790,67.7,762
Cervical (Pap),2017,Lestijärvi,421,77.4,24
Cervical (Pap),2016,Hirvensalmi,097,64.4,56
Cervical (Pap),2020,Pudasjärvi,615,68.2,195
Cervical (Pap),2011,Savitaipale,739,67.7,109
Cervical (Pap),2021,Säkylä,783,79.6,214
Cervical (Pap),2016,Pieksämäki,593,77.7,583
Cervical (Pap),2020,Heinävesi,090,77,77
Cervical (Pap),2021,Tornio,851,77.7,694
Cervical (Pap),2014,Oulainen,563,73.7,238
Cervical (Pap),2011,Lapinjärvi,407,59.7,77
Cervical (Pap),2012,Hattula,082,53.1,251
Cervical (Pap),2021,Espoo,049,69.8,12834
Cervical (Pap),2016,Vöyri,946,77.1,286
Cervical (Pap),2010,Liperi,426,75.5,452
Cervical (Pap),2010,Suomussalmi,777,77.2,336
Cervical (Pap),2013,Pihtipudas,601,73.2,150
Cervical (Pap),2012,Pello,854,69.2,99
Cervical (Pap),2024,Hyrynsalmi,105,86.3,82
Cervical (Pap),2014,Föglö,062,75,18
Cervical (Pap),2018,Maarianhamina - Mariehamn,478,73.7,483
Cervical (Pap),2012,Sodankylä,758,88.4,336
Cervical (Pap),2023,Taivassalo,833,72.7,56
Cervical (Pap),2010,Huittinen,102,80.7,390
Cervical (Pap),2017,Kihniö,250,58.2,46
Cervical (Pap),2014,Veteli,924,85.4,134
Cervical (Pap),2024,Myrskylä,504,69.9,58
Cervical (Pap),2024,Kempele,244,77.2,769
Cervical (Pap),2012,Eurajoki,051,69.4,315
Cervical (Pap),2015,Simo,751,53.3,64
Cervical (Pap),2013,Kankaanpää,214,75.7,515
Cervical (Pap),2018,Nurmes,541,67.5,247
Cervical (Pap),2019,Kittilä,261,72.1,233
Cervical (Pap),2024,Pirkkala,604,78.6,922
Cervical (Pap),2011,Vihti,927,55.9,869
Cervical (Pap),2018,Lohja,444,71.9,1635
Cervical (Pap),2016,Lappeenranta,405,71.6,2400
Cervical (Pap),2011,Kauniainen,235,53.7,227
Cervical (Pap),2014,Vieremä,925,58,91
Cervical (Pap),2010,Karijoki,218,48.9,45
Cervical (Pap),2020,Kauhajoki,232,69.1,386
Cervical (Pap),2016,Ylivieska,977,75.7,487
Cervical (Pap),2021,Loimaa,430,79.9,540
Cervical (Pap),2015,Sipoo,753,71,721
Cervical (Pap),2017,Taivassalo,833,71.4,50
Cervical (Pap),2021,Turku,853,73.9,7425
Cervical (Pap),2015,Loimaa,430,79.6,543
Cervical (Pap),2024,Kuhmoinen,291,76.2,64
Cervical (Pap),2013,Kannonkoski,216,82.8,48
Cervical (Pap),2018,Ypäjä,981,62.6,67
Cervical (Pap),2017,Karvia,230,78.6,66
Cervical (Pap),2012,Utsjoki,890,62.2,28
Cervical (Pap),2022,Maalahti,475,69.5,203
Cervical (Pap),2016,Pielavesi,595,71.1,118
Cervical (Pap),2022,Ylivieska,977,78.1,592
Cervical (Pap),2017,Porvoo,638,70.8,1740
Cervical (Pap),2020,Heinola,111,70,531
Cervical (Pap),2012,Lemland,417,73.1,68
Cervical (Pap),2017,Finström,060,75.8,116
Cervical (Pap),2019,Hamina,075,68.4,611
Cervical (Pap),2018,Hankasalmi,077,65.2,135
Cervical (Pap),2014,Kauhajoki,232,71.3,469
Cervical (Pap),2014,Pudasjärvi,615,67.1,245
Cervical (Pap),2020,Korsnäs,280,74,71
Cervical (Pap),2018,Virrat,936,68.2,176
Cervical (Pap),2010,Vantaa,092,60.3,6590
Cervical (Pap),2013,Ruovesi,702,65,128
Cervical (Pap),2013,Kemijärvi,320,79,278
Cervical (Pap),2012,Siuntio,755,50.3,144
Cervical (Pap),2017,Riihimäki,694,68.1,952
Cervical (Pap),2019,Hammarland,076,75,51
Cervical (Pap),2017,Ii,139,68.2,272
Cervical (Pap),2017,Pornainen,611,67.6,173
Cervical (Pap),2023,Sotkamo,765,76.2,385
Cervical (Pap),2022,Utajärvi,889,64.4,87
Cervical (Pap),2012,Janakkala,165,73.4,599
Cervical (Pap),2020,Lumparland,438,94.1,16
Cervical (Pap),2013,Hamina,075,83.4,768
Cervical (Pap),2016,Sund,771,71.4,35
Cervical (Pap),2023,Porvoo,638,77,2261
Cervical (Pap),2017,Sonkajärvi,762,60.6,100
Cervical (Pap),2016,Juuka,176,82.8,173
Cervical (Pap),2010,Ypäjä,981,69.6,103
Cervical (Pap),2016,Urjala,887,64.4,132
Cervical (Pap),2022,Kankaanpää,214,74.8,494
Cervical (Pap),2019,Isojoki,151,72.1,49
Cervical (Pap),2018,Nurmijärvi,543,68.8,1714
Cervical (Pap),2013,Rantasalmi,681,77.9,148
Cervical (Pap),2016,Hollola,098,74.7,784
Cervical (Pap),2018,Pirkkala,604,77.1,716
Cervical (Pap),2021,Karkkila,224,72.2,346
Cervical (Pap),2023,Tuusniemi,857,56.9,62
Cervical (Pap),2010,Kannus,217,84.9,253
Cervical (Pap),2022,Juupajoki,177,65.7,46
Cervical (Pap),2011,Savonlinna,740,77.1,1377
Cervical (Pap),2018,Enontekiö,047,68.8,66
Cervical (Pap),2010,Liminka,425,69.4,304
Cervical (Pap),2012,Äänekoski,992,73.2,675
Cervical (Pap),2010,Tohmajärvi,848,63.8,141
Cervical (Pap),2013,Pietarsaari,598,73.3,661
Cervical (Pap),2024,Humppila,103,63.4,64
Cervical (Pap),2012,Perho,584,86,80
Cervical (Pap),2015,Kärsämäki,317,85.7,84
Cervical (Pap),2023,Hausjärvi,086,68.1,284
Cervical (Pap),2018,Alajärvi,005,81.9,344
Cervical (Pap),2021,Siuntio,755,72.8,287
Cervical (Pap),2019,Ylöjärvi,980,76,1164
Cervical (Pap),2011,Heinävesi,090,80.1,133
Cervical (Pap),2020,Savitaipale,739,76.1,108
Cervical (Pap),2021,Hattula,082,73.1,323
Cervical (Pap),2023,Miehikkälä,489,77,67
Cervical (Pap),2010,Varkaus,915,66.1,680
Cervical (Pap),2014,Kaskinen,231,62.3,43
Cervical (Pap),2014,Joutsa,172,68,140
Cervical (Pap),2019,Vantaa,092,71.3,10619
Cervical (Pap),2020,Tyrnävä,859,56,159
Cervical (Pap),2018,Virolahti,935,73,108
Cervical (Pap),2014,Hausjärvi,086,78.3,339
Cervical (Pap),2023,Kontiolahti,276,67.2,548
Cervical (Pap),2022,Pietarsaari,598,67.2,651
Cervical (Pap),2024,Simo,751,78.3,94
Cervical (Pap),2015,Hartola,081,70.5,93
Cervical (Pap),2024,Mänttä-Vilppula,508,68.8,274
Cervical (Pap),2023,Veteli,924,68.3,86
Cervical (Pap),2010,Isojoki,151,79.8,79
Cervical (Pap),2013,Siikainen,747,63.5,40
Cervical (Pap),2012,Turku,853,81.2,6810
Cervical (Pap),2019,Kannus,217,75.7,174
Cervical (Pap),2011,Haapavesi,071,83.2,272
Cervical (Pap),2022,Vöyri,946,78.2,244
Cervical (Pap),2013,Maalahti,475,74.9,209
Cervical (Pap),2018,Huittinen,102,81.6,315
Cervical (Pap),2019,Teuva,846,79,173
Cervical (Pap),2024,Jämsä,182,70,653
Cervical (Pap),2024,Kuhmo,290,82.6,294
Cervical (Pap),2013,Kitee,260,59.4,300
Cervical (Pap),2015,Hyrynsalmi,105,74.3,75
Cervical (Pap),2021,Pello,854,68.5,74
Cervical (Pap),2022,Kotka,285,73.1,2042
Cervical (Pap),2015,Marttila,480,71,66
Cervical (Pap),2022,Sievi,746,74.5,137
Cervical (Pap),2013,Juva,178,77.9,218
Cervical (Pap),2011,Korsnäs,280,64.5,60
Cervical (Pap),2011,Ikaalinen,143,65.6,208
Cervical (Pap),2018,Rääkkylä,707,36.8,32
Cervical (Pap),2016,Raahe,678,71.7,738
Cervical (Pap),2023,Nakkila,531,77.9,201
Cervical (Pap),2016,Koski Tl,284,76.6,72
Cervical (Pap),2020,Kurikka,301,75.5,699
Cervical (Pap),2010,Kemiönsaari,322,71.7,226
Cervical (Pap),2015,Vehmaa,918,64.5,71
Cervical (Pap),2017,Uusikaupunki,895,73,465
Cervical (Pap),2021,Alavus,010,64,316
Cervical (Pap),2022,Raisio,680,80.1,1065
Cervical (Pap),2015,Alavieska,009,85.4,88
Cervical (Pap),2014,Kuortane,300,86.3,120
Cervical (Pap),2012,Salla,732,77.2,115
Cervical (Pap),2017,Konnevesi,275,70.9,83
Cervical (Pap),2024,Punkalaidun,619,65.8,98
Cervical (Pap),2015,Närpiö,545,73,348
Cervical (Pap),2014,Ristijärvi,697,75,45
Cervical (Pap),2021,Masku,481,81,384
Cervical (Pap),2019,Jyväskylä,179,73.1,4673
Cervical (Pap),2011,Valkeakoski,908,75,710
Cervical (Pap),2017,Naantali,529,69.2,646
Cervical (Pap),2017,Kaavi,204,66.2,86
Cervical (Pap),2015,Kuhmoinen,291,70.7,58
Cervical (Pap),2019,Mustasaari,499,77,651
Cervical (Pap),2014,Tuusula,858,68.1,1362
Cervical (Pap),2018,Jämijärvi,181,78,64
Cervical (Pap),2013,Tervola,845,65.7,92
Cervical (Pap),2018,Rauma,684,63.1,1222
Cervical (Pap),2018,Parainen,445,73.7,483
Cervical (Pap),2017,Pyhäntä,630,76.7,56
Cervical (Pap),2020,Haapajärvi,069,73.8,211
Cervical (Pap),2022,Eckerö,043,80,32
Cervical (Pap),2015,Rautavaara,687,76.3,45
Cervical (Pap),2015,Raasepori,710,70.4,978
Cervical (Pap),2013,Kouvola,286,71.8,2882
Cervical (Pap),2010,Ranua,683,64.3,110
Cervical (Pap),2019,Parkano,581,62,150
Cervical (Pap),2023,Vaala,785,75.7,87
Cervical (Pap),2012,Kokemäki,271,84.3,279
Cervical (Pap),2011,Kangasala,211,66.5,980
Cervical (Pap),2013,Muonio,498,72.1,98
Cervical (Pap),2023,Kajaani,205,76.7,1315
Cervical (Pap),2017,Asikkala,016,78,273
Cervical (Pap),2022,Lapua,408,77.4,533
Cervical (Pap),2021,Kökar,318,61.5,8
Cervical (Pap),2017,Laitila,400,68.9,248
Cervical (Pap),2010,Kruunupyy,288,77.3,249
Cervical (Pap),2010,Muurame,500,75.7,333
Cervical (Pap),2012,Pyhtää,624,78.2,279
Cervical (Pap),2024,Kärkölä,316,62.1,131
Breast (mammography),2010,Alavieska,009,91.2,125
Breast (mammography),2020,Kihniö,250,82.4,131
Breast (mammography),2023,Huittinen,102,86.6,560
Breast (mammography),2013,Jämsä,182,86.6,1303
Breast (mammography),2020,Halsua,074,91.5,75
Breast (mammography),2018,Luoto,440,91.3,221
Breast (mammography),2014,Vesilahti,922,83.7,216
Breast (mammography),2010,Inkoo,149,79,312
Breast (mammography),2018,Karijoki,218,83.6,92
Breast (mammography),2018,Vimpeli,934,89.6,190
Breast (mammography),2015,Puolanka,620,89.5,229
Breast (mammography),2018,Reisjärvi,691,87.2,157
Breast (mammography),2022,Ilmajoki,145,86.5,620
Breast (mammography),2012,Kangasniemi,213,87.1,325
Breast (mammography),2021,Keitele,239,86.6,155
Breast (mammography),2019,Hausjärvi,086,80.6,512
Breast (mammography),2013,Virrat,936,88.7,533
Breast (mammography),2024,Kittilä,261,84.7,389
Breast (mammography),2024,Siuntio,755,74.7,360
Breast (mammography),2021,Rääkkylä,707,82,137
Breast (mammography),2019,Nivala,535,83,519
Breast (mammography),2014,Raahe,678,82.9,1340
Breast (mammography),2012,Helsinki,091,77.9,31102
Breast (mammography),2024,Kajaani,205,85,1918
Breast (mammography),2012,Sotkamo,765,84.6,598
Breast (mammography),2016,Äänekoski,992,87.1,1259
Breast (mammography),2018,Utajärvi,889,82.7,167
Breast (mammography),2019,Pyhtää,624,85.8,327
Breast (mammography),2016,Hailuoto,072,81.4,57
Breast (mammography),2017,Kangasala,211,84.4,1704
Breast (mammography),2011,Hämeenkyrö,108,86.3,637
Breast (mammography),2019,Soini,759,89.5,128
Breast (mammography),2012,Rääkkylä,707,80.8,139
Breast (mammography),2018,Taivalkoski,832,88.7,291
Breast (mammography),2024,Marttila,480,77.2,105
Breast (mammography),2014,Mikkeli,491,86,3233
Breast (mammography),2011,Kihniö,250,89.7,157
Breast (mammography),2019,Alavieska,009,86.9,139
Breast (mammography),2021,Liminka,425,80.9,338
Breast (mammography),2017,Heinola,111,82.2,1427
Breast (mammography),2015,Kittilä,261,85.9,401
Breast (mammography),2018,Kuhmo,290,85.8,617
Breast (mammography),2024,Puolanka,620,87.2,170
Breast (mammography),2011,Luhanka,435,90.5,38
Breast (mammography),2014,Huittinen,102,87.9,647
Breast (mammography),2011,Halsua,074,90,72
Breast (mammography),2014,Keminmaa,241,84.7,503
Breast (mammography),2016,Orivesi,562,79.6,549
Breast (mammography),2020,Kannus,217,79.8,281
Breast (mammography),2020,Hämeenkyrö,108,83.5,609
Breast (mammography),2023,Joroinen,171,89.2,322
Breast (mammography),2018,Paimio,577,82.6,604
Breast (mammography),2018,Savukoski,742,70.2,66
Breast (mammography),2012,Lapinlahti,402,84.2,510
Breast (mammography),2013,Tammela,834,87.1,419
Breast (mammography),2018,Iitti,142,79.9,409
Breast (mammography),2022,Naantali,529,83.2,1320
Breast (mammography),2015,Inari,148,83.1,462
Breast (mammography),2017,Kemiönsaari,322,83.2,455
Breast (mammography),2016,Laihia,399,83,433
Breast (mammography),2010,Pyhtää,624,88.5,360
Breast (mammography),2016,Lemi,416,82.8,178
Breast (mammography),2022,Riihimäki,694,83.5,1663
Breast (mammography),2022,Siilinjärvi,749,88,1208
Breast (mammography),2012,Joensuu,167,85.9,3736
Breast (mammography),2021,Toivakka,850,83.7,128
Breast (mammography),2018,Mynämäki,503,81.1,492
Breast (mammography),2019,Kiuruvesi,263,85.1,525
Breast (mammography),2020,Jyväskylä,179,84.3,6743
Breast (mammography),2021,Eura,050,88.4,669
Breast (mammography),2017,Merijärvi,483,89.6,69
Breast (mammography),2021,Kangasniemi,213,85.3,332
Breast (mammography),2022,Hankasalmi,077,78.3,270
Breast (mammography),2011,Rauma,684,88.8,2119
Breast (mammography),2022,Virrat,936,83.8,388
Breast (mammography),2016,Suomussalmi,777,89.6,671
Breast (mammography),2024,Kaskinen,231,76.3,58
Breast (mammography),2015,Siuntio,755,73.7,300
Breast (mammography),2023,Valkeakoski,908,83.1,1029
Breast (mammography),2019,Ruokolahti,700,86.4,338
Breast (mammography),2012,Liminka,425,87.5,245
Breast (mammography),2023,Tuusula,858,83.3,2267
Breast (mammography),2017,Pyhäjoki,625,86,178
Breast (mammography),2020,Taipalsaari,831,86.6,329
Breast (mammography),2023,Mikkeli,491,86.1,2963
Breast (mammography),2017,Vantaa,092,72.8,10140
Breast (mammography),2016,Kankaanpää,214,85.3,920
Breast (mammography),2024,Kurikka,301,85.8,1092
Breast (mammography),2021,Nurmijärvi,543,79.2,2235
Breast (mammography),2020,Rauma,684,82.9,2242
Breast (mammography),2014,Muhos,494,83.5,404
Breast (mammography),2019,Tohmajärvi,848,82.2,305
Breast (mammography),2018,Uurainen,892,84.2,170
Breast (mammography),2019,Kauhava,233,84.8,950
Breast (mammography),2015,Kaskinen,231,83.3,125
Breast (mammography),2017,Alavus,010,85.2,671
Breast (mammography),2018,Hämeenlinna,109,81.2,3795
Breast (mammography),2016,Säkylä,783,90.4,510
Breast (mammography),2013,Naantali,529,86.6,1533
Breast (mammography),2010,Rusko,704,90.6,271
Breast (mammography),2024,Inari,148,80.6,431
Breast (mammography),2019,Rusko,704,87.9,371
Breast (mammography),2022,Kyyjärvi,312,90,81
Breast (mammography),2013,Petäjävesi,592,88.7,235
Breast (mammography),2014,Hollola,098,85.4,1378
Breast (mammography),2019,Kustavi,304,77.5,62
Breast (mammography),2024,Haapajärvi,069,80.6,333
Breast (mammography),2013,Uusikaupunki,895,85,1021
Breast (mammography),2024,Karstula,226,87,248
Breast (mammography),2024,Tervola,845,79.3,149
Breast (mammography),2011,Rautjärvi,689,87.2,232
Breast (mammography),2022,Järvenpää,186,80.8,2357
Breast (mammography),2021,Sotkamo,765,82.1,615
Breast (mammography),2022,Mäntsälä,505,81.4,1148
Breast (mammography),2011,Urjala,887,81.3,261
Breast (mammography),2012,Pomarkku,608,84.4,114
Breast (mammography),2019,Inkoo,149,82.3,320
Breast (mammography),2012,Mänttä-Vilppula,508,86.4,669
Breast (mammography),2017,Somero,761,87,589
Breast (mammography),2011,Taipalsaari,831,91.3,274
Breast (mammography),2023,Vesilahti,922,82.5,241
Breast (mammography),2012,Konnevesi,275,84.5,175
Breast (mammography),2011,Lempäälä,418,89,1101
Breast (mammography),2018,Pornainen,611,85,301
Breast (mammography),2017,Kivijärvi,265,85.9,79
Breast (mammography),2010,Kiuruvesi,263,87.2,595
Breast (mammography),2016,Hyvinkää,106,83.5,2740
Breast (mammography),2018,Sastamala,790,83,1508
Breast (mammography),2017,Leppävirta,420,86.3,676
Breast (mammography),2020,Enontekiö,047,78.3,123
Breast (mammography),2012,Eura,050,85.5,631
Breast (mammography),2010,Soini,759,88.8,119
Breast (mammography),2021,Joensuu,167,85.6,4089
Breast (mammography),2016,Mustasaari,499,86.3,1029
Breast (mammography),2012,Pyhäntä,630,91.5,118
Breast (mammography),2015,Alajärvi,005,86.1,617
Breast (mammography),2011,Kannus,217,86.6,292
Breast (mammography),2010,Kotka,285,86.9,2561
Breast (mammography),2013,Kolari,273,85.1,234
Breast (mammography),2023,Kerava,245,77.5,1781
Breast (mammography),2022,Posio,614,78.4,218
Breast (mammography),2011,Perho,584,85.6,131
Breast (mammography),2014,Pietarsaari,598,85.8,1157
Breast (mammography),2016,Kristiinankaupunki,287,86.3,473
Breast (mammography),2022,Tammela,834,85.9,389
Breast (mammography),2022,Lestijärvi,421,89.4,42
Breast (mammography),2011,Kauhajoki,232,89,741
Breast (mammography),2011,Enontekiö,047,78.8,104
Breast (mammography),2014,Hattula,082,85.5,602
Breast (mammography),2014,Kinnula,256,82.4,98
Breast (mammography),2011,Masku,481,89.7,547
Breast (mammography),2019,Pihtipudas,601,87.2,253
Breast (mammography),2018,Hirvensalmi,097,81.2,155
Breast (mammography),2018,Kokemäki,271,87.5,481
Breast (mammography),2019,Viitasaari,931,86.9,445
Breast (mammography),2015,Haapajärvi,069,84.5,468
Breast (mammography),2015,Kempele,244,84.9,826
Breast (mammography),2012,Kannonkoski,216,86.3,82
Breast (mammography),2020,Perho,584,75.2,118
Breast (mammography),2015,Pielavesi,595,87.6,353
Breast (mammography),2020,Raasepori,710,78,1559
Breast (mammography),2024,Kärsämäki,317,84.9,129
Breast (mammography),2016,Karvia,230,84.7,161
Breast (mammography),2012,Akaa,020,84.5,822
Breast (mammography),2022,Forssa,061,83.8,970
Breast (mammography),2020,Haapavesi,071,77.1,327
Breast (mammography),2014,Vöyri,946,83.7,369
Breast (mammography),2021,Outokumpu,309,79.3,376
Breast (mammography),2014,Porvoo,638,81.6,2912
Breast (mammography),2024,Vihti,927,79.3,1574
Breast (mammography),2017,Uusikaarlepyy,893,84.8,396
Breast (mammography),2016,Polvijärvi,607,85.3,307
Breast (mammography),2019,Kokemäki,271,85.2,479
Breast (mammography),2022,Nurmes,541,85.2,615
Breast (mammography),2024,Suonenjoki,778,85.8,375
Breast (mammography),2010,Nousiainen,538,89.5,256
Breast (mammography),2021,Enonkoski,046,77.1,74
Breast (mammography),2011,Padasjoki,576,85,249
Breast (mammography),2010,Pihtipudas,601,86.6,227
Breast (mammography),2010,Tyrnävä,859,81.3,187
Breast (mammography),2019,Oulainen,563,84.8,436
Breast (mammography),2012,Nurmijärvi,543,76.9,1916
Breast (mammography),2018,Lappeenranta,405,85.6,4750
Breast (mammography),2015,Pello,854,89.5,306
Breast (mammography),2015,Kurikka,301,86.9,1479
Breast (mammography),2023,Siikajoki,748,76.8,228
Breast (mammography),2016,Pyhäjärvi,626,86.4,395
Breast (mammography),2013,Lestijärvi,421,90.8,59
Breast (mammography),2021,Pomarkku,608,83.2,129
Breast (mammography),2022,Uusikaupunki,895,85,909
Breast (mammography),2010,Lumijoki,436,91.3,63
Breast (mammography),2019,Nousiainen,538,84.3,252
Breast (mammography),2018,Viitasaari,931,83.6,450
Breast (mammography),2024,Pielavesi,595,84.4,249
Breast (mammography),2022,Salla,732,77.9,215
Breast (mammography),2023,Hollola,098,85.6,1374
Breast (mammography),2013,Forssa,061,86.1,1306
Breast (mammography),2018,Rautalampi,686,86.8,217
Breast (mammography),2021,Laitila,400,88.6,483
Breast (mammography),2021,Kannonkoski,216,85.3,81
Breast (mammography),2022,Kuopio,297,84.3,6409
Breast (mammography),2016,Tervo,844,87.6,134
Breast (mammography),2020,Iisalmi,140,86.9,1362
Breast (mammography),2020,Luhanka,435,86.5,45
Breast (mammography),2021,Askola,018,81.8,261
Breast (mammography),2021,Konnevesi,275,84,142
Breast (mammography),2014,Luumäki,441,85.8,314
Breast (mammography),2019,Orimattila,560,82.5,901
Breast (mammography),2023,Keminmaa,241,79.2,410
Breast (mammography),2013,Kaustinen,236,84.2,219
Breast (mammography),2018,Turku,853,81.5,9587
Breast (mammography),2017,Isojoki,151,76.2,112
Breast (mammography),2018,Pöytyä,636,75.5,425
Breast (mammography),2021,Juva,178,82.7,391
Breast (mammography),2015,Lohja,444,80.1,2777
Breast (mammography),2020,Ylitornio,976,72.2,239
Breast (mammography),2022,Kirkkonummi,257,78.7,2177
Breast (mammography),2011,Jyväskylä,179,89,6274
Breast (mammography),2020,Eurajoki,051,87,520
Breast (mammography),2021,Pyhäntä,630,83,78
Breast (mammography),2024,Alajärvi,005,83.6,535
Breast (mammography),2021,Lapinlahti,402,85.8,615
Breast (mammography),2017,Luumäki,441,85.5,336
Breast (mammography),2024,Närpiö,545,82.1,450
Breast (mammography),2020,Kalajoki,208,83.9,692
Breast (mammography),2016,Heinävesi,090,85.6,267
Breast (mammography),2015,Kajaani,205,85.3,2336
Breast (mammography),2018,Kauhava,233,85,968
Breast (mammography),2020,Lempäälä,418,77.1,1039
Breast (mammography),2011,Lappajärvi,403,87.5,251
Breast (mammography),2016,Punkalaidun,619,87.1,210
Breast (mammography),2023,Paltamo,578,80.9,203
Breast (mammography),2010,Loimaa,430,89.5,1019
Breast (mammography),2014,Taivassalo,833,86.1,124
Breast (mammography),2023,Sodankylä,758,85.9,500
Breast (mammography),2015,Utsjoki,890,73.6,78
Breast (mammography),2016,Juupajoki,177,78.5,113
Breast (mammography),2017,Nokia,536,85.5,1829
Breast (mammography),2012,Suonenjoki,778,86.5,377
Breast (mammography),2016,Pukkila,616,83.8,109
Breast (mammography),2010,Ruokolahti,700,85.8,297
Breast (mammography),2024,Laitila,400,85.8,467
Breast (mammography),2018,Kemijärvi,320,89.2,594
Breast (mammography),2022,Petäjävesi,592,82.1,192
Breast (mammography),2015,Loviisa,434,81.4,990
Breast (mammography),2021,Savonlinna,740,83.8,2094
Breast (mammography),2016,Lapinjärvi,407,78.4,163
Breast (mammography),2011,Teuva,846,86.2,213
Breast (mammography),2010,Forssa,061,89.8,1169
Breast (mammography),2020,Rautjärvi,689,85.5,230
Breast (mammography),2022,Sulkava,768,79.3,157
Breast (mammography),2020,Urjala,887,69.8,243
Breast (mammography),2014,Puumala,623,87.4,173
Breast (mammography),2021,Helsinki,091,74.5,28949
Breast (mammography),2010,Kustavi,304,75.5,40
Breast (mammography),2018,Tohmajärvi,848,81.9,298
Breast (mammography),2023,Koski Tl,284,89,138
Breast (mammography),2015,Tuusniemi,857,79.9,187
Breast (mammography),2019,Joutsa,172,81.1,304
Breast (mammography),2016,Savitaipale,739,83.8,223
Breast (mammography),2023,Muhos,494,80.8,433
Breast (mammography),2010,Nivala,535,83.2,437
Breast (mammography),2016,Karkkila,224,79.9,516
Breast (mammography),2014,Joroinen,171,82.8,304
Breast (mammography),2021,Parikkala,580,82.3,284
Breast (mammography),2021,Siikainen,747,77.9,81
Breast (mammography),2017,Kuusamo,305,89.5,1123
Breast (mammography),2024,Hartola,081,70,147
Breast (mammography),2012,Hanko,078,84,509
Breast (mammography),2023,Raahe,678,83.6,1256
Breast (mammography),2015,Keuruu,249,85.7,726
Breast (mammography),2012,Pirkkala,604,88.3,807
Breast (mammography),2011,Tornio,851,85.1,1157
Breast (mammography),2021,Simo,751,88.6,202
Breast (mammography),2021,Suonenjoki,778,85.8,461
Breast (mammography),2013,Polvijärvi,607,85.3,319
Breast (mammography),2024,Turku,853,82.5,8903
Breast (mammography),2019,Karijoki,218,80.4,78
Breast (mammography),2012,Parikkala,580,83,333
Breast (mammography),2015,Pirkkala,604,87.1,1016
Breast (mammography),2013,Varkaus,915,89.5,1470
Breast (mammography),2016,Aura,019,89.8,239
Breast (mammography),2011,Koski Tl,284,87.8,130
Breast (mammography),2017,Vieremä,925,85.4,234
Breast (mammography),2022,Sonkajärvi,762,88.2,261
Breast (mammography),2016,Maalahti,475,81.1,284
Breast (mammography),2010,Utajärvi,889,89.7,131
Breast (mammography),2023,Jämijärvi,181,84.6,104
Breast (mammography),2019,Salla,732,81.6,217
Breast (mammography),2014,Uusikaarlepyy,893,88.6,459
Breast (mammography),2023,Kauhajoki,232,83,727
Breast (mammography),2023,Ruovesi,702,84.3,269
Breast (mammography),2023,Seinäjoki,743,85.4,3300
Breast (mammography),2010,Mynämäki,503,89.1,490
Breast (mammography),2014,Ruovesi,702,89.1,358
Breast (mammography),2024,Pöytyä,636,78.2,401
Breast (mammography),2018,Nivala,535,85.2,530
Breast (mammography),2019,Iitti,142,83.9,449
Breast (mammography),2017,Paltamo,578,85.1,252
Breast (mammography),2011,Kemi,240,85,1252
Breast (mammography),2011,Miehikkälä,489,83.7,113
Breast (mammography),2016,Tampere,837,81.9,11269
Breast (mammography),2015,Ulvila,886,86.3,824
Breast (mammography),2017,Oripää,561,89.9,80
Breast (mammography),2012,Loviisa,434,84.3,1012
Breast (mammography),2024,Kruunupyy,288,82.2,305
Breast (mammography),2015,Evijärvi,052,81,149
Breast (mammography),2015,Ylivieska,977,86.8,750
Breast (mammography),2022,Pihtipudas,601,82.8,241
Breast (mammography),2010,Kuopio,297,88.4,6146
Breast (mammography),2016,Kolari,273,83.3,280
Breast (mammography),2024,Enonkoski,046,81.3,78
Breast (mammography),2020,Tornio,851,83.2,1207
Breast (mammography),2019,Raisio,680,85,1459
Breast (mammography),2012,Askola,018,83.3,280
Breast (mammography),2022,Varkaus,915,86.8,1347
Breast (mammography),2012,Haapajärvi,069,86.2,350
Breast (mammography),2016,Parkano,581,83.1,452
Breast (mammography),2022,Espoo,049,74.5,12543
Breast (mammography),2015,Hirvensalmi,097,81.2,160
Breast (mammography),2016,Kaustinen,236,85.5,236
Breast (mammography),2010,Luoto,440,90.9,180
Breast (mammography),2010,Reisjärvi,691,84.1,106
Breast (mammography),2024,Ulvila,886,89.6,736
Breast (mammography),2010,Lapua,408,88,835
Breast (mammography),2018,Kärsämäki,317,89.2,166
Breast (mammography),2016,Merikarvia,484,87.1,217
Breast (mammography),2018,Tuusniemi,857,84.8,207
Breast (mammography),2010,Uurainen,892,89.4,127
Breast (mammography),2018,Närpiö,545,85.6,498
Breast (mammography),2019,Kuhmo,290,84.3,609
Breast (mammography),2016,Espoo,049,75.6,12600
Breast (mammography),2013,Veteli,924,86.9,206
Breast (mammography),2014,Leppävirta,420,81.3,606
Breast (mammography),2014,Isokyrö,152,83.1,265
Breast (mammography),2023,Myrskylä,504,69.9,95
Breast (mammography),2020,Pälkäne,635,74.3,365
Breast (mammography),2022,Orimattila,560,83.3,950
Breast (mammography),2010,Hamina,075,88.3,1060
Breast (mammography),2011,Tuusula,858,80,1934
Breast (mammography),2017,Virolahti,935,84.4,217
Breast (mammography),2018,Alavieska,009,92.1,174
Breast (mammography),2020,Hattula,082,81.2,527
Breast (mammography),2023,Ikaalinen,143,79.9,381
Breast (mammography),2018,Rusko,704,89.2,388
Breast (mammography),2017,Siikajoki,748,80.1,293
Breast (mammography),2012,Vihti,927,79.8,1285
Breast (mammography),2010,Järvenpää,186,76.5,2000
Breast (mammography),2022,Kaustinen,236,88.4,222
Breast (mammography),2011,Ylitornio,976,87.9,276
Breast (mammography),2017,Siikalatva,791,83.7,338
Breast (mammography),2024,Hirvensalmi,097,83.5,142
Breast (mammography),2010,Raisio,680,87,1478
Breast (mammography),2022,Janakkala,165,83.1,936
Breast (mammography),2012,Laukaa,410,87.4,903
Breast (mammography),2022,Oulainen,563,80.1,374
Breast (mammography),2019,Korsnäs,280,83.2,119
Breast (mammography),2013,Säkylä,783,92.4,483
Breast (mammography),2010,Siilinjärvi,749,90.5,967
Breast (mammography),2016,Kitee,260,88.3,853
Breast (mammography),2023,Kuhmoinen,291,78.9,127
Breast (mammography),2011,Puumala,623,86.1,149
Breast (mammography),2011,Lieto,423,89.6,819
Breast (mammography),2024,Sastamala,790,84.2,1379
Breast (mammography),2016,Sipoo,753,81.6,1083
Breast (mammography),2010,Hämeenlinna,109,85.2,2913
Breast (mammography),2012,Siikainen,747,85.7,78
Breast (mammography),2015,Suonenjoki,778,87,507
Breast (mammography),2021,Pirkkala,604,85.3,983
Breast (mammography),2019,Mynämäki,503,85.4,492
Breast (mammography),2016,Sonkajärvi,762,86,289
Breast (mammography),2017,Salo,734,83.8,3265
Breast (mammography),2012,Keuruu,249,85.6,594
Breast (mammography),2011,Kontiolahti,276,90.5,663
Breast (mammography),2015,Pöytyä,636,88.8,502
Breast (mammography),2012,Marttila,480,80.8,97
Breast (mammography),2010,Rautalampi,686,88.3,166
Breast (mammography),2023,Luhanka,435,90.6,58
Breast (mammography),2014,Teuva,846,84.8,340
Breast (mammography),2022,Joutsa,172,84.3,269
Breast (mammography),2023,Ii,139,78.6,453
Breast (mammography),2010,Kuhmo,290,88.3,506
Breast (mammography),2017,Lahti,398,81,6824
Breast (mammography),2016,Lestijärvi,421,77,47
Breast (mammography),2019,Lapua,408,84.6,767
Breast (mammography),2015,Enonkoski,046,82.6,109
Breast (mammography),2021,Pedersören kunta,599,87.5,505
Breast (mammography),2023,Uusikaarlepyy,893,84.7,370
Breast (mammography),2016,Harjavalta,079,88.4,481
Breast (mammography),2011,Muhos,494,85.6,385
Breast (mammography),2022,Polvijärvi,607,80.5,243
Breast (mammography),2022,Veteli,924,84.6,170
Breast (mammography),2011,Pyhäranta,631,87.5,112
Breast (mammography),2022,Ruokolahti,700,76.2,321
Breast (mammography),2015,Ranua,683,84.4,276
Breast (mammography),2015,Turku,853,83.2,11928
Breast (mammography),2010,Humppila,103,89.4,161
Breast (mammography),2015,Muurame,500,89.4,596
Breast (mammography),2021,Kaarina,202,84.1,1859
Breast (mammography),2017,Vöyri,946,86.2,393
Breast (mammography),2022,Kristiinankaupunki,287,81.6,389
Breast (mammography),2021,Pudasjärvi,615,85.4,475
Breast (mammography),2015,Kruunupyy,288,84.2,390
Breast (mammography),2012,Laitila,400,88.6,457
Breast (mammography),2022,Säkylä,783,86.4,450
Breast (mammography),2014,Ikaalinen,143,87.5,470
Breast (mammography),2023,Haapavesi,071,83,337
Breast (mammography),2011,Liperi,426,90.4,647
Breast (mammography),2011,Hattula,082,89.9,622
Breast (mammography),2013,Parainen,445,81.9,931
Breast (mammography),2023,Leppävirta,420,84.9,607
Breast (mammography),2011,Vaasa,905,89.1,2954
Breast (mammography),2015,Lappeenranta,405,86.6,4013
Breast (mammography),2022,Loimaa,430,83.7,920
Breast (mammography),2010,Pornainen,611,84.9,230
Breast (mammography),2011,Eurajoki,051,90,469
Breast (mammography),2015,Paimio,577,87.8,639
Breast (mammography),2011,Sodankylä,758,88.4,509
Breast (mammography),2018,Vesanto,921,87.2,143
Breast (mammography),2010,Taivalkoski,832,86.7,196
Breast (mammography),2014,Mäntyharju,507,81.9,524
Breast (mammography),2017,Oulu,564,85.9,9905
Breast (mammography),2020,Lappajärvi,403,84.8,178
Breast (mammography),2024,Ranua,683,83.2,193
Breast (mammography),2019,Tyrnävä,859,83,254
Breast (mammography),2016,Pelkosenniemi,583,85,68
Breast (mammography),2010,Multia,495,83.5,96
Breast (mammography),2013,Nurmes,541,86.2,731
Breast (mammography),2024,Kangasniemi,213,84.1,329
Breast (mammography),2020,Pyhäranta,631,87.6,134
Breast (mammography),2023,Rovaniemi,698,82.5,3305
Breast (mammography),2024,Eura,050,85.7,657
Breast (mammography),2011,Kalajoki,208,86.8,616
Breast (mammography),2017,Mikkeli,491,86.1,3407
Breast (mammography),2017,Pudasjärvi,615,85.6,551
Breast (mammography),2019,Rautalampi,686,84,204
Breast (mammography),2020,Aura,019,84,241
Breast (mammography),2015,Karijoki,218,81.9,86
Breast (mammography),2024,Keitele,239,82.2,120
Breast (mammography),2012,Puolanka,620,92.7,204
Breast (mammography),2012,Juva,178,87.2,380
Breast (mammography),2023,Vöyri,946,83.8,341
Breast (mammography),2019,Evijärvi,052,83.7,139
Breast (mammography),2018,Pihtipudas,601,84.2,278
Breast (mammography),2019,Ylivieska,977,86.1,772
Breast (mammography),2020,Teuva,846,83.6,301
Breast (mammography),2014,Kauniainen,235,76.5,938
Breast (mammography),2010,Jämsä,182,85.8,1066
Breast (mammography),2018,Saarijärvi,729,84.2,656
Breast (mammography),2016,Uusikaupunki,895,85.9,1085
Breast (mammography),2016,Kaavi,204,83.3,209
Breast (mammography),2013,Oulainen,563,82.6,441
Breast (mammography),2024,Paimio,577,84.4,590
Breast (mammography),2011,Iisalmi,140,89.9,1503
Breast (mammography),2016,Riihimäki,694,80,1725
Breast (mammography),2023,Mäntyharju,507,79.9,440
Breast (mammography),2014,Valkeakoski,908,85.4,1144
Breast (mammography),2014,Kangasala,211,87.3,1568
Breast (mammography),2021,Salo,734,84.4,3165
Breast (mammography),2021,Hanko,078,79.9,470
Breast (mammography),2019,Kotka,285,83.5,3146
Breast (mammography),2015,Pomarkku,608,86.5,147
Breast (mammography),2018,Lumijoki,436,85.5,94
Breast (mammography),2024,Lappeenranta,405,85.5,3850
Breast (mammography),2021,Kurikka,301,84.6,1252
Breast (mammography),2012,Rantasalmi,681,85.8,229
Breast (mammography),2024,Utsjoki,890,73.2,52
Breast (mammography),2011,Pieksämäki,593,87.7,1194
Breast (mammography),2012,Outokumpu,309,83.2,412
Breast (mammography),2017,Hollola,098,84.7,1490
Breast (mammography),2018,Puolanka,620,92.2,213
Breast (mammography),2023,Halsua,074,77.9,53
Breast (mammography),2024,Tuusniemi,857,79.7,161
Breast (mammography),2012,Savonlinna,740,84.1,2014
Breast (mammography),2013,Posio,614,87.1,269
Breast (mammography),2017,Kokkola,272,85.6,2694
Breast (mammography),2020,Vesilahti,922,84.9,241
Breast (mammography),2010,Sievi,746,84,189
Breast (mammography),2019,Hämeenlinna,109,83.8,4097
Breast (mammography),2014,Rovaniemi,698,84.3,3598
Breast (mammography),2018,Nousiainen,538,84.4,270
Breast (mammography),2019,Multia,495,80.5,103
Breast (mammography),2013,Äänekoski,992,88,1251
Breast (mammography),2020,Karkkila,224,76,479
Breast (mammography),2010,Kauhava,233,86.2,939
Breast (mammography),2016,Ilmajoki,145,88.7,714
Breast (mammography),2020,Joroinen,171,89.5,325
Breast (mammography),2010,Kemijärvi,320,91.8,502
Breast (mammography),2020,Padasjoki,576,76.9,173
Breast (mammography),2023,Pietarsaari,598,81.7,1031
Breast (mammography),2021,Mänttä-Vilppula,508,82.9,566
Breast (mammography),2024,Muurame,500,84.7,563
Breast (mammography),2019,Humppila,103,83.4,141
Breast (mammography),2021,Haapajärvi,069,84.1,418
Breast (mammography),2017,Sauvo,738,82.7,186
Breast (mammography),2017,Jämijärvi,181,87.6,120
Breast (mammography),2012,Kaarina,202,85.7,1513
Breast (mammography),2020,Miehikkälä,489,74.7,109
Breast (mammography),2014,Kihniö,250,85.8,157
Breast (mammography),2024,Pello,854,87.5,239
Breast (mammography),2012,Hyrynsalmi,105,88.9,169
Breast (mammography),2019,Lohja,444,79.8,2702
Breast (mammography),2013,Joutsa,172,83.1,300
Breast (mammography),2019,Järvenpää,186,79.6,2622
Breast (mammography),2014,Somero,761,83,503
Breast (mammography),2018,Kustavi,304,75,63
Breast (mammography),2013,Kyyjärvi,312,89.1,98
Breast (mammography),2020,Parkano,581,81.3,396
Breast (mammography),2012,Toivakka,850,83.1,123
Breast (mammography),2018,Asikkala,016,82.5,525
Breast (mammography),2013,Suomussalmi,777,91.6,644
Breast (mammography),2014,Kerava,245,79.4,2090
Breast (mammography),2017,Seinäjoki,743,86.2,3417
Breast (mammography),2018,Ruokolahti,700,83.6,368
Breast (mammography),2018,Hamina,075,86.2,1378
Breast (mammography),2017,Huittinen,102,85.3,650
Breast (mammography),2014,Haapavesi,071,80.8,392
Breast (mammography),2024,Vimpeli,934,84.8,151
Breast (mammography),2013,Kirkkonummi,257,80,1795
Breast (mammography),2018,Vehmaa,918,85.8,145
Breast (mammography),2017,Muhos,494,80.1,454
Breast (mammography),2010,Korsnäs,280,85.5,118
Breast (mammography),2016,Petäjävesi,592,85,216
Breast (mammography),2012,Simo,751,87.9,211
Breast (mammography),2016,Sulkava,768,81.5,189
Breast (mammography),2018,Inkoo,149,78.5,332
Breast (mammography),2020,Masku,481,86.3,547
Breast (mammography),2017,Toholampi,849,86.6,187
Breast (mammography),2024,Sotkamo,765,84.5,625
Breast (mammography),2013,Hankasalmi,077,83.8,295
Breast (mammography),2021,Loviisa,434,83.1,927
Breast (mammography),2017,Juuka,176,75.8,338
Breast (mammography),2019,Siilinjärvi,749,89.2,1326
Breast (mammography),2012,Pedersören kunta,599,89.7,533
Breast (mammography),2014,Ii,139,84.2,457
Breast (mammography),2019,Virrat,936,87,440
Breast (mammography),2015,Karstula,226,86.6,303
Breast (mammography),2023,Taipalsaari,831,90.7,322
Breast (mammography),2014,Rautavaara,687,80,104
Breast (mammography),2019,Uurainen,892,81.5,163
Breast (mammography),2011,Siikalatva,791,85.4,357
Breast (mammography),2014,Luhanka,435,85.7,42
Breast (mammography),2023,Isokyrö,152,83,244
Breast (mammography),2020,Kontiolahti,276,88.3,817
Breast (mammography),2013,Salla,732,79.2,251
Breast (mammography),2018,Kittilä,261,84.4,396
Breast (mammography),2021,Keuruu,249,82.8,584
Breast (mammography),2020,Puumala,623,81,149
Breast (mammography),2014,Kuhmoinen,291,82.2,152
Breast (mammography),2024,Lieksa,422,88,685
Breast (mammography),2019,Utajärvi,889,80.4,176
Breast (mammography),2018,Hartola,081,83.3,205
Breast (mammography),2019,Reisjärvi,691,85.3,168
Breast (mammography),2017,Raahe,678,85.5,1505
Breast (mammography),2014,Myrskylä,504,84.4,108
Breast (mammography),2013,Orimattila,560,83.4,907
Breast (mammography),2013,Hailuoto,072,85.7,60
Breast (mammography),2024,Liminka,425,86.4,408
Breast (mammography),2012,Tervola,845,82.7,191
Breast (mammography),2015,Lumijoki,436,80.2,89
Breast (mammography),2020,Karvia,230,86.1,142
Breast (mammography),2020,Hollola,098,82.2,1413
Breast (mammography),2023,Alavus,010,84.9,613
Breast (mammography),2018,Salla,732,85.4,269
Breast (mammography),2010,Närpiö,545,84.9,388
Breast (mammography),2024,Uurainen,892,84.7,166
Breast (mammography),2016,Raasepori,710,81,1678
Breast (mammography),2016,Posio,614,89.3,283
Breast (mammography),2014,Padasjoki,576,79.2,202
Breast (mammography),2017,Valkeakoski,908,82.6,1153
Breast (mammography),2019,Kempele,244,84.3,808
Breast (mammography),2024,Hämeenlinna,109,84,3664
Breast (mammography),2016,Pyhäranta,631,87.3,145
Breast (mammography),2017,Hanko,078,81.5,516
Breast (mammography),2010,Kolari,273,88.6,217
Breast (mammography),2011,Porvoo,638,82.6,2772
Breast (mammography),2024,Vaala,785,78.9,135
Breast (mammography),2012,Muonio,498,88.4,122
Breast (mammography),2019,Petäjävesi,592,87.1,216
Breast (mammography),2015,Konnevesi,275,88.5,185
Breast (mammography),2018,Pello,854,83.8,269
Breast (mammography),2012,Sauvo,738,82.7,162
Breast (mammography),2014,Kouvola,286,85.4,5261
Breast (mammography),2018,Tervola,845,77.5,169
Breast (mammography),2012,Tuusniemi,857,83.5,217
Breast (mammography),2013,Kustavi,304,87.7,71
Breast (mammography),2013,Pelkosenniemi,583,86.7,85
Breast (mammography),2013,Ypäjä,981,81.3,156
Breast (mammography),2022,Kustavi,304,79.5,66
Breast (mammography),2024,Lumijoki,436,88.3,83
Breast (mammography),2024,Savukoski,742,68.1,49
Breast (mammography),2022,Tohmajärvi,848,77.9,258
Breast (mammography),2022,Ypäjä,981,85.2,156
Breast (mammography),2014,Sysmä,781,79.3,245
Breast (mammography),2018,Raisio,680,83.2,1550
Breast (mammography),2015,Liminka,425,82.1,294
Breast (mammography),2024,Siikainen,747,84.6,88
Breast (mammography),2020,Kitee,260,88.9,787
Breast (mammography),2019,Pielavesi,595,85.4,299
Breast (mammography),2011,Karvia,230,89.7,139
Breast (mammography),2016,Siilinjärvi,749,88.8,1297
Breast (mammography),2021,Kouvola,286,83.9,4982
Breast (mammography),2020,Siikalatva,791,78.2,287
Breast (mammography),2011,Kaavi,204,85.1,172
Breast (mammography),2021,Oulu,564,85.3,9681
Breast (mammography),2010,Sulkava,768,82.5,132
Breast (mammography),2024,Konnevesi,275,84.7,160
Breast (mammography),2023,Pyhäjoki,625,85.1,143
Breast (mammography),2016,Kuopio,297,85.7,7010
Breast (mammography),2022,Lemi,416,87.4,174
Breast (mammography),2022,Suomussalmi,777,88.9,539
Breast (mammography),2015,Lieksa,422,85.8,911
Breast (mammography),2021,Sauvo,738,82.6,176
Breast (mammography),2011,Parkano,581,86.9,370
Breast (mammography),2015,Vaala,785,83.9,230
Breast (mammography),2020,Kinnula,256,86.5,96
Breast (mammography),2016,Naantali,529,83.1,1164
Breast (mammography),2020,Keminmaa,241,83,483
Breast (mammography),2023,Raasepori,710,78.4,1521
Breast (mammography),2015,Uurainen,892,89.5,187
Breast (mammography),2012,Kempele,244,87.1,679
Breast (mammography),2014,Taipalsaari,831,92.4,314
Breast (mammography),2018,Loimaa,430,83.5,979
Breast (mammography),2024,Akaa,020,81.1,925
Breast (mammography),2011,Vöyri,946,85.1,384
Breast (mammography),2024,Viitasaari,931,88.6,382
Breast (mammography),2019,Pöytyä,636,81.6,465
Breast (mammography),2010,Evijärvi,052,88.4,145
Breast (mammography),2016,Tammela,834,87.1,404
Breast (mammography),2018,Orimattila,560,83.1,981
Breast (mammography),2023,Rautjärvi,689,78.3,195
Breast (mammography),2014,Juuka,176,80.4,352
Breast (mammography),2023,Kangasala,211,85.5,1738
Breast (mammography),2015,Joensuu,167,86.2,4486
Breast (mammography),2019,Jämsä,182,82.8,1241
Breast (mammography),2013,Pukkila,616,85.8,109
Breast (mammography),2018,Loviisa,434,83,968
Breast (mammography),2020,Mäntyharju,507,78.5,471
Breast (mammography),2015,Tohmajärvi,848,81.9,326
Breast (mammography),2011,Tervo,844,84,105
Breast (mammography),2011,Keminmaa,241,86.3,478
Breast (mammography),2014,Lahti,398,83.1,7278
Breast (mammography),2017,Rovaniemi,698,83.2,3641
Breast (mammography),2010,Kärsämäki,317,86.8,132
Breast (mammography),2019,Hartola,081,84.6,203
Breast (mammography),2024,Reisjärvi,691,85,130
Breast (mammography),2024,Kokemäki,271,87.6,431
Breast (mammography),2024,Utajärvi,889,82.1,142
Breast (mammography),2016,Enontekiö,047,78.8,130
Breast (mammography),2019,Turku,853,81.7,10228
Breast (mammography),2022,Pelkosenniemi,583,81.1,60
Breast (mammography),2012,Oulu,564,86,7985
Breast (mammography),2010,Kaustinen,236,86.4,172
Breast (mammography),2010,Petäjävesi,592,87.9,160
Breast (mammography),2011,Imatra,153,88,1584
Breast (mammography),2019,Sulkava,768,86.5,167
Breast (mammography),2020,Raahe,678,84.7,1301
Breast (mammography),2017,Askola,018,84.7,283
Breast (mammography),2013,Sipoo,753,76.7,898
Breast (mammography),2014,Pyhäjoki,625,85.3,191
Breast (mammography),2016,Forssa,061,85.3,1193
Breast (mammography),2013,Lemi,416,91.1,173
Breast (mammography),2014,Nokia,536,85,1885
Breast (mammography),2012,Vieremä,925,82.8,226
Breast (mammography),2023,Ylitornio,976,86.6,259
Breast (mammography),2018,Järvenpää,186,81.8,2678
Breast (mammography),2019,Kärsämäki,317,89.3,151
Breast (mammography),2023,Lahti,398,83.4,6348
Breast (mammography),2021,Kemiönsaari,322,80.6,415
Breast (mammography),2020,Paltamo,578,81.7,205
Breast (mammography),2017,Kerava,245,77.5,1952
Breast (mammography),2016,Joutsa,172,83,312
Breast (mammography),2019,Närpiö,545,84.9,505
Breast (mammography),2023,Lappajärvi,403,87.1,195
Breast (mammography),2019,Saarijärvi,729,85.9,647
Breast (mammography),2015,Akaa,020,80.2,906
Breast (mammography),2018,Kirkkonummi,257,76.7,2047
Breast (mammography),2013,Punkalaidun,619,82.4,173
Breast (mammography),2019,Ilmajoki,145,87.1,664
Breast (mammography),2022,Hyvinkää,106,81.1,2539
Breast (mammography),2020,Kaavi,204,79.7,189
Breast (mammography),2012,Isojoki,151,80.4,123
Breast (mammography),2021,Alajärvi,005,85.7,550
Breast (mammography),2016,Jyväskylä,179,85.3,7135
Breast (mammography),2014,Halsua,074,81.3,74
Breast (mammography),2023,Sysmä,781,82.5,245
Breast (mammography),2022,Hausjärvi,086,78.7,470
Breast (mammography),2023,Padasjoki,576,76.7,161
Breast (mammography),2011,Loppi,433,84.2,469
Breast (mammography),2014,Kemi,240,83.8,1267
Breast (mammography),2024,Rusko,704,85.4,339
Breast (mammography),2011,Seinäjoki,743,87.7,2784
Breast (mammography),2015,Sotkamo,765,83,662
Breast (mammography),2012,Ylöjärvi,980,86,1699
Breast (mammography),2016,Kontiolahti,276,89.6,848
Breast (mammography),2014,Oripää,561,81.6,80
Breast (mammography),2013,Savitaipale,739,88,241
Breast (mammography),2013,Mynämäki,503,87.9,489
Breast (mammography),2013,Tampere,837,82.8,11745
Breast (mammography),2018,Keuruu,249,84.3,664
Breast (mammography),2014,Merijärvi,483,85.3,58
Breast (mammography),2016,Humppila,103,81.8,166
Breast (mammography),2020,Orivesi,562,79.5,519
Breast (mammography),2021,Vieremä,925,84.4,211
Breast (mammography),2010,Sastamala,790,85.8,1162
Breast (mammography),2013,Ruokolahti,700,83.3,338
Breast (mammography),2012,Kittilä,261,84.7,333
Breast (mammography),2013,Aura,019,86,202
Breast (mammography),2021,Heinola,111,84.8,1431
Breast (mammography),2013,Karkkila,224,81.9,501
Breast (mammography),2011,Raahe,678,85.4,1375
Breast (mammography),2017,Simo,751,83.4,206
Breast (mammography),2012,Kivijärvi,265,80.5,62
Breast (mammography),2018,Multia,495,82.9,116
Breast (mammography),2010,Ilmajoki,145,87.3,564
Breast (mammography),2021,Kaskinen,231,80.5,91
Breast (mammography),2014,Kuusamo,305,89.6,1039
Breast (mammography),2019,Hirvensalmi,097,81.1,146
Breast (mammography),2024,Parikkala,580,78.8,279
Breast (mammography),2011,Vesilahti,922,89.2,206
Breast (mammography),2022,Sipoo,753,81.5,1266
Breast (mammography),2021,Vesanto,921,79.9,131
Breast (mammography),2021,Rantasalmi,681,87.5,239
Breast (mammography),2017,Puumala,623,78.2,161
Breast (mammography),2016,Veteli,924,88,205
Breast (mammography),2023,Tornio,851,84.8,1124
Breast (mammography),2015,Soini,759,87.7,135
Breast (mammography),2021,Kittilä,261,85.5,383
Breast (mammography),2014,Jokioinen,169,87.3,352
Breast (mammography),2023,Pälkäne,635,83.3,390
Breast (mammography),2024,Asikkala,016,82.1,453
Breast (mammography),2023,Eurajoki,051,87.9,480
Breast (mammography),2021,Tervola,845,76,171
Breast (mammography),2010,Hartola,081,88.1,178
Breast (mammography),2012,Lohja,444,80.9,2694
Breast (mammography),2016,Virrat,936,84.7,471
Breast (mammography),2023,Kemi,240,81.9,1111
Breast (mammography),2024,Taivalkoski,832,86.1,230
Breast (mammography),2019,Kirkkonummi,257,79,2084
Breast (mammography),2012,Alajärvi,005,86.3,642
Breast (mammography),2022,Nivala,535,83.5,455
Breast (mammography),2020,Äänekoski,992,86.2,1185
Breast (mammography),2010,Inari,148,84.5,354
Breast (mammography),2020,Loppi,433,81.5,445
Breast (mammography),2011,Joroinen,171,87.8,317
Breast (mammography),2014,Pälkäne,635,82.3,387
Breast (mammography),2019,Karstula,226,86.1,267
Breast (mammography),2018,Utsjoki,890,72.4,55
Breast (mammography),2014,Ähtäri,989,84.6,427
Breast (mammography),2023,Kauniainen,235,70.4,467
Breast (mammography),2014,Tornio,851,85.5,1265
Breast (mammography),2015,Vimpeli,934,86.2,218
Breast (mammography),2020,Muhos,494,81.4,445
Breast (mammography),2022,Luoto,440,88.6,218
Breast (mammography),2010,Mäntsälä,505,84.7,1045
Breast (mammography),2022,Karijoki,218,75.3,73
Breast (mammography),2020,Maalahti,475,81,272
Breast (mammography),2023,Rautavaara,687,77.6,97
Breast (mammography),2012,Vantaa,092,78.5,10287
Breast (mammography),2023,Merijärvi,483,85.7,48
Breast (mammography),2019,Puolanka,620,85.8,193
Breast (mammography),2021,Somero,761,85,526
Breast (mammography),2012,Heinola,111,84.7,1419
Breast (mammography),2019,Lappeenranta,405,86.1,4260
Breast (mammography),2013,Hyvinkää,106,82.2,2766
Breast (mammography),2018,Ulvila,886,86,826
Breast (mammography),2015,Reisjärvi,691,85.8,163
Breast (mammography),2015,Utajärvi,889,85.9,195
Breast (mammography),2010,Saarijärvi,729,89.7,521
Breast (mammography),2023,Urjala,887,72.1,238
Breast (mammography),2016,Korsnäs,280,81.6,120
Breast (mammography),2023,Kokkola,272,84.2,2371
Breast (mammography),2010,Vehmaa,918,85.7,114
Breast (mammography),2016,Kärkölä,316,79.6,288
Breast (mammography),2024,Nousiainen,538,82.3,246
Breast (mammography),2011,Mustasaari,499,91.4,917
Breast (mammography),2011,Paltamo,578,84.5,224
Breast (mammography),2018,Lapua,408,87.1,840
Breast (mammography),2011,Taivassalo,833,91.2,104
Breast (mammography),2017,Isokyrö,152,85.1,275
Breast (mammography),2014,Lappajärvi,403,80.9,207
Breast (mammography),2014,Pori,609,87,4868
Breast (mammography),2024,Pyhäntä,630,84,79
Breast (mammography),2010,Ylivieska,977,89.3,699
Breast (mammography),2015,Nakkila,531,89.3,358
Breast (mammography),2022,Ristijärvi,697,81.6,80
Breast (mammography),2016,Miehikkälä,489,78.7,118
Breast (mammography),2017,Mänttä-Vilppula,508,85.8,690
Breast (mammography),2023,Lempäälä,418,86.1,1198
Breast (mammography),2018,Siuntio,755,78.8,364
Breast (mammography),2021,Toholampi,849,87.8,180
Breast (mammography),2021,Muonio,498,81.1,129
Breast (mammography),2018,Sievi,746,83.8,228
Breast (mammography),2024,Joensuu,167,85.1,3829
Breast (mammography),2012,Kurikka,301,85.5,1459
Breast (mammography),2020,Pieksämäki,593,83.4,1192
Breast (mammography),2017,Ilomantsi,146,86.1,401
Breast (mammography),2013,Iitti,142,84.5,527
Breast (mammography),2013,Tyrnävä,859,84.3,215
Breast (mammography),2022,Kuortane,300,82.4,197
Breast (mammography),2011,Kokkola,272,87.8,2351
Breast (mammography),2019,Janakkala,165,82.3,937
Breast (mammography),2010,Pielavesi,595,88.6,240
Breast (mammography),2011,Hollola,098,89.5,1555
Breast (mammography),2024,Hamina,075,80.4,1178
Breast (mammography),2014,Alavus,010,85.8,748
Breast (mammography),2021,Laukaa,410,85.2,982
Breast (mammography),2016,Kannus,217,83.9,328
Breast (mammography),2022,Kiuruvesi,263,80.1,464
Breast (mammography),2015,Kotka,285,85.3,3479
Breast (mammography),2020,Hailuoto,072,78.5,51
Breast (mammography),2023,Juuka,176,77.1,276
Breast (mammography),2017,Hattula,082,86.4,586
Breast (mammography),2016,Jämsä,182,82.9,1425
Breast (mammography),2024,Inkoo,149,75.3,327
Breast (mammography),2014,Masku,481,84.7,514
Breast (mammography),2021,Pornainen,611,83.9,286
Breast (mammography),2020,Imatra,153,84.1,1666
Breast (mammography),2010,Espoo,049,78.2,11840
Breast (mammography),2020,Ii,139,86.1,520
Breast (mammography),2017,Kangasniemi,213,83,371
Breast (mammography),2015,Hämeenlinna,109,83.3,4192
Breast (mammography),2017,Eura,050,88.9,716
Breast (mammography),2024,Pomarkku,608,83.2,104
Breast (mammography),2022,Alavieska,009,85.4,140
Breast (mammography),2023,Hämeenkyrö,108,82.8,595
Breast (mammography),2019,Säkylä,783,87.7,463
Breast (mammography),2020,Kokkola,272,84.8,2382
Breast (mammography),2015,Juva,178,84.8,469
Breast (mammography),2021,Asikkala,016,81.6,513
Breast (mammography),2011,Jokioinen,169,86.5,391
Breast (mammography),2018,Pomarkku,608,85.9,134
Breast (mammography),2016,Ristijärvi,697,84,105
Breast (mammography),2015,Laitila,400,84.3,487
Breast (mammography),2012,Ranua,683,88.4,213
Breast (mammography),2019,Luoto,440,86.8,217
Breast (mammography),2024,Kotka,285,80.2,2767
Breast (mammography),2024,Salo,734,82.8,3091
Breast (mammography),2013,Vehmaa,918,88.3,144
Breast (mammography),2016,Oulainen,563,86.3,452
Breast (mammography),2018,Soini,759,89,153
Breast (mammography),2021,Nakkila,531,88,315
Breast (mammography),2013,Korsnäs,280,81.5,132
Breast (mammography),2022,Tyrnävä,859,81.5,278
Breast (mammography),2010,Savukoski,742,66.7,54
Breast (mammography),2011,Kankaanpää,214,88.7,803
Breast (mammography),2013,Humppila,103,83.7,159
Breast (mammography),2018,Pyhtää,624,85,317
Breast (mammography),2017,Kuhmoinen,291,82.4,155
Breast (mammography),2024,Kannonkoski,216,80.6,79
Breast (mammography),2023,Perho,584,79.5,101
Breast (mammography),2017,Kinnula,256,91.9,113
Breast (mammography),2010,Salla,732,88.5,317
Breast (mammography),2014,Pieksämäki,593,83.1,1222
Breast (mammography),2023,Masku,481,87.2,550
Breast (mammography),2022,Heinävesi,090,82.9,214
Breast (mammography),2017,Outokumpu,309,82.1,449
Breast (mammography),2011,Laihia,399,87.2,396
Breast (mammography),2012,Karijoki,218,81.9,77
Breast (mammography),2014,Sodankylä,758,87.9,562
Breast (mammography),2020,Leppävirta,420,84.1,634
Breast (mammography),2010,Hailuoto,072,87.2,41
Breast (mammography),2019,Vihti,927,79.3,1566
Breast (mammography),2013,Loimaa,430,85.9,1094
Breast (mammography),2024,Ylivieska,977,87.3,697
Breast (mammography),2019,Loimaa,430,85.4,973
Breast (mammography),2016,Rauma,684,85.2,2485
Breast (mammography),2020,Sodankylä,758,83.1,555
Breast (mammography),2019,Marttila,480,72.6,90
Breast (mammography),2015,Kemijärvi,320,90.9,659
Breast (mammography),2016,Kauhajoki,232,85.9,909
Breast (mammography),2015,Kannonkoski,216,77.6,90
Breast (mammography),2015,Pihtipudas,601,88.9,287
Breast (mammography),2022,Parainen,445,82.3,937
Breast (mammography),2010,Pello,854,90.2,239
Breast (mammography),2019,Savukoski,742,75.3,67
Breast (mammography),2013,Pälkäne,635,84.5,375
Breast (mammography),2020,Koski Tl,284,79.4,112
Breast (mammography),2013,Kuhmo,290,87.3,651
Breast (mammography),2022,Kärkölä,316,76.6,255
Breast (mammography),2022,Korsnäs,280,86.9,119
Breast (mammography),2017,Ikaalinen,143,85,454
Breast (mammography),2014,Salo,734,85,3421
Breast (mammography),2018,Pielavesi,595,85.6,302
Breast (mammography),2019,Paimio,577,86.4,598
Breast (mammography),2010,Kirkkonummi,257,66.3,1127
Breast (mammography),2012,Pudasjärvi,615,86.4,427
Breast (mammography),2020,Uusikaarlepyy,893,85.7,382
Breast (mammography),2019,Polvijärvi,607,83.4,307
Breast (mammography),2020,Laihia,399,83.4,411
Breast (mammography),2013,Harjavalta,079,87.9,489
Breast (mammography),2020,Merijärvi,483,85,51
Breast (mammography),2023,Imatra,153,78.4,1427
Breast (mammography),2018,Keitele,239,85.9,158
Breast (mammography),2024,Oripää,561,86.5,64
Breast (mammography),2014,Kokkola,272,84.5,2328
Breast (mammography),2016,Tyrnävä,859,81.6,266
Breast (mammography),2024,Keuruu,249,82.6,545
Breast (mammography),2024,Multia,495,83.8,88
Breast (mammography),2013,Saarijärvi,729,86.8,657
Breast (mammography),2015,Inkoo,149,77.5,293
Breast (mammography),2024,Soini,759,87,120
Breast (mammography),2018,Kotka,285,83,3190
Breast (mammography),2020,Kemi,240,79.2,1222
Breast (mammography),2023,Puumala,623,82.9,145
Breast (mammography),2013,Espoo,049,76.8,12372
Breast (mammography),2017,Masku,481,85.5,565
Breast (mammography),2019,Utsjoki,890,82.4,75
Breast (mammography),2024,Pornainen,611,85.2,322
Breast (mammography),2017,Pedersören kunta,599,89,526
Breast (mammography),2024,Laukaa,410,85,971
Breast (mammography),2017,Lapinlahti,402,86.1,682
Breast (mammography),2012,Kajaani,205,87.3,2029
Breast (mammography),2018,Evijärvi,052,88.4,152
Breast (mammography),2022,Harjavalta,079,84,378
Breast (mammography),2020,Jokioinen,169,83.8,316
Breast (mammography),2024,Rantasalmi,681,77.4,192
Breast (mammography),2016,Nurmes,541,85.9,746
Breast (mammography),2020,Ruovesi,702,81.1,266
Breast (mammography),2020,Merikarvia,484,83.1,206
Breast (mammography),2012,Vaala,785,88,169
Breast (mammography),2024,Evijärvi,052,84.9,129
Breast (mammography),2011,Juupajoki,177,80.3,110
Breast (mammography),2011,Pori,609,89.8,4635
Breast (mammography),2019,Vehmaa,918,81.6,129
Breast (mammography),2014,Paltamo,578,84.8,218
Breast (mammography),2016,Kyyjärvi,312,86.1,93
Breast (mammography),2023,Pieksämäki,593,83.4,1109
Breast (mammography),2013,Heinävesi,090,87.9,261
Breast (mammography),2022,Iitti,142,73.4,345
Breast (mammography),2017,Haapavesi,071,84.1,376
Breast (mammography),2020,Pyhäjärvi,626,84.2,315
Breast (mammography),2021,Kruunupyy,288,82.9,330
Breast (mammography),2014,Seinäjoki,743,85.2,3142
Breast (mammography),2013,Luoto,440,85.9,207
Breast (mammography),2012,Vimpeli,934,86.9,199
Breast (mammography),2012,Toholampi,849,88.1,155
Breast (mammography),2015,Kaarina,202,85.7,1867
Breast (mammography),2020,Kankaanpää,214,83.7,872
Breast (mammography),2021,Muurame,500,85.2,551
Breast (mammography),2013,Kärkölä,316,82.1,320
Breast (mammography),2020,Pietarsaari,598,83.5,1046
Breast (mammography),2024,Vesanto,921,86.3,120
Breast (mammography),2016,Hausjärvi,086,80.5,472
Breast (mammography),2019,Pello,854,86.2,257
Breast (mammography),2017,Hyrynsalmi,105,86.9,179
Breast (mammography),2010,Karstula,226,91.6,229
Breast (mammography),2020,Seinäjoki,743,85.3,3310
Breast (mammography),2017,Ähtäri,989,86.2,438
Breast (mammography),2012,Nakkila,531,86.9,305
Breast (mammography),2024,Muonio,498,79.3,130
Breast (mammography),2024,Juva,178,79,339
Breast (mammography),2019,Siuntio,755,72.1,312
Breast (mammography),2023,Aura,019,85.7,204
Breast (mammography),2021,Ranua,683,86,233
Breast (mammography),2024,Loviisa,434,80.4,825
Breast (mammography),2012,Virolahti,935,84.9,191
Breast (mammography),2023,Ähtäri,989,83.6,337
Breast (mammography),2020,Pori,609,84.4,4865
Breast (mammography),2014,Eurajoki,051,87.4,546
Breast (mammography),2015,Taivalkoski,832,86.4,287
Breast (mammography),2011,Ruovesi,702,83.8,254
Breast (mammography),2017,Toivakka,850,87.2,136
Breast (mammography),2017,Sysmä,781,84.1,281
Breast (mammography),2018,Inari,148,81.1,446
Breast (mammography),2010,Lappeenranta,405,89.4,3973
Breast (mammography),2021,Taivassalo,833,87.7,114
Breast (mammography),2021,Kajaani,205,84.8,2104
Breast (mammography),2014,Ylitornio,976,84.8,285
Breast (mammography),2010,Utsjoki,890,74.1,43
Breast (mammography),2014,Hämeenkyrö,108,86.5,635
Breast (mammography),2012,Kemiönsaari,322,82,347
Breast (mammography),2015,Muonio,498,83.1,157
Breast (mammography),2018,Karstula,226,88.8,292
Breast (mammography),2019,Espoo,049,73.4,12315
Breast (mammography),2021,Akaa,020,79.4,835
Breast (mammography),2019,Kaustinen,236,85.1,228
Breast (mammography),2016,Varkaus,915,90,1590
Breast (mammography),2023,Ilomantsi,146,82.5,326
Breast (mammography),2013,Raasepori,710,78.5,1476
Breast (mammography),2016,Kuortane,300,89.4,244
Breast (mammography),2019,Ulvila,886,83.2,854
Breast (mammography),2011,Orivesi,562,86.6,535
Breast (mammography),2022,Punkalaidun,619,86.5,173
Breast (mammography),2013,Sulkava,768,82.6,180
Breast (mammography),2012,Lieksa,422,87.2,824
Breast (mammography),2020,Pyhäjoki,625,82.3,167
Breast (mammography),2019,Lemi,416,85.5,177
Breast (mammography),2023,Siikalatva,791,84.2,303
Breast (mammography),2014,Lempäälä,418,86.4,1084
Breast (mammography),2015,Pyhäntä,630,84.5,87
Breast (mammography),2013,Närpiö,545,86.7,484
Breast (mammography),2016,Ypäjä,981,82.8,149
Breast (mammography),2022,Tampere,837,81.8,10782
Breast (mammography),2018,Ylivieska,977,87.9,875
Breast (mammography),2022,Kempele,244,86.1,921
Breast (mammography),2010,Orimattila,560,86.3,750
Breast (mammography),2015,Tervola,845,78.4,181
Breast (mammography),2014,Siikalatva,791,86,343
Breast (mammography),2017,Savonlinna,740,84.6,2360
Breast (mammography),2017,Rautavaara,687,80.3,122
Breast (mammography),2010,Kokemäki,271,89.8,377
Breast (mammography),2017,Vihti,927,79.9,1587
Breast (mammography),2016,Parainen,445,83.1,986
Breast (mammography),2019,Hyvinkää,106,81,2679
Breast (mammography),2021,Lieksa,422,84.5,739
Breast (mammography),2017,Myrskylä,504,83.2,134
Breast (mammography),2024,Raisio,680,80.9,1369
Breast (mammography),2021,Vimpeli,934,89.1,212
Breast (mammography),2014,Koski Tl,284,88.7,134
Breast (mammography),2011,Merikarvia,484,87.6,191
Breast (mammography),2024,Kaarina,202,87.1,1991
Breast (mammography),2011,Ii,139,87.8,412
Breast (mammography),2010,Hirvensalmi,097,84.8,117
Breast (mammography),2016,Iisalmi,140,87.9,1467
Breast (mammography),2012,Muurame,500,86.7,398
Breast (mammography),2021,Vaala,785,81,196
Breast (mammography),2011,Kouvola,286,88.1,4893
Breast (mammography),2012,Kruunupyy,288,85.6,303
Breast (mammography),2011,Pyhäjärvi,626,86.6,305
Breast (mammography),2016,Hankasalmi,077,83.7,329
Breast (mammography),2015,Rantasalmi,681,84.4,265
Breast (mammography),2017,Helsinki,091,73.4,29500
Breast (mammography),2016,Vaasa,905,84.8,3376
Breast (mammography),2016,Kalajoki,208,86.9,745
Breast (mammography),2021,Porvoo,638,82.3,2794
Breast (mammography),2015,Hamina,075,86,1375
Breast (mammography),2011,Leppävirta,420,85.5,568
Breast (mammography),2015,Kouvola,286,84.5,5663
Breast (mammography),2021,Isojoki,151,81.6,120
Breast (mammography),2010,Siuntio,755,82,346
Breast (mammography),2015,Pornainen,611,81.9,271
Breast (mammography),2010,Paimio,577,87.5,485
Breast (mammography),2015,Asikkala,016,83.9,584
Breast (mammography),2010,Janakkala,165,83.6,945
Breast (mammography),2011,Somero,761,90.2,495
Breast (mammography),2015,Vesanto,921,82,155
Breast (mammography),2012,Kaskinen,231,81.4,92
Breast (mammography),2011,Pietarsaari,598,86,1035
Breast (mammography),2014,Perho,584,80.6,141
Breast (mammography),2022,Humppila,103,84.5,142
Breast (mammography),2022,Kauhava,233,84.6,857
Breast (mammography),2016,Kiuruvesi,263,84.3,544
Breast (mammography),2020,Juupajoki,177,69,98
Breast (mammography),2022,Lohja,444,79.5,2644
Breast (mammography),2022,Pukkila,616,72.6,98
Breast (mammography),2010,Viitasaari,931,87.7,327
Breast (mammography),2018,Joensuu,167,85.6,4375
Breast (mammography),2023,Kinnula,256,83.2,89
Breast (mammography),2023,Hattula,082,86,542
Breast (mammography),2022,Rautalampi,686,87.9,189
Breast (mammography),2011,Uusikaarlepyy,893,86.8,375
Breast (mammography),2022,Jämsä,182,82.8,1263
Breast (mammography),2010,Äänekoski,992,89.9,983
Breast (mammography),2016,Liperi,426,87.5,797
Breast (mammography),2021,Ylöjärvi,980,84.5,1721
Breast (mammography),2014,Imatra,153,86.3,1732
Breast (mammography),2023,Luumäki,441,84.1,281
Breast (mammography),2015,Rusko,704,87.7,364
Breast (mammography),2014,Rautjärvi,689,87.5,259
Breast (mammography),2023,Nokia,536,86.5,1814
Breast (mammography),2021,Tuusniemi,857,72.2,153
Breast (mammography),2023,Karkkila,224,75.9,454
Breast (mammography),2010,Säkylä,783,91,483
Breast (mammography),2020,Vöyri,946,80.7,342
Breast (mammography),2010,Turku,853,86.6,8806
Breast (mammography),2012,Enonkoski,046,89.5,94
Breast (mammography),2015,Laukaa,410,87.3,1051
Breast (mammography),2015,Nousiainen,538,89.6,275
Breast (mammography),2022,Lapinjärvi,407,82.5,132
Breast (mammography),2010,Pöytyä,636,89.3,351
Breast (mammography),2021,Vantaa,092,78.3,10793
Breast (mammography),2015,Parikkala,580,81.4,368
Breast (mammography),2015,Siikainen,747,84.5,109
Breast (mammography),2020,Tervo,844,72.9,105
Breast (mammography),2023,Kuusamo,305,87.5,998
Breast (mammography),2024,Kemijärvi,320,86.2,455
Breast (mammography),2014,Urjala,887,77.2,315
Breast (mammography),2019,Mäntsälä,505,81.3,1122
Breast (mammography),2022,Kuhmo,290,85.5,529
Breast (mammography),2011,Mäntyharju,507,79.5,446
Breast (mammography),2010,Polvijärvi,607,86.4,229
Breast (mammography),2016,Lieto,423,88.7,1131
Breast (mammography),2022,Savitaipale,739,83.8,202
Breast (mammography),2011,Kitee,260,86.8,726
Breast (mammography),2011,Maalahti,475,88,330
Breast (mammography),2022,Mynämäki,503,80.6,461
Breast (mammography),2019,Sastamala,790,84.8,1518
Breast (mammography),2013,Rautjärvi,689,86.3,252
Breast (mammography),2024,Somero,761,85.9,516
Breast (mammography),2021,Mikkeli,491,85.8,3100
Breast (mammography),2014,Liminka,425,85.4,280
Breast (mammography),2017,Marttila,480,73.2,93
Breast (mammography),2024,Heinola,111,79.5,1125
Breast (mammography),2022,Karstula,226,86.6,251
Breast (mammography),2016,Uurainen,892,82.5,175
Breast (mammography),2019,Lapinlahti,402,85.9,641
Breast (mammography),2020,Sievi,746,87.2,224
Breast (mammography),2022,Taipalsaari,831,87.6,319
Breast (mammography),2023,Suomussalmi,777,88.2,538
Breast (mammography),2012,Rusko,704,91.9,305
Breast (mammography),2024,Nokia,536,86.1,1879
Breast (mammography),2024,Lapua,408,86,757
Breast (mammography),2012,Hollola,098,85.4,1520
Breast (mammography),2021,Kustavi,304,79.2,61
Breast (mammography),2019,Sotkamo,765,82.6,622
Breast (mammography),2023,Nurmijärvi,543,76.4,2175
Breast (mammography),2017,Ylitornio,976,85.9,304
Breast (mammography),2023,Lemi,416,85.5,165
Breast (mammography),2019,Kaavi,204,79,173
Breast (mammography),2024,Kirkkonummi,257,75.3,2102
Breast (mammography),2015,Naantali,529,86.5,1447
Breast (mammography),2011,Ähtäri,989,90.5,456
Breast (mammography),2015,Kirkkonummi,257,78.1,1957
Breast (mammography),2020,Ähtäri,989,88.2,352
Breast (mammography),2010,Pomarkku,608,89.3,109
Breast (mammography),2016,Hämeenlinna,109,83.1,4037
Breast (mammography),2013,Taipalsaari,831,90.2,294
Breast (mammography),2014,Toivakka,850,81.8,135
Breast (mammography),2019,Pyhäntä,630,89.7,96
Breast (mammography),2010,Lapinlahti,402,85.4,458
Breast (mammography),2021,Rusko,704,87.6,359
Breast (mammography),2020,Mäntsälä,505,81.6,1142
Breast (mammography),2014,Nurmijärvi,543,76.5,2028
Breast (mammography),2023,Hyvinkää,106,80.7,2608
Breast (mammography),2011,Kyyjärvi,312,87.4,90
Breast (mammography),2016,Kerava,245,77.5,2003
Breast (mammography),2021,Keminmaa,241,82.2,449
Breast (mammography),2012,Tohmajärvi,848,84.6,281
Breast (mammography),2013,Karstula,226,89.7,287
Breast (mammography),2012,Nivala,535,82,470
Breast (mammography),2024,Kangasala,211,87,1826
Breast (mammography),2022,Rautjärvi,689,76.2,195
Breast (mammography),2020,Jämsä,182,83.2,1317
Breast (mammography),2015,Ilmajoki,145,84.7,672
Breast (mammography),2017,Raasepori,710,77.7,1599
Breast (mammography),2010,Pyhäntä,630,97.1,102
Breast (mammography),2020,Sysmä,781,79.8,257
Breast (mammography),2011,Hyrynsalmi,105,89.6,155
Breast (mammography),2024,Kauniainen,235,74.6,497
Breast (mammography),2020,Kyyjärvi,312,83.9,78
Breast (mammography),2011,Kolari,273,87.6,211
Breast (mammography),2011,Hankasalmi,077,87,280
Breast (mammography),2019,Helsinki,091,73.2,28970
Breast (mammography),2022,Hartola,081,81.7,187
Breast (mammography),2010,Tampere,837,86,10734
Breast (mammography),2021,Kauhava,233,85.4,922
Breast (mammography),2020,Lahti,398,80.9,6500
Breast (mammography),2011,Rantasalmi,681,88.8,238
Breast (mammography),2018,Savitaipale,739,84.7,216
Breast (mammography),2016,Tuusula,858,73.4,1954
Breast (mammography),2020,Oripää,561,73.9,65
Breast (mammography),2021,Raahe,678,85.1,1362
Breast (mammography),2022,Iisalmi,140,85.2,1273
Breast (mammography),2015,Oulu,564,86,9841
Breast (mammography),2018,Ilomantsi,146,85.7,377
Breast (mammography),2012,Kustavi,304,78.3,47
Breast (mammography),2011,Muonio,498,86.5,135
Breast (mammography),2015,Nokia,536,85.3,1817
Breast (mammography),2024,Posio,614,80,192
Breast (mammography),2010,Aura,019,89.3,167
Breast (mammography),2010,Pukkila,616,87.8,72
Breast (mammography),2017,Kemi,240,80.9,1348
Breast (mammography),2015,Kangasala,211,85.7,1733
Breast (mammography),2021,Hausjärvi,086,82.1,508
Breast (mammography),2021,Nivala,535,83.3,498
Breast (mammography),2021,Viitasaari,931,92.4,453
Breast (mammography),2016,Kokemäki,271,90.1,518
Breast (mammography),2019,Eura,050,88.3,687
Breast (mammography),2016,Vesilahti,922,83.5,223
Breast (mammography),2017,Pälkäne,635,82.4,421
Breast (mammography),2024,Tammela,834,87.7,377
Breast (mammography),2023,Hailuoto,072,85.2,52
Breast (mammography),2012,Kinnula,256,86.1,99
Breast (mammography),2010,Helsinki,091,78.7,30440
Breast (mammography),2012,Inkoo,149,77.9,339
Breast (mammography),2010,Karvia,230,88.1,141
Breast (mammography),2018,Hailuoto,072,84.1,53
Breast (mammography),2023,Ypäjä,981,76.2,138
Breast (mammography),2023,Mustasaari,499,88.1,1048
Breast (mammography),2023,Toivakka,850,84.1,122
Breast (mammography),2014,Hyvinkää,106,83.3,2714
Breast (mammography),2015,Kuopio,297,84.5,6839
Breast (mammography),2014,Äänekoski,992,86.5,1170
Breast (mammography),2013,Hämeenkyrö,108,86.2,642
Breast (mammography),2012,Nousiainen,538,89.3,284
Breast (mammography),2023,Rääkkylä,707,82.9,126
Breast (mammography),2023,Tervo,844,81.5,88
Breast (mammography),2010,Ulvila,886,89.6,682
Breast (mammography),2014,Eura,050,89.5,828
Breast (mammography),2014,Rääkkylä,707,78.2,165
Breast (mammography),2019,Karkkila,224,81.8,514
Breast (mammography),2015,Heinola,111,83.7,1494
Breast (mammography),2016,Reisjärvi,691,86.3,157
Breast (mammography),2015,Riihimäki,694,82.6,1636
Breast (mammography),2015,Tammela,834,87.4,424
Breast (mammography),2010,Kuortane,300,91.4,245
Breast (mammography),2011,Ylöjärvi,980,85.6,1612
Breast (mammography),2024,Joutsa,172,82.6,262
Breast (mammography),2012,Keminmaa,241,86,472
Breast (mammography),2010,Keuruu,249,87.5,546
Breast (mammography),2010,Outokumpu,309,86.5,391
Breast (mammography),2016,Lumijoki,436,80.7,88
Breast (mammography),2017,Lappajärvi,403,84.4,228
Breast (mammography),2010,Ristijärvi,697,90.2,83
Breast (mammography),2015,Posio,614,87.2,300
Breast (mammography),2019,Pukkila,616,80,120
Breast (mammography),2010,Savonlinna,740,87.8,1835
Breast (mammography),2018,Askola,018,80.2,276
Breast (mammography),2023,Keitele,239,88.6,148
Breast (mammography),2017,Tervola,845,80.8,173
Breast (mammography),2023,Hanko,078,80.4,471
Breast (mammography),2014,Pelkosenniemi,583,85.5,65
Breast (mammography),2012,Raahe,678,84.4,1258
Breast (mammography),2019,Laitila,400,84,457
Breast (mammography),2013,Hartola,081,80.8,206
Breast (mammography),2019,Pomarkku,608,85.4,135
Breast (mammography),2012,Kauhava,233,85.4,1092
Breast (mammography),2017,Suonenjoki,778,86.7,496
Breast (mammography),2019,Tampere,837,82.6,11263
Breast (mammography),2017,Padasjoki,576,79.8,213
Breast (mammography),2022,Kaskinen,231,82.6,71
Breast (mammography),2017,Inari,148,83.6,468
Breast (mammography),2011,Jämsä,182,89.2,1191
Breast (mammography),2014,Lemi,416,83.9,156
Breast (mammography),2021,Hollola,098,85.9,1425
Breast (mammography),2015,Forssa,061,85.4,1260
Breast (mammography),2019,Loppi,433,82.3,466
Breast (mammography),2019,Konnevesi,275,90.7,165
Breast (mammography),2024,Juuka,176,73.4,256
Breast (mammography),2020,Janakkala,165,78.1,897
Breast (mammography),2021,Paltamo,578,84.6,230
Breast (mammography),2023,Kristiinankaupunki,287,83.1,379
Breast (mammography),2022,Eurajoki,051,86.1,506
Breast (mammography),2017,Kannus,217,82.7,343
Breast (mammography),2021,Savukoski,742,80.7,67
Breast (mammography),2021,Valkeakoski,908,81.7,1034
Breast (mammography),2014,Sipoo,753,80.2,1011
Breast (mammography),2012,Luumäki,441,85.5,278
Breast (mammography),2012,Kotka,285,86.5,2844
Breast (mammography),2022,Lempäälä,418,85.9,1159
Breast (mammography),2022,Närpiö,545,82.1,468
Breast (mammography),2010,Vaasa,905,89,2580
Breast (mammography),2022,Hämeenkyrö,108,82.5,602
Breast (mammography),2011,Espoo,049,79.3,12315
Breast (mammography),2014,Punkalaidun,619,85.4,193
Breast (mammography),2019,Savonlinna,740,84.3,2228
Breast (mammography),2011,Alavus,010,88.3,729
Breast (mammography),2010,Lieto,423,90.9,773
Breast (mammography),2014,Juupajoki,177,80,100
Breast (mammography),2021,Inkoo,149,84.3,344
Breast (mammography),2021,Tuusula,858,74.9,1988
Breast (mammography),2020,Kemiönsaari,322,77.6,380
Breast (mammography),2018,Heinävesi,090,86.6,253
Breast (mammography),2011,Vantaa,092,77.8,10287
Breast (mammography),2013,Kajaani,205,85.1,2176
Breast (mammography),2013,Pyhäranta,631,87.3,117
Breast (mammography),2015,Sievi,746,86.3,259
Breast (mammography),2010,Loppi,433,83.8,450
Breast (mammography),2013,Pori,609,88.3,5018
Breast (mammography),2014,Kristiinankaupunki,287,86.5,434
Breast (mammography),2012,Ruokolahti,700,84.6,319
Breast (mammography),2017,Muurame,500,87,569
Breast (mammography),2020,Pedersören kunta,599,86.3,491
Breast (mammography),2012,Paltamo,578,81.8,189
Breast (mammography),2012,Seinäjoki,743,85.6,2826
Breast (mammography),2019,Orivesi,562,81.9,557
Breast (mammography),2024,Petäjävesi,592,85.3,185
Breast (mammography),2018,Kaarina,202,83.8,1931
Breast (mammography),2016,Soini,759,92.3,167
Breast (mammography),2018,Lapinjärvi,407,83.9,162
Breast (mammography),2023,Parikkala,580,71.9,251
Breast (mammography),2014,Karkkila,224,79.3,480
Breast (mammography),2010,Laitila,400,88.8,412
Breast (mammography),2011,Virrat,936,86.8,427
Breast (mammography),2016,Joroinen,171,86.8,335
Breast (mammography),2021,Muhos,494,77.7,417
Breast (mammography),2014,Hanko,078,80,527
Breast (mammography),2023,Pelkosenniemi,583,79.5,62
Breast (mammography),2023,Siikainen,747,81.4,83
Breast (mammography),2019,Vaasa,905,84.5,3287
Breast (mammography),2023,Sipoo,753,80.9,1247
Breast (mammography),2017,Ranua,683,85.5,266
Breast (mammography),2017,Harjavalta,079,84.9,451
Breast (mammography),2014,Mustasaari,499,87.3,1054
Breast (mammography),2016,Puumala,623,87.7,186
Breast (mammography),2011,Siilinjärvi,749,91.3,1088
Breast (mammography),2014,Mänttä-Vilppula,508,84.4,701
Breast (mammography),2015,Kuusamo,305,90.6,1166
Breast (mammography),2022,Kihniö,250,82.1,124
Breast (mammography),2019,Ristijärvi,697,79.8,95
Breast (mammography),2022,Vesanto,921,85.1,126
Breast (mammography),2011,Parainen,445,87,953
Breast (mammography),2022,Luhanka,435,81.5,44
Breast (mammography),2011,Kivijärvi,265,82.9,63
Breast (mammography),2021,Hamina,075,82.2,1186
Breast (mammography),2020,Laukaa,410,86,992
Breast (mammography),2019,Äänekoski,992,85.9,1186
Breast (mammography),2012,Utajärvi,889,83.6,148
Breast (mammography),2019,Kuortane,300,84.5,224
Breast (mammography),2016,Hattula,082,87.9,598
Breast (mammography),2024,Lestijärvi,421,80,36
Breast (mammography),2024,Ilmajoki,145,84.8,601
Breast (mammography),2013,Masku,481,88.7,556
Breast (mammography),2022,Kärsämäki,317,86.2,137
Breast (mammography),2024,Forssa,061,83.8,902
Breast (mammography),2020,Kouvola,286,84.2,5163
Breast (mammography),2013,Tornio,851,84.8,1381
Breast (mammography),2021,Koski Tl,284,83,137
Breast (mammography),2017,Halsua,074,83.1,69
Breast (mammography),2018,Nakkila,531,88.6,326
Breast (mammography),2012,Vöyri,946,84.7,376
Breast (mammography),2011,Järvenpää,186,76.8,2074
Breast (mammography),2017,Ulvila,886,84.2,873
Breast (mammography),2011,Mäntsälä,505,84.8,1035
Breast (mammography),2018,Kangasniemi,213,82.8,365
Breast (mammography),2020,Nurmes,541,87.9,674
Breast (mammography),2022,Raasepori,710,81.1,1603
Breast (mammography),2021,Nousiainen,538,86.2,244
Breast (mammography),2022,Saarijärvi,729,82.5,595
Breast (mammography),2020,Hyrynsalmi,105,81.4,149
Breast (mammography),2018,Vaala,785,79.7,181
Breast (mammography),2015,Lapua,408,84.9,812
Breast (mammography),2010,Akaa,020,87.2,771
Breast (mammography),2023,Parainen,445,83.7,864
Breast (mammography),2010,Kaavi,204,85.6,166
Breast (mammography),2019,Outokumpu,309,79.1,400
Breast (mammography),2010,Pälkäne,635,87.2,326
Breast (mammography),2012,Mikkeli,491,87.4,2990
Breast (mammography),2011,Sysmä,781,77.5,221
Breast (mammography),2024,Uusikaupunki,895,81.8,817
Breast (mammography),2016,Mynämäki,503,86.1,512
Breast (mammography),2022,Puolanka,620,88.2,180
Breast (mammography),2020,Varkaus,915,86.1,1410
Breast (mammography),2016,Kuhmo,290,86.3,653
Breast (mammography),2018,Lieksa,422,86.5,868
Breast (mammography),2014,Parkano,581,85.8,429
Breast (mammography),2022,Lieto,423,89.3,1202
Breast (mammography),2024,Sauvo,738,83.8,191
Breast (mammography),2013,Sastamala,790,86.5,1508
Breast (mammography),2024,Vieremä,925,84.8,207
Breast (mammography),2017,Kärkölä,316,81.4,294
Breast (mammography),2011,Merijärvi,483,88.9,64
Breast (mammography),2018,Orivesi,562,81.8,556
Breast (mammography),2016,Isokyrö,152,84.7,298
Breast (mammography),2024,Naantali,529,81.4,1267
Breast (mammography),2011,Pyhäjoki,625,88.6,179
Breast (mammography),2018,Kolari,273,82.8,274
Breast (mammography),2018,Merikarvia,484,83.6,204
Breast (mammography),2011,Oripää,561,92.1,82
Breast (mammography),2022,Marttila,480,77.3,109
Breast (mammography),2011,Salo,734,86,2728
Breast (mammography),2024,Riihimäki,694,81.7,1602
Breast (mammography),2024,Oulu,564,86,9879
Breast (mammography),2018,Laihia,399,81.3,414
Breast (mammography),2020,Muonio,498,77.8,130
Breast (mammography),2012,Iitti,142,83.1,363
Breast (mammography),2018,Pyhäjärvi,626,83.8,337
Breast (mammography),2015,Raisio,680,86.9,1564
Breast (mammography),2022,Perho,584,82,123
Breast (mammography),2020,Salla,732,84.8,246
Breast (mammography),2023,Kannonkoski,216,79.8,71
Breast (mammography),2024,Kuopio,297,84.5,6259
Breast (mammography),2014,Tervo,844,86.5,122
Breast (mammography),2024,Seinäjoki,743,86.1,3220
Breast (mammography),2020,Rantasalmi,681,77.1,226
Breast (mammography),2011,Lahti,398,84.8,7122
Breast (mammography),2018,Sotkamo,765,84.1,680
Breast (mammography),2010,Joensuu,167,89,3399
Breast (mammography),2012,Tyrnävä,859,81.4,223
Breast (mammography),2020,Hankasalmi,077,75.3,259
Breast (mammography),2015,Multia,495,86.5,109
Breast (mammography),2016,Rautalampi,686,85.1,223
Breast (mammography),2018,Lapinlahti,402,85.2,621
Breast (mammography),2011,Säkylä,783,90.9,429
Breast (mammography),2013,Lieto,423,88.4,923
Breast (mammography),2018,Pyhäntä,630,86.7,104
Breast (mammography),2020,Loimaa,430,81.9,930
Breast (mammography),2017,Enonkoski,046,81,102
Breast (mammography),2023,Juva,178,81.3,353
Breast (mammography),2023,Harjavalta,079,82.8,361
Breast (mammography),2010,Laihia,399,88,360
Breast (mammography),2023,Pedersören kunta,599,87.5,517
Breast (mammography),2012,Raisio,680,86.7,1571
Breast (mammography),2023,Pirkkala,604,87.5,1025
Breast (mammography),2020,Parikkala,580,83.9,344
Breast (mammography),2024,Luumäki,441,82.5,279
Breast (mammography),2019,Haapajärvi,069,86.5,449
Breast (mammography),2017,Rauma,684,87.1,2381
Breast (mammography),2011,Kristiinankaupunki,287,85.5,438
Breast (mammography),2022,Sastamala,790,83.2,1407
Breast (mammography),2014,Laukaa,410,87.1,983
Breast (mammography),2014,Kärkölä,316,78.7,262
Breast (mammography),2013,Puumala,623,86.6,174
Breast (mammography),2022,Vaasa,905,83.5,3091
Breast (mammography),2017,Imatra,153,84.8,1772
Breast (mammography),2011,Toholampi,849,88.3,166
Breast (mammography),2018,Lestijärvi,421,82.5,47
Breast (mammography),2010,Kurikka,301,89.1,1277
Breast (mammography),2013,Utsjoki,890,75.7,81
Breast (mammography),2017,Pöytyä,636,87.9,485
Breast (mammography),2016,Taivassalo,833,86.2,119
Breast (mammography),2015,Seinäjoki,743,84.7,3373
Breast (mammography),2015,Tyrnävä,859,83,240
Breast (mammography),2024,Ruokolahti,700,76.6,292
Breast (mammography),2013,Kontiolahti,276,88.1,726
Breast (mammography),2022,Vehmaa,918,87.7,142
Breast (mammography),2021,Korsnäs,280,86.5,122
Breast (mammography),2015,Luumäki,441,84.3,338
Breast (mammography),2022,Kalajoki,208,83.4,663
Breast (mammography),2024,Oulainen,563,82.8,365
Breast (mammography),2023,Kärkölä,316,77.7,251
Breast (mammography),2010,Savitaipale,739,89.3,176
Breast (mammography),2014,Pedersören kunta,599,89.3,584
Breast (mammography),2020,Säkylä,783,85.6,459
Breast (mammography),2019,Laihia,399,83.4,422
Breast (mammography),2017,Kruunupyy,288,84.7,371
Breast (mammography),2014,Simo,751,86.4,236
Breast (mammography),2013,Kalajoki,208,84.8,667
Breast (mammography),2018,Petäjävesi,592,81.9,194
Breast (mammography),2010,Jokioinen,169,90,332
Breast (mammography),2012,Korsnäs,280,88.3,136
Breast (mammography),2018,Helsinki,091,72.5,29250
Breast (mammography),2018,Sulkava,768,82.7,187
Breast (mammography),2019,Loviisa,434,81.4,938
Breast (mammography),2016,Kuhmoinen,291,85.6,178
Breast (mammography),2016,Myrskylä,504,78.7,107
Breast (mammography),2016,Luhanka,435,85.5,47
Breast (mammography),2019,Eurajoki,051,86.2,520
Breast (mammography),2022,Puumala,623,80.2,146
Breast (mammography),2013,Sodankylä,758,85.6,548
Breast (mammography),2016,Masku,481,83.3,515
Breast (mammography),2016,Vesanto,921,86.4,153
Breast (mammography),2017,Lohja,444,80.9,2817
Breast (mammography),2013,Vaasa,905,85.5,3167
Breast (mammography),2022,Masku,481,86.3,535
Breast (mammography),2011,Orimattila,560,87.9,827
Breast (mammography),2023,Laukaa,410,87,973
Breast (mammography),2020,Kristiinankaupunki,287,79,395
Breast (mammography),2011,Salla,732,87.2,265
Breast (mammography),2019,Savitaipale,739,84.1,228
Breast (mammography),2018,Aura,019,79.9,226
Breast (mammography),2023,Rantasalmi,681,85.7,227
Breast (mammography),2012,Multia,495,87.9,109
Breast (mammography),2021,Kauhajoki,232,85.4,753
Breast (mammography),2012,Kauniainen,235,76.8,906
Breast (mammography),2018,Outokumpu,309,79.4,417
Breast (mammography),2015,Vieremä,925,85.9,243
Breast (mammography),2010,Pori,609,90.2,4047
Breast (mammography),2017,Ylivieska,977,88,748
Breast (mammography),2019,Pyhäjärvi,626,86.6,318
Breast (mammography),2023,Simo,751,85.6,185
Breast (mammography),2014,Maalahti,475,86.9,326
Breast (mammography),2016,Mäntyharju,507,81.3,567
Breast (mammography),2021,Rovaniemi,698,82.6,3401
Breast (mammography),2021,Ruovesi,702,83.8,279
Breast (mammography),2014,Kannonkoski,216,83.3,95
Breast (mammography),2017,Pirkkala,604,86,1028
Breast (mammography),2017,Kempele,244,87.3,865
Breast (mammography),2021,Tyrnävä,859,82,265
Breast (mammography),2022,Turku,853,81.3,8851
Breast (mammography),2016,Porvoo,638,82.2,2929
Breast (mammography),2021,Ylivieska,977,87.4,752
Breast (mammography),2016,Sastamala,790,83.6,1558
Breast (mammography),2010,Loviisa,434,82,739
Breast (mammography),2015,Paltamo,578,86.8,275
Breast (mammography),2018,Karvia,230,85.2,156
Breast (mammography),2021,Iitti,142,86.6,440
Breast (mammography),2012,Ruovesi,702,88.3,263
Breast (mammography),2019,Lieto,423,84.9,1055
Breast (mammography),2023,Maalahti,475,83.3,274
Breast (mammography),2017,Pielavesi,595,84.4,336
Breast (mammography),2015,Pudasjärvi,615,84.8,558
Breast (mammography),2021,Seinäjoki,743,86.2,3370
Breast (mammography),2010,Konnevesi,275,87,161
Breast (mammography),2012,Luoto,440,89.4,203
Breast (mammography),2024,Kaustinen,236,87.9,217
Breast (mammography),2013,Pello,854,86.7,273
Breast (mammography),2023,Hyrynsalmi,105,85.4,152
Breast (mammography),2020,Polvijärvi,607,77.7,255
Breast (mammography),2014,Espoo,049,76.1,12509
Breast (mammography),2014,Harjavalta,079,91,457
Breast (mammography),2017,Pieksämäki,593,84.7,1322
Breast (mammography),2012,Pihtipudas,601,83.1,241
Breast (mammography),2015,Oulainen,563,84.4,483
Breast (mammography),2010,Lapinjärvi,407,80.4,123
Breast (mammography),2019,Heinävesi,090,80.7,217
Breast (mammography),2020,Espoo,049,73,12405
Breast (mammography),2012,Hamina,075,86.7,1183
Breast (mammography),2017,Hirvensalmi,097,84.6,159
Breast (mammography),2017,Keitele,239,87.5,189
Breast (mammography),2010,Askola,018,84.5,273
Breast (mammography),2024,Porvoo,638,80.5,2874
Breast (mammography),2012,Lapua,408,87.2,848
Breast (mammography),2016,Uusikaarlepyy,893,89,419
Breast (mammography),2010,Vihti,927,79.6,1124
Breast (mammography),2024,Taivassalo,833,78,96
Breast (mammography),2015,Veteli,924,87.8,223
Breast (mammography),2018,Kaustinen,236,88.5,253
Breast (mammography),2022,Tornio,851,83.4,1127
Breast (mammography),2023,Suonenjoki,778,85.2,432
Breast (mammography),2010,Haapajärvi,069,89,325
Breast (mammography),2019,Jokioinen,169,85.7,367
Breast (mammography),2021,Ikaalinen,143,80.8,396
Breast (mammography),2014,Kankaanpää,214,85.4,862
Breast (mammography),2014,Hyrynsalmi,105,81,171
Breast (mammography),2022,Pello,854,86.8,249
Breast (mammography),2020,Ylöjärvi,980,80,1696
Breast (mammography),2015,Sauvo,738,82.4,183
Breast (mammography),2022,Hattula,082,85.8,560
Breast (mammography),2022,Miehikkälä,489,83.1,113
Breast (mammography),2015,Joutsa,172,83.1,335
Breast (mammography),2014,Tervola,845,84,199
Breast (mammography),2023,Mänttä-Vilppula,508,82.4,528
Breast (mammography),2016,Rautavaara,687,83.9,120
Breast (mammography),2016,Leppävirta,420,84.6,681
Breast (mammography),2020,Hyvinkää,106,79,2516
Breast (mammography),2021,Pietarsaari,598,81.1,1038
Breast (mammography),2018,Ilmajoki,145,87.9,678
Breast (mammography),2015,Hausjärvi,086,80.2,513
Breast (mammography),2016,Hartola,081,82.1,224
Breast (mammography),2017,Ypäjä,981,82,159
Breast (mammography),2020,Vantaa,092,76.7,10667
Breast (mammography),2010,Kaarina,202,87,1366
Breast (mammography),2010,Taipalsaari,831,92.6,238
Breast (mammography),2018,Savonlinna,740,84,2279
Breast (mammography),2014,Siikainen,747,88,88
Breast (mammography),2014,Kitee,260,88.6,797
Breast (mammography),2021,Lapua,408,85,760
Breast (mammography),2012,Haapavesi,071,83.6,397
Breast (mammography),2024,Veteli,924,81.6,160
Breast (mammography),2023,Kitee,260,81.7,666
Breast (mammography),2013,Turku,853,84.2,13107
Breast (mammography),2012,Kemijärvi,320,91.3,555
Breast (mammography),2010,Pyhäjärvi,626,90,324
Breast (mammography),2024,Nakkila,531,86.4,287
Breast (mammography),2011,Isojoki,151,78.5,113
Breast (mammography),2018,Laitila,400,83.3,464
Breast (mammography),2014,Marttila,480,87,120
Breast (mammography),2019,Pudasjärvi,615,86.7,534
Breast (mammography),2015,Juuka,176,78,362
Breast (mammography),2023,Kankaanpää,214,82.6,736
Breast (mammography),2012,Ikaalinen,143,88.2,419
Breast (mammography),2017,Urjala,887,72.5,274
Breast (mammography),2020,Mustasaari,499,85.4,1029
Breast (mammography),2021,Utajärvi,889,84.1,164
Breast (mammography),2013,Eurajoki,051,84.8,491
Breast (mammography),2019,Pori,609,86,4903
Breast (mammography),2016,Ii,139,85.5,523
Breast (mammography),2016,Taivalkoski,832,87.7,285
Breast (mammography),2020,Isojoki,151,83.1,138
Breast (mammography),2017,Nurmijärvi,543,74.3,2047
Breast (mammography),2017,Rääkkylä,707,82,164
Breast (mammography),2019,Joensuu,167,85.5,4236
Breast (mammography),2016,Pornainen,611,81.3,269
Breast (mammography),2011,Suomussalmi,777,91.4,582
Breast (mammography),2018,Sonkajärvi,762,84.7,272
Breast (mammography),2021,Kemijärvi,320,88.4,524
Breast (mammography),2013,Perho,584,85.3,145
Breast (mammography),2023,Juupajoki,177,82.6,90
Breast (mammography),2024,Ilomantsi,146,87.5,337
Breast (mammography),2013,Kaskinen,231,79.9,131
Breast (mammography),2013,Ristijärvi,697,82.6,95
Breast (mammography),2017,Enontekiö,047,71.5,123
Breast (mammography),2016,Kihniö,250,82.7,148
Breast (mammography),2012,Pietarsaari,598,85.8,1062
Breast (mammography),2019,Lapinjärvi,407,75.7,153
Breast (mammography),2018,Konnevesi,275,80.7,176
Breast (mammography),2024,Hausjärvi,086,78.3,439
Breast (mammography),2010,Heinävesi,090,85.9,261
Breast (mammography),2013,Lempäälä,418,84.4,1110
Breast (mammography),2017,Alajärvi,005,86.8,612
Breast (mammography),2019,Keuruu,249,83.5,637
Breast (mammography),2011,Liminka,425,85.7,233
Breast (mammography),2022,Sotkamo,765,85.5,648
Breast (mammography),2017,Liperi,426,88.9,775
Breast (mammography),2018,Akaa,020,80.8,932
Breast (mammography),2011,Äänekoski,992,88.9,1109
Breast (mammography),2024,Kinnula,256,84.2,80
Breast (mammography),2010,Orivesi,562,86.6,420
Breast (mammography),2011,Polvijärvi,607,86.4,293
Breast (mammography),2022,Pyhäranta,631,87,120
Breast (mammography),2022,Siuntio,755,75.4,355
Breast (mammography),2022,Kontiolahti,276,86.9,799
Breast (mammography),2014,Raasepori,710,81.4,1553
Breast (mammography),2024,Kuusamo,305,85.4,915
Breast (mammography),2011,Varkaus,915,91.6,1334
Breast (mammography),2014,Parikkala,580,83.2,362
Breast (mammography),2022,Tuusniemi,857,79,173
Breast (mammography),2010,Merikarvia,484,91.5,161
Breast (mammography),2011,Nurmes,541,89.3,695
Breast (mammography),2021,Vöyri,946,86.4,357
Breast (mammography),2022,Eura,050,84.9,676
Breast (mammography),2013,Kokemäki,271,89.6,502
Breast (mammography),2012,Kouvola,286,85.7,4782
Breast (mammography),2023,Jämsä,182,82.2,1155
Breast (mammography),2019,Salo,734,82.7,3169
Breast (mammography),2014,Juva,178,85.6,403
Breast (mammography),2018,Naantali,529,82.7,1284
Breast (mammography),2021,Multia,495,84.9,107
Breast (mammography),2018,Riihimäki,694,83.2,1749
Breast (mammography),2016,Vehmaa,918,85.2,155
Breast (mammography),2023,Sievi,746,82.5,235
Breast (mammography),2016,Asikkala,016,82.9,546
Breast (mammography),2014,Muonio,498,83.2,144
Breast (mammography),2022,Kajaani,205,86,2027
Breast (mammography),2016,Saarijärvi,729,84.5,683
Breast (mammography),2018,Uusikaupunki,895,84.8,1018
Breast (mammography),2011,Janakkala,165,85.1,1064
Breast (mammography),2022,Utsjoki,890,66.7,52
Breast (mammography),2011,Kemiönsaari,322,81.3,383
Breast (mammography),2016,Puolanka,620,89.4,228
Breast (mammography),2020,Alavus,010,83.6,681
Breast (mammography),2021,Raisio,680,86,1470
Breast (mammography),2016,Närpiö,545,84,520
Breast (mammography),2014,Rantasalmi,681,83.3,245
Breast (mammography),2017,Koski Tl,284,81.6,133
Breast (mammography),2012,Kangasala,211,86.6,1363
Breast (mammography),2016,Kärsämäki,317,87.6,169
Breast (mammography),2023,Punkalaidun,619,86.7,163
Breast (mammography),2019,Kurikka,301,85.3,1326
Breast (mammography),2016,Alavieska,009,91.4,180
Breast (mammography),2012,Rovaniemi,698,84.1,3489
Breast (mammography),2022,Karkkila,224,76.6,461
Breast (mammography),2012,Valkeakoski,908,84.5,1030
Breast (mammography),2018,Kuopio,297,84,6739
Breast (mammography),2021,Kotka,285,83.5,3078
Breast (mammography),2018,Kaavi,204,79.7,200
Breast (mammography),2016,Somero,761,83,557
Breast (mammography),2023,Isojoki,151,78.7,107
Breast (mammography),2010,Luhanka,435,87.7,50
Breast (mammography),2012,Halsua,074,85.2,69
Breast (mammography),2018,Forssa,061,82.3,1044
Breast (mammography),2016,Järvenpää,186,82.3,2670
Breast (mammography),2012,Pielavesi,595,86,258
Breast (mammography),2017,Pietarsaari,598,84,1105
Breast (mammography),2022,Vesilahti,922,86.6,253
Breast (mammography),2018,Kurikka,301,84.3,1270
Breast (mammography),2015,Viitasaari,931,85.3,501
Breast (mammography),2011,Kiuruvesi,263,89.3,557
Breast (mammography),2022,Joroinen,171,86.7,294
Breast (mammography),2011,Mänttä-Vilppula,508,91.1,683
Breast (mammography),2018,Haapajärvi,069,81.5,410
Breast (mammography),2019,Uusikaupunki,895,85,957
Breast (mammography),2016,Siuntio,755,82.6,384
Breast (mammography),2013,Joensuu,167,86.3,4146
Breast (mammography),2018,Miehikkälä,489,78.2,115
Breast (mammography),2010,Vieremä,925,83.5,218
Breast (mammography),2017,Mustasaari,499,89,1049
Breast (mammography),2023,Siilinjärvi,749,87,1229
Breast (mammography),2016,Pyhäjoki,625,83.8,196
Breast (mammography),2018,Joutsa,172,87.8,310
Breast (mammography),2011,Sipoo,753,76.7,739
Breast (mammography),2013,Joroinen,171,86.3,352
Breast (mammography),2024,Valkeakoski,908,82.3,1102
Breast (mammography),2022,Joensuu,167,85.5,3988
Breast (mammography),2020,Kiuruvesi,263,76.9,472
Breast (mammography),2022,Loppi,433,82.4,445
Breast (mammography),2014,Kannus,217,82.9,300
Breast (mammography),2014,Isojoki,151,80.9,140
Breast (mammography),2021,Padasjoki,576,80,184
Breast (mammography),2011,Punkalaidun,619,89.7,165
Breast (mammography),2023,Kittilä,261,85.9,371
Breast (mammography),2023,Kemiönsaari,322,81.3,410
Breast (mammography),2017,Kankaanpää,214,85.5,899
Breast (mammography),2020,Rääkkylä,707,79.9,151
Breast (mammography),2016,Alavus,010,84.6,727
Breast (mammography),2021,Ilmajoki,145,87.1,640
Breast (mammography),2014,Jämsä,182,85.6,1341
Breast (mammography),2021,Juuka,176,76.8,294
Breast (mammography),2018,Kauniainen,235,75.9,957
Breast (mammography),2014,Jyväskylä,179,86.3,6532
Breast (mammography),2024,Savitaipale,739,85.9,207
Breast (mammography),2012,Urjala,887,78.7,255
Breast (mammography),2023,Enontekiö,047,80.1,113
Breast (mammography),2019,Lestijärvi,421,85.1,57
Breast (mammography),2018,Kangasala,211,82.6,1672
Breast (mammography),2017,Juupajoki,177,77.5,117
Breast (mammography),2021,Inari,148,83.4,448
Breast (mammography),2015,Hailuoto,072,81.7,58
Breast (mammography),2023,Vantaa,092,76,10299
Breast (mammography),2018,Kaskinen,231,76.4,68
Breast (mammography),2019,Tuusniemi,857,81.4,179
Breast (mammography),2017,Siikainen,747,84.2,101
Breast (mammography),2023,Alajärvi,005,84.8,526
Breast (mammography),2020,Mänttä-Vilppula,508,82.6,660
Breast (mammography),2010,Tuusniemi,857,87.5,161
Breast (mammography),2015,Valkeakoski,908,82.3,1207
Breast (mammography),2014,Kemiönsaari,322,82.1,390
Breast (mammography),2016,Salla,732,83.5,294
Breast (mammography),2015,Kustavi,304,85.3,81
Breast (mammography),2022,Karvia,230,82.7,124
Breast (mammography),2017,Suomussalmi,777,88.1,632
Breast (mammography),2015,Savukoski,742,81.2,82
Breast (mammography),2014,Kittilä,261,83.5,360
Breast (mammography),2018,Kontiolahti,276,88.7,827
Breast (mammography),2022,Uurainen,892,85.6,160
Breast (mammography),2011,Karkkila,224,86.1,476
Breast (mammography),2013,Sotkamo,765,83.5,609
Breast (mammography),2013,Konnevesi,275,93.2,177
Breast (mammography),2015,Mikkeli,491,86.8,3576
Breast (mammography),2011,Eura,050,88.7,645
Breast (mammography),2011,Kuhmoinen,291,86.5,147
Breast (mammography),2020,Liminka,425,81.7,313
Breast (mammography),2013,Pyhäntä,630,81.9,77
Breast (mammography),2011,Ypäjä,981,83.3,170
Breast (mammography),2015,Keitele,239,88.1,192
Breast (mammography),2022,Orivesi,562,80.2,520
Breast (mammography),2013,Orivesi,562,83.9,567
Breast (mammography),2017,Kristiinankaupunki,287,82.9,462
Breast (mammography),2012,Ilmajoki,145,87.5,669
Breast (mammography),2018,Pyhäranta,631,83.9,135
Breast (mammography),2023,Jyväskylä,179,85.7,6782
Breast (mammography),2016,Merijärvi,483,80.3,57
Breast (mammography),2018,Vihti,927,77.8,1569
Breast (mammography),2023,Kouvola,286,84.9,4784
Breast (mammography),2021,Pielavesi,595,89.3,292
Breast (mammography),2020,Punkalaidun,619,80.9,169
Breast (mammography),2023,Kivijärvi,265,90.7,68
Breast (mammography),2019,Riihimäki,694,81.9,1600
Breast (mammography),2017,Karijoki,218,85.6,95
Breast (mammography),2023,Virrat,936,81.3,356
Breast (mammography),2010,Kihniö,250,85.6,143
Breast (mammography),2019,Taipalsaari,831,89.8,327
Breast (mammography),2016,Sysmä,781,83.1,286
Breast (mammography),2010,Vesanto,921,93.4,127
Breast (mammography),2022,Lumijoki,436,81.3,74
Breast (mammography),2023,Tervola,845,78.3,170
Breast (mammography),2011,Alavieska,009,86,98
Breast (mammography),2024,Tuusula,858,81.9,2302
Breast (mammography),2024,Askola,018,80.1,262
Breast (mammography),2014,Enontekiö,047,68.6,120
Breast (mammography),2020,Pelkosenniemi,583,83.3,60
Breast (mammography),2011,Siikajoki,748,81.2,272
Breast (mammography),2014,Alajärvi,005,85.4,657
Breast (mammography),2011,Virolahti,935,87.7,199
Breast (mammography),2020,Sipoo,753,78.3,1160
Breast (mammography),2020,Kruunupyy,288,87.2,355
Breast (mammography),2020,Tohmajärvi,848,78.2,273
Breast (mammography),2022,Äänekoski,992,86,1107
Breast (mammography),2016,Tornio,851,84.9,1353
Breast (mammography),2019,Sauvo,738,83.2,178
Breast (mammography),2017,Utajärvi,889,83,185
Breast (mammography),2013,Lieksa,422,84.9,837
Breast (mammography),2013,Pomarkku,608,91.4,148
Breast (mammography),2012,Petäjävesi,592,81.1,180
Breast (mammography),2019,Vieremä,925,84.8,217
Breast (mammography),2019,Merikarvia,484,84.1,212
Breast (mammography),2019,Oulu,564,85,9697
Breast (mammography),2010,Kalajoki,208,84.9,524
Breast (mammography),2017,Varkaus,915,90.2,1547
Breast (mammography),2016,Loimaa,430,86.4,1044
Breast (mammography),2022,Kokemäki,271,86.4,425
Breast (mammography),2022,Akaa,020,78.6,867
Breast (mammography),2012,Sulkava,768,84,158
Breast (mammography),2022,Siikalatva,791,85.2,300
Breast (mammography),2023,Kyyjärvi,312,86.5,77
Breast (mammography),2020,Lemi,416,84.1,175
Breast (mammography),2012,Juuka,176,79.3,340
Breast (mammography),2012,Sievi,746,83.1,202
Breast (mammography),2019,Kolari,273,81.2,237
Breast (mammography),2022,Pyhtää,624,86.6,309
Breast (mammography),2020,Virolahti,935,83.6,219
Breast (mammography),2015,Pukkila,616,83.1,123
Breast (mammography),2016,Loviisa,434,84.3,1018
Breast (mammography),2016,Mäntsälä,505,84.5,1202
Breast (mammography),2011,Nurmijärvi,543,78.2,1954
Breast (mammography),2013,Vaala,785,86.5,224
Breast (mammography),2023,Liperi,426,86.2,688
Breast (mammography),2010,Riihimäki,694,82.7,1683
Breast (mammography),2010,Oulu,564,87.2,7000
Breast (mammography),2021,Sulkava,768,87.2,164
Breast (mammography),2022,Pomarkku,608,85.6,119
Breast (mammography),2011,Huittinen,102,88.5,561
Breast (mammography),2010,Sonkajärvi,762,87.5,301
Breast (mammography),2010,Pudasjärvi,615,86.5,385
Breast (mammography),2011,Lemi,416,92.3,156
Breast (mammography),2017,Tohmajärvi,848,83.2,322
Breast (mammography),2017,Liminka,425,79.1,302
Breast (mammography),2019,Tammela,834,86.4,401
Breast (mammography),2024,Kuortane,300,84.8,196
Breast (mammography),2012,Kaustinen,236,87.3,193
Breast (mammography),2015,Ilomantsi,146,85.8,423
Breast (mammography),2021,Kangasala,211,85,1746
Breast (mammography),2011,Pirkkala,604,89,751
Breast (mammography),2023,Muonio,498,80.2,130
Breast (mammography),2020,Jämijärvi,181,90.5,114
Breast (mammography),2024,Kustavi,304,83.5,66
Breast (mammography),2015,Iitti,142,83.6,508
Breast (mammography),2020,Kerava,245,71,1739
Breast (mammography),2017,Tervo,844,80.5,103
Breast (mammography),2020,Harjavalta,079,81.9,406
Breast (mammography),2021,Ylitornio,976,83.1,270
Breast (mammography),2015,Kangasniemi,213,84.3,387
Breast (mammography),2019,Kaarina,202,84.5,1876
Breast (mammography),2024,Helsinki,091,74.3,28686
Breast (mammography),2024,Iitti,142,78.9,363
Breast (mammography),2023,Hankasalmi,077,84.8,290
Breast (mammography),2011,Jämijärvi,181,91.2,114
Breast (mammography),2015,Kauhava,233,85.9,1028
Breast (mammography),2019,Kalajoki,208,84.3,713
Breast (mammography),2021,Haapavesi,071,82,341
Breast (mammography),2013,Akaa,020,82.9,851
Breast (mammography),2020,Enonkoski,046,78.1,75
Breast (mammography),2010,Asikkala,016,88.6,611
Breast (mammography),2022,Kaavi,204,82.8,192
Breast (mammography),2024,Mikkeli,491,83.6,3012
Breast (mammography),2018,Posio,614,83.2,253
Breast (mammography),2018,Tammela,834,83.4,376
Breast (mammography),2020,Huittinen,102,83.8,604
Breast (mammography),2012,Padasjoki,576,80.2,235
Breast (mammography),2016,Keuruu,249,84.4,709
Breast (mammography),2019,Vesanto,921,83.8,140
Breast (mammography),2010,Naantali,529,86.5,1019
Breast (mammography),2015,Tampere,837,82.1,11488
Breast (mammography),2020,Alavieska,009,89,146
Breast (mammography),2015,Lapinjärvi,407,78.5,179
Breast (mammography),2017,Kemijärvi,320,92.2,625
Breast (mammography),2014,Ylöjärvi,980,85.5,1728
Breast (mammography),2018,Kajaani,205,87,2297
Breast (mammography),2012,Kemi,240,84.3,1189
Breast (mammography),2010,Iitti,142,87.8,338
Breast (mammography),2019,Posio,614,86.1,241
Breast (mammography),2010,Sauvo,738,86.5,154
Breast (mammography),2024,Pudasjärvi,615,84.1,419
Breast (mammography),2024,Kauhajoki,232,82.5,706
Breast (mammography),2015,Savitaipale,739,87,268
Breast (mammography),2019,Pornainen,611,77.6,263
Breast (mammography),2020,Toivakka,850,76.1,124
Breast (mammography),2017,Ylöjärvi,980,82.9,1668
Breast (mammography),2014,Kivijärvi,265,81.4,70
Breast (mammography),2014,Siilinjärvi,749,84.7,1130
Breast (mammography),2016,Jokioinen,169,88.6,341
Breast (mammography),2018,Tampere,837,81.5,11072
Breast (mammography),2018,Oulainen,563,83.1,413
Breast (mammography),2023,Rauma,684,84.6,2038
Breast (mammography),2011,Pelkosenniemi,583,75.3,64
Breast (mammography),2016,Pello,854,86,294
Breast (mammography),2013,Lumijoki,436,85.3,99
Breast (mammography),2021,Petäjävesi,592,81.1,189
Breast (mammography),2018,Veteli,924,85.8,200
Breast (mammography),2020,Siikajoki,748,86.8,289
Breast (mammography),2011,Suonenjoki,778,90.3,446
Breast (mammography),2022,Laitila,400,86.6,505
Breast (mammography),2022,Taivalkoski,832,84.5,251
Breast (mammography),2024,Nivala,535,87,449
Breast (mammography),2018,Ikaalinen,143,83.7,471
Breast (mammography),2013,Vesilahti,922,89.4,228
Breast (mammography),2011,Hanko,078,84.4,492
Breast (mammography),2022,Asikkala,016,81.6,489
Breast (mammography),2017,Vimpeli,934,87,220
Breast (mammography),2020,Kuhmoinen,291,80.8,139
Breast (mammography),2015,Kinnula,256,87.3,117
Breast (mammography),2016,Utsjoki,890,71.3,62
Breast (mammography),2011,Loimaa,430,86.8,1088
Breast (mammography),2013,Karvia,230,87.7,150
Breast (mammography),2020,Myrskylä,504,79.2,103
Breast (mammography),2014,Kempele,244,83.1,745
Breast (mammography),2019,Luhanka,435,84.6,44
Breast (mammography),2017,Ruovesi,702,87,320
Breast (mammography),2014,Lohja,444,76.5,2694
Breast (mammography),2014,Virrat,936,88.5,521
Breast (mammography),2010,Heinola,111,87,1496
Breast (mammography),2021,Kauniainen,235,76.2,516
Breast (mammography),2021,Kirkkonummi,257,79.8,2154
Breast (mammography),2023,Toholampi,849,85.6,166
Breast (mammography),2010,Kauhajoki,232,87,797
Breast (mammography),2019,Kihniö,250,84.4,130
Breast (mammography),2019,Iisalmi,140,86.5,1357
Breast (mammography),2021,Vihti,927,81,1587
Breast (mammography),2020,Rautavaara,687,74.6,91
Breast (mammography),2012,Inari,148,83.8,392
Breast (mammography),2021,Urjala,887,73.4,256
Breast (mammography),2023,Pihtipudas,601,84.3,237
Breast (mammography),2012,Ylivieska,977,87.8,754
Breast (mammography),2016,Taipalsaari,831,89.4,346
Breast (mammography),2014,Humppila,103,81.2,168
Breast (mammography),2019,Somero,761,86.6,568
Breast (mammography),2010,Uusikaupunki,895,89.3,880
Breast (mammography),2010,Lestijärvi,421,75,36
Breast (mammography),2014,Vantaa,092,76,10257
Breast (mammography),2022,Pyhäntä,630,86.9,93
Breast (mammography),2020,Ypäjä,981,88.3,158
Breast (mammography),2011,Rääkkylä,707,77.9,134
Breast (mammography),2020,Karijoki,218,78.4,80
Breast (mammography),2013,Taivassalo,833,89.8,115
Breast (mammography),2022,Sodankylä,758,86.5,544
Breast (mammography),2022,Konnevesi,275,84.5,169
Breast (mammography),2024,Luoto,440,92.4,230
Breast (mammography),2018,Korsnäs,280,80.7,113
Breast (mammography),2013,Uurainen,892,84.9,163
Breast (mammography),2020,Suomussalmi,777,88.1,584
Breast (mammography),2012,Lappajärvi,403,82.5,222
Breast (mammography),2011,Hyvinkää,106,84.4,2767
Breast (mammography),2016,Pori,609,86.6,5318
Breast (mammography),2015,Kaustinen,236,87,247
Breast (mammography),2013,Asikkala,016,83.9,603
Breast (mammography),2024,Haapavesi,071,86.8,321
Breast (mammography),2016,Turku,853,83.3,8915
Breast (mammography),2022,Kaarina,202,84.6,1920
Breast (mammography),2023,Teuva,846,83,293
Breast (mammography),2022,Keuruu,249,83.2,575
Breast (mammography),2012,Ilomantsi,146,83.1,433
Breast (mammography),2017,Parkano,581,81,396
Breast (mammography),2024,Outokumpu,309,78.2,334
Breast (mammography),2014,Muurame,500,86.8,461
Breast (mammography),2010,Tuusula,858,80.3,1928
Breast (mammography),2019,Miehikkälä,489,81,124
Breast (mammography),2012,Paimio,577,86,551
Breast (mammography),2014,Parainen,445,81.8,986
Breast (mammography),2024,Ikaalinen,143,74.3,365
Breast (mammography),2022,Pornainen,611,80.1,274
Breast (mammography),2017,Inkoo,149,77.7,306
Breast (mammography),2018,Pukkila,616,83.5,101
Breast (mammography),2010,Kaskinen,231,88.3,91
Breast (mammography),2023,Ylöjärvi,980,84.8,1731
Breast (mammography),2017,Rantasalmi,681,84.7,254
Breast (mammography),2014,Pirkkala,604,88.3,954
Breast (mammography),2020,Suonenjoki,778,87,410
Breast (mammography),2010,Vaala,785,89.4,152
Breast (mammography),2010,Kajaani,205,90.5,1885
Breast (mammography),2024,Sulkava,768,79,147
Breast (mammography),2019,Veteli,924,85.9,189
Breast (mammography),2022,Pyhäjärvi,626,87.6,312
Breast (mammography),2017,Maalahti,475,81.2,285
Breast (mammography),2015,Heinävesi,090,88.1,252
Breast (mammography),2013,Uusikaarlepyy,893,85.5,420
Breast (mammography),2014,Suonenjoki,778,87.1,480
Breast (mammography),2015,Aura,019,86.1,223
Breast (mammography),2021,Hirvensalmi,097,82.9,141
Breast (mammography),2019,Kaskinen,231,80.9,110
Breast (mammography),2022,Merikarvia,484,82.9,180
Breast (mammography),2023,Virolahti,935,81.6,191
Breast (mammography),2017,Kitee,260,85,793
Breast (mammography),2020,Toholampi,849,83.8,171
Breast (mammography),2019,Taivalkoski,832,84.6,264
Breast (mammography),2020,Kuhmo,290,83.9,568
Breast (mammography),2020,Liperi,426,85.4,730
Breast (mammography),2010,Joutsa,172,87.9,320
Breast (mammography),2013,Keuruu,249,85.6,666
Breast (mammography),2022,Evijärvi,052,82.8,140
Breast (mammography),2015,Haapavesi,071,84.9,400
Breast (mammography),2021,Pieksämäki,593,83.7,1188
Breast (mammography),2023,Kruunupyy,288,76.9,306
Breast (mammography),2016,Evijärvi,052,84,152
Breast (mammography),2023,Muurame,500,85.5,538
Breast (mammography),2013,Kaarina,202,86.5,1696
Breast (mammography),2019,Forssa,061,84,1078
Breast (mammography),2018,Hausjärvi,086,82.2,494
Breast (mammography),2020,Simo,751,83.8,202
Breast (mammography),2022,Ii,139,86.2,499
Breast (mammography),2019,Kajaani,205,83,2161
Breast (mammography),2019,Vaala,785,82.6,209
Breast (mammography),2013,Jokioinen,169,87.2,382
Breast (mammography),2023,Parkano,581,80.9,326
Breast (mammography),2017,Teuva,846,81.9,334
Breast (mammography),2023,Enonkoski,046,80,72
Breast (mammography),2014,Ranua,683,86.7,241
Breast (mammography),2024,Savonlinna,740,81.9,1920
Breast (mammography),2017,Muonio,498,78.9,142
Breast (mammography),2019,Nakkila,531,89.1,334
Breast (mammography),2024,Lapinlahti,402,85.7,527
Breast (mammography),2023,Varkaus,915,87.8,1294
Breast (mammography),2017,Juva,178,84.8,448
Breast (mammography),2019,Asikkala,016,82.1,536
Breast (mammography),2022,Salo,734,85.2,3219
Breast (mammography),2018,Ristijärvi,697,85.7,96
Breast (mammography),2021,Luoto,440,86,215
Breast (mammography),2013,Laitila,400,85.1,461
Breast (mammography),2016,Pyhtää,624,86.5,333
Breast (mammography),2020,Parainen,445,72.3,840
Breast (mammography),2011,Vehmaa,918,86.4,133
Breast (mammography),2014,Jämijärvi,181,86.3,120
Breast (mammography),2024,Tyrnävä,859,83,273
Breast (mammography),2015,Korsnäs,280,82.7,134
Breast (mammography),2021,Pälkäne,635,81.8,392
Breast (mammography),2022,Kokkola,272,85.4,2341
Breast (mammography),2018,Kuortane,300,88.9,232
Breast (mammography),2011,Humppila,103,87.9,181
Breast (mammography),2011,Raasepori,710,81.4,1356
Breast (mammography),2011,Rautavaara,687,88.4,99
Breast (mammography),2017,Jyväskylä,179,87.2,7346
Breast (mammography),2016,Siikalatva,791,86.4,344
Breast (mammography),2019,Lieksa,422,85.1,787
Breast (mammography),2019,Naantali,529,83.8,1422
Breast (mammography),2010,Kontiolahti,276,92.5,629
Breast (mammography),2019,Kuopio,297,84.6,6584
Breast (mammography),2012,Ulvila,886,89.2,741
Breast (mammography),2022,Leppävirta,420,83.4,599
Breast (mammography),2012,Kuusamo,305,89.3,906
Breast (mammography),2012,Muhos,494,84.4,362
Breast (mammography),2021,Lappeenranta,405,86.7,4242
Breast (mammography),2020,Kärkölä,316,78.1,274
Breast (mammography),2011,Marttila,480,90.2,92
Breast (mammography),2015,Ikaalinen,143,89.9,471
Breast (mammography),2014,Kruunupyy,288,82.8,328
Breast (mammography),2016,Janakkala,165,85.1,979
Breast (mammography),2011,Puolanka,620,86.7,189
Breast (mammography),2016,Salo,734,84.8,3388
Breast (mammography),2015,Ruokolahti,700,83.1,363
Breast (mammography),2011,Mynämäki,503,88.1,482
Breast (mammography),2021,Paimio,577,83,543
Breast (mammography),2010,Miehikkälä,489,89,130
Breast (mammography),2016,Oripää,561,76.3,71
Breast (mammography),2022,Uusikaarlepyy,893,83.9,375
Breast (mammography),2010,Pyhäranta,631,88.1,111
Breast (mammography),2021,Ruokolahti,700,85,341
Breast (mammography),2012,Koski Tl,284,88.9,120
Breast (mammography),2018,Iisalmi,140,88,1420
Breast (mammography),2023,Nurmes,541,85.2,582
Breast (mammography),2011,Kuhmo,290,87.9,604
Breast (mammography),2013,Merikarvia,484,89.2,222
Breast (mammography),2022,Oripää,561,80.2,69
Breast (mammography),2022,Mäntyharju,507,79,439
Breast (mammography),2018,Tyrnävä,859,81.3,273
Breast (mammography),2024,Kauhava,233,84.9,829
Breast (mammography),2016,Lahti,398,82.1,7070
Breast (mammography),2014,Siikajoki,748,85.9,299
Breast (mammography),2015,Rovaniemi,698,83.9,3680
Breast (mammography),2015,Helsinki,091,74.7,30152
Breast (mammography),2011,Myrskylä,504,85.8,109
Breast (mammography),2021,Pöytyä,636,84.1,456
Breast (mammography),2016,Orimattila,560,85.2,1022
Breast (mammography),2011,Rautalampi,686,85.4,181
Breast (mammography),2018,Kauhajoki,232,84.6,865
Breast (mammography),2018,Vaasa,905,85,3337
Breast (mammography),2017,Kouvola,286,85.1,5517
Breast (mammography),2020,Siilinjärvi,749,85.3,1210
Breast (mammography),2011,Harjavalta,079,90.3,448
Breast (mammography),2015,Nivala,535,85,559
Breast (mammography),2022,Laihia,399,85.3,407
Breast (mammography),2020,Isokyrö,152,81.5,264
Breast (mammography),2012,Nokia,536,87.5,1858
Breast (mammography),2019,Vesilahti,922,76.9,216
Breast (mammography),2016,Kokkola,272,85.7,2572
Breast (mammography),2010,Tammela,834,90.2,376
Breast (mammography),2022,Reisjärvi,691,85,142
Breast (mammography),2019,Lumijoki,436,84.4,92
Breast (mammography),2015,Lapinlahti,402,84.1,659
Breast (mammography),2014,Rauma,684,85.6,2294
Breast (mammography),2018,Kalajoki,208,84.7,712
Breast (mammography),2011,Isokyrö,152,84.4,232
Breast (mammography),2017,Keminmaa,241,83.1,508
Breast (mammography),2015,Askola,018,85,278
Breast (mammography),2012,Viitasaari,931,85.1,365
Breast (mammography),2010,Iisalmi,140,88.4,1490
Breast (mammography),2015,Petäjävesi,592,89.1,254
Breast (mammography),2013,Laihia,399,83.5,416
Breast (mammography),2023,Ranua,683,84.6,214
Breast (mammography),2024,Rovaniemi,698,84.4,3236
Breast (mammography),2021,Luumäki,441,83,298
Breast (mammography),2019,Sonkajärvi,762,87.5,272
Breast (mammography),2017,Nousiainen,538,81.6,253
Breast (mammography),2016,Joensuu,167,86.5,4542
Breast (mammography),2019,Joroinen,171,90.4,357
Breast (mammography),2020,Nurmijärvi,543,73.4,2080
Breast (mammography),2012,Pöytyä,636,88.4,397
Breast (mammography),2014,Enonkoski,046,81.7,94
Breast (mammography),2024,Lapinjärvi,407,81.2,134
Breast (mammography),2014,Kyyjärvi,312,89.4,84
Breast (mammography),2022,Kolari,273,82.4,243
Breast (mammography),2020,Pirkkala,604,84.8,1012
Breast (mammography),2022,Soini,759,88,132
Breast (mammography),2014,Nurmes,541,87,705
Breast (mammography),2022,Jokioinen,169,84.2,304
Breast (mammography),2016,Rautjärvi,689,86.6,278
Breast (mammography),2019,Pyhäranta,631,88.1,118
Breast (mammography),2021,Lappajärvi,403,85.6,208
Breast (mammography),2011,Toivakka,850,85.6,113
Breast (mammography),2017,Laukaa,410,87.4,1043
Breast (mammography),2021,Aura,019,84,216
Breast (mammography),2018,Lieto,423,86.4,1159
Breast (mammography),2015,Luoto,440,88.5,201
Breast (mammography),2021,Nokia,536,85.4,1787
Breast (mammography),2018,Mikkeli,491,84.9,3410
Breast (mammography),2020,Mynämäki,503,81.5,472
Breast (mammography),2010,Nakkila,531,90.6,279
Breast (mammography),2020,Rautalampi,686,84.8,206
Breast (mammography),2014,Liperi,426,85.9,701
Breast (mammography),2017,Parikkala,580,83.2,352
Breast (mammography),2014,Toholampi,849,83.8,166
Breast (mammography),2012,Kirkkonummi,257,77.6,1524
Breast (mammography),2012,Imatra,153,86.9,1553
Breast (mammography),2021,Kuusamo,305,89.5,1059
Breast (mammography),2011,Kärkölä,316,86.8,335
Breast (mammography),2013,Mäntyharju,507,79.4,494
Breast (mammography),2023,Kannus,217,82.1,285
Breast (mammography),2010,Veteli,924,89.1,155
Breast (mammography),2021,Ulvila,886,86.2,734
Breast (mammography),2022,Hämeenlinna,109,83.2,3687
Breast (mammography),2015,Sulkava,768,82.7,201
Breast (mammography),2019,Taivassalo,833,87.9,123
Breast (mammography),2012,Ylitornio,976,83.4,262
Breast (mammography),2010,Lieksa,422,90.8,769
Breast (mammography),2022,Pori,609,85,4716
Breast (mammography),2014,Hankasalmi,077,84.8,317
Breast (mammography),2019,Akaa,020,77.6,853
Breast (mammography),2016,Hämeenkyrö,108,84,626
Breast (mammography),2016,Karstula,226,90.5,314
Breast (mammography),2011,Kerava,245,81.1,2066
Breast (mammography),2013,Taivalkoski,832,85.7,269
Breast (mammography),2016,Pomarkku,608,85.8,139
Breast (mammography),2016,Eurajoki,051,87,589
Breast (mammography),2011,Simo,751,86,196
Breast (mammography),2012,Lappeenranta,405,86.7,4218
Breast (mammography),2018,Heinola,111,84.4,1365
Breast (mammography),2022,Loviisa,434,83,877
Breast (mammography),2020,Hanko,078,80.3,531
Breast (mammography),2019,Kontiolahti,276,88.8,838
Breast (mammography),2016,Loppi,433,79.6,445
Breast (mammography),2010,Sotkamo,765,85.8,525
Breast (mammography),2012,Pieksämäki,593,86.3,1148
Breast (mammography),2016,Lempäälä,418,85.4,1109
Breast (mammography),2024,Heinävesi,090,82.4,197
Breast (mammography),2012,Savukoski,742,56.5,52
Breast (mammography),2014,Virolahti,935,86.5,217
Breast (mammography),2017,Rusko,704,86.4,369
Breast (mammography),2014,Varkaus,915,90.1,1460
Breast (mammography),2021,Kaustinen,236,86.5,231
Breast (mammography),2023,Tohmajärvi,848,81.3,279
Breast (mammography),2021,Kinnula,256,86.9,93
Breast (mammography),2023,Liminka,425,81.9,358
Breast (mammography),2010,Posio,614,88.5,231
Breast (mammography),2017,Kittilä,261,85.8,393
Breast (mammography),2015,Outokumpu,309,84.1,482
Breast (mammography),2021,Ilomantsi,146,84.4,358
Breast (mammography),2010,Hausjärvi,086,84,468
Breast (mammography),2020,Lohja,444,80.2,2689
Breast (mammography),2015,Savonlinna,740,85.5,2485
Breast (mammography),2012,Hailuoto,072,81.7,49
Breast (mammography),2016,Sodankylä,758,87.2,601
Breast (mammography),2024,Pukkila,616,68.7,103
Breast (mammography),2013,Kihniö,250,91.1,164
Breast (mammography),2014,Kiuruvesi,263,80.7,543
Breast (mammography),2024,Tampere,837,83.2,10977
Breast (mammography),2018,Oulu,564,84.5,9829
Breast (mammography),2013,Luhanka,435,91.5,43
Breast (mammography),2016,Perho,584,83.1,157
Breast (mammography),2018,Sauvo,738,82.9,213
Breast (mammography),2013,Somero,761,87.6,535
Breast (mammography),2018,Pudasjärvi,615,83.4,463
Breast (mammography),2020,Kempele,244,80.9,844
Breast (mammography),2015,Vihti,927,80.2,1609
Breast (mammography),2020,Kivijärvi,265,82.9,68
Breast (mammography),2020,Humppila,103,83.3,155
Breast (mammography),2014,Karijoki,218,82.2,83
Breast (mammography),2013,Ii,139,86.8,467
Breast (mammography),2015,Kauniainen,235,0,0
Breast (mammography),2020,Virrat,936,82.7,411
Breast (mammography),2018,Vieremä,925,85.7,239
Breast (mammography),2024,Korsnäs,280,81.6,115
Breast (mammography),2011,Pedersören kunta,599,89.6,518
Breast (mammography),2010,Oulainen,563,84.7,331
Breast (mammography),2017,Pihtipudas,601,84.9,259
Breast (mammography),2017,Kannonkoski,216,83.2,89
Breast (mammography),2014,Ypäjä,981,84.4,151
Breast (mammography),2023,Vimpeli,934,85.6,190
Breast (mammography),2014,Suomussalmi,777,82.5,578
Breast (mammography),2012,Keitele,239,82.4,140
Breast (mammography),2019,Karvia,230,86.9,146
Breast (mammography),2017,Hamina,075,86.2,1333
Breast (mammography),2012,Hirvensalmi,097,82.8,120
Breast (mammography),2023,Rautalampi,686,85.4,181
Breast (mammography),2018,Koski Tl,284,86.4,133
Breast (mammography),2020,Kärsämäki,317,81.8,139
Breast (mammography),2019,Porvoo,638,82.3,2815
Breast (mammography),2012,Karvia,230,85.7,144
Breast (mammography),2020,Pielavesi,595,84.1,281
Breast (mammography),2023,Lumijoki,436,84.2,85
Breast (mammography),2019,Vöyri,946,83.1,365
Breast (mammography),2016,Akaa,020,83.4,996
Breast (mammography),2014,Nousiainen,538,89.5,298
Breast (mammography),2021,Ypäjä,981,81.7,147
Breast (mammography),2024,Pori,609,85.9,4635
Breast (mammography),2018,Hattula,082,85,580
Breast (mammography),2021,Pelkosenniemi,583,81.8,63
Breast (mammography),2015,Enontekiö,047,75.6,121
Breast (mammography),2010,Kinnula,256,85,85
Breast (mammography),2016,Vaala,785,81,196
Breast (mammography),2012,Kaavi,204,85.6,173
Breast (mammography),2019,Kinnula,256,87,100
Breast (mammography),2010,Mäntyharju,507,84.7,425
Breast (mammography),2022,Oulu,564,85,9743
Breast (mammography),2013,Sysmä,781,79.1,253
Breast (mammography),2022,Sysmä,781,78.5,237
Breast (mammography),2020,Tuusniemi,857,72.9,172
Breast (mammography),2011,Kempele,244,85.8,645
Breast (mammography),2017,Kuopio,297,84.3,6738
Breast (mammography),2024,Pyhäranta,631,91.5,118
Breast (mammography),2013,Juuka,176,76.6,364
Breast (mammography),2024,Lappajärvi,403,85.6,155
Breast (mammography),2023,Viitasaari,931,85,384
Breast (mammography),2010,Vöyri,946,84.2,351
Breast (mammography),2015,Pori,609,86.6,5350
Breast (mammography),2024,Raasepori,710,81.1,1592
Breast (mammography),2023,Nousiainen,538,85.7,245
Breast (mammography),2010,Paltamo,578,88.8,174
Breast (mammography),2021,Tervo,844,81,94
Breast (mammography),2010,Taivassalo,833,90,99
Breast (mammography),2014,Rautalampi,686,85.2,230
Breast (mammography),2019,Hollola,098,85.3,1449
Breast (mammography),2021,Karvia,230,85.3,139
Breast (mammography),2014,Viitasaari,931,81.6,404
Breast (mammography),2014,Lumijoki,436,86.4,95
Breast (mammography),2017,Forssa,061,81.4,1136
Breast (mammography),2017,Posio,614,85.1,274
Breast (mammography),2012,Kuortane,300,91.8,257
Breast (mammography),2016,Lieksa,422,87.1,942
Breast (mammography),2015,Lappajärvi,403,82.1,234
Breast (mammography),2013,Lahti,398,83.9,7223
Breast (mammography),2015,Iisalmi,140,87.4,1485
Breast (mammography),2010,Porvoo,638,81.5,2584
Breast (mammography),2015,Padasjoki,576,79.6,226
Breast (mammography),2022,Alavus,010,84.3,629
Breast (mammography),2019,Siikalatva,791,82.4,314
Breast (mammography),2023,Hämeenlinna,109,82.7,3898
Breast (mammography),2012,Tervo,844,78.9,97
Breast (mammography),2018,Rovaniemi,698,82.9,3424
Breast (mammography),2012,Sipoo,753,76.5,901
Breast (mammography),2022,Kouvola,286,84.3,4871
Breast (mammography),2012,Ypäjä,981,91.6,163
Breast (mammography),2019,Mäntyharju,507,79.3,479
Breast (mammography),2021,Pukkila,616,85.8,127
Breast (mammography),2019,Siikajoki,748,80.1,281
Breast (mammography),2014,Kokemäki,271,89.2,481
Breast (mammography),2021,Loppi,433,80,464
Breast (mammography),2012,Pelkosenniemi,583,78.6,55
Breast (mammography),2011,Hartola,081,82.3,181
Breast (mammography),2024,Eurajoki,051,83.2,486
Breast (mammography),2023,Savukoski,742,81.6,62
Breast (mammography),2018,Kerava,245,71.7,1782
Breast (mammography),2019,Paltamo,578,80.1,230
Breast (mammography),2017,Siilinjärvi,749,87.3,1322
Breast (mammography),2019,Ikaalinen,143,83.5,429
Breast (mammography),2018,Puumala,623,88.6,171
Breast (mammography),2011,Vesanto,921,86.1,136
Breast (mammography),2022,Kemiönsaari,322,82.6,408
Breast (mammography),2012,Punkalaidun,619,83.3,170
Breast (mammography),2017,Kirkkonummi,257,76.8,1994
Breast (mammography),2020,Närpiö,545,81.6,470
Breast (mammography),2021,Kitee,260,85.4,725
Breast (mammography),2022,Heinola,111,84.9,1268
Breast (mammography),2010,Virolahti,935,80,216
Breast (mammography),2014,Kauhava,233,84.4,1080
Breast (mammography),2022,Pyhäjoki,625,85.6,161
Breast (mammography),2017,Loimaa,430,85.8,1019
Breast (mammography),2021,Hyvinkää,106,77.5,2549
Breast (mammography),2019,Keminmaa,241,82.3,475
Breast (mammography),2016,Nurmijärvi,543,76.4,2072
Breast (mammography),2010,Luumäki,441,86.7,248
Breast (mammography),2018,Valkeakoski,908,80,1131
Breast (mammography),2022,Somero,761,87.8,533
Breast (mammography),2019,Luumäki,441,84.3,312
Breast (mammography),2021,Lemi,416,84.9,163
Breast (mammography),2024,Miehikkälä,489,80.3,106
Breast (mammography),2021,Kaavi,204,84.9,180
Breast (mammography),2022,Ähtäri,989,85.4,323
Breast (mammography),2015,Jyväskylä,179,86.2,7380
Breast (mammography),2011,Lohja,444,82,2661
Breast (mammography),2024,Padasjoki,576,80,156
Breast (mammography),2015,Kemi,240,81.7,1406
Breast (mammography),2011,Kärsämäki,317,88.2,134
Breast (mammography),2014,Kustavi,304,75,60
Breast (mammography),2020,Pöytyä,636,76.9,409
Breast (mammography),2017,Järvenpää,186,79.9,2384
Breast (mammography),2010,Myrskylä,504,88.7,86
Breast (mammography),2020,Alajärvi,005,86.7,600
Breast (mammography),2022,Kangasala,211,84.5,1747
Breast (mammography),2012,Loppi,433,83.7,467
Breast (mammography),2011,Tuusniemi,857,81.1,184
Breast (mammography),2011,Närpiö,545,86,435
Breast (mammography),2017,Salla,732,79.7,239
Breast (mammography),2014,Tohmajärvi,848,83.9,298
Breast (mammography),2012,Tampere,837,83.4,11628
Breast (mammography),2020,Hartola,081,80.2,186
Breast (mammography),2014,Nivala,535,86.7,515
Breast (mammography),2023,Reisjärvi,691,80.6,137
Breast (mammography),2023,Utajärvi,889,84.7,161
Breast (mammography),2023,Kokemäki,271,86.2,461
Breast (mammography),2012,Karkkila,224,80.8,446
Breast (mammography),2023,Uurainen,892,85.1,160
Breast (mammography),2010,Kuhmoinen,291,85.9,134
Breast (mammography),2017,Orimattila,560,84,959
Breast (mammography),2016,Hanko,078,81,580
Breast (mammography),2019,Raahe,678,84.2,1426
Breast (mammography),2013,Oulu,564,86.3,8902
Breast (mammography),2016,Keitele,239,88.8,182
Breast (mammography),2021,Orivesi,562,81.8,558
Breast (mammography),2021,Sipoo,753,78.5,1203
Breast (mammography),2012,Pukkila,616,85.6,89
Breast (mammography),2020,Turku,853,80.5,9170
Breast (mammography),2024,Iisalmi,140,85.6,1192
Breast (mammography),2013,Nokia,536,86.4,1859
Breast (mammography),2010,Siikajoki,748,80.2,227
Breast (mammography),2013,Sauvo,738,85.4,169
Breast (mammography),2022,Lahti,398,83.2,6426
Breast (mammography),2018,Tuusula,858,73.8,1996
Breast (mammography),2017,Joutsa,172,85.6,333
Breast (mammography),2019,Jämijärvi,181,87.5,119
Breast (mammography),2024,Ylitornio,976,85,249
Breast (mammography),2019,Myrskylä,504,85.8,127
Breast (mammography),2011,Inari,148,85,391
Breast (mammography),2011,Alajärvi,005,89.5,579
Breast (mammography),2021,Hailuoto,072,80.6,58
Breast (mammography),2017,Virrat,936,86.1,463
Breast (mammography),2022,Hyrynsalmi,105,82.1,138
Breast (mammography),2022,Kauniainen,235,79.2,519
Breast (mammography),2010,Joroinen,171,82.2,314
Breast (mammography),2023,Iitti,142,81.6,382
Breast (mammography),2014,Vimpeli,934,85.1,206
Breast (mammography),2023,Kiuruvesi,263,84.3,458
Breast (mammography),2021,Äänekoski,992,87.3,1165
Breast (mammography),2015,Pälkäne,635,84.4,417
Breast (mammography),2018,Ruovesi,702,83.3,294
Breast (mammography),2021,Imatra,153,83.8,1587
Breast (mammography),2020,Saarijärvi,729,84.9,642
Breast (mammography),2024,Jyväskylä,179,85.7,6684
Breast (mammography),2023,Karijoki,218,78.8,67
Breast (mammography),2021,Maalahti,475,81.9,280
Breast (mammography),2013,Heinola,111,82.1,1477
Breast (mammography),2015,Tornio,851,85,1364
Breast (mammography),2010,Mikkeli,491,89.3,2689
Breast (mammography),2014,Reisjärvi,691,86.1,143
Breast (mammography),2023,Luoto,440,84.8,212
Breast (mammography),2019,Huittinen,102,83.4,592
Breast (mammography),2017,Jämsä,182,81.4,1282
Breast (mammography),2010,Keminmaa,241,89.3,444
Breast (mammography),2015,Halsua,074,84.1,74
Breast (mammography),2024,Rautjärvi,689,76.4,188
Breast (mammography),2017,Tammela,834,82.4,384
Breast (mammography),2014,Utajärvi,889,79.4,154
Breast (mammography),2012,Hyvinkää,106,83.9,2665
Breast (mammography),2022,Merijärvi,483,90,54
Breast (mammography),2016,Eura,050,88.2,793
Breast (mammography),2016,Kangasniemi,213,83.8,392
Breast (mammography),2024,Urjala,887,73.8,239
Breast (mammography),2011,Saarijärvi,729,90.7,627
Breast (mammography),2017,Korsnäs,280,85.5,136
Breast (mammography),2016,Sotkamo,765,84.5,715
Breast (mammography),2013,Oripää,561,88,81
Breast (mammography),2011,Sastamala,790,87.9,1392
Breast (mammography),2013,Salo,734,84.8,3370
Breast (mammography),2022,Vieremä,925,86.8,224
Breast (mammography),2024,Pälkäne,635,81.5,374
Breast (mammography),2019,Uusikaarlepyy,893,84.6,384
Breast (mammography),2018,Isokyrö,152,86.8,296
Breast (mammography),2017,Humppila,103,83.5,152
Breast (mammography),2020,Puolanka,620,90.6,202
Breast (mammography),2012,Lemi,416,89.3,151
Breast (mammography),2013,Ylöjärvi,980,84.2,1636
Breast (mammography),2022,Sauvo,738,83.7,195
Breast (mammography),2011,Kittilä,261,88.6,326
Breast (mammography),2014,Kuhmo,290,81,562
Breast (mammography),2024,Lieto,423,89.2,1194
Breast (mammography),2024,Liperi,426,87.6,734
Breast (mammography),2014,Mynämäki,503,87.1,529
Breast (mammography),2013,Merijärvi,483,89.5,68
Breast (mammography),2011,Evijärvi,052,88.2,164
Breast (mammography),2010,Vesilahti,922,85.2,196
Breast (mammography),2020,Kaskinen,231,70.2,66
Breast (mammography),2017,Multia,495,84.9,107
Breast (mammography),2024,Tornio,851,86.6,1127
Breast (mammography),2013,Pyhäjoki,625,85.5,188
Breast (mammography),2020,Hirvensalmi,097,80.3,151
Breast (mammography),2023,Nivala,535,83.1,463
Breast (mammography),2017,Veteli,924,85.6,202
Breast (mammography),2014,Iitti,142,81.4,399
Breast (mammography),2022,Muonio,498,78.2,133
Breast (mammography),2015,Jokioinen,169,85.5,389
Breast (mammography),2022,Rantasalmi,681,83.4,226
Breast (mammography),2010,Raahe,678,84.7,1181
Breast (mammography),2023,Taivalkoski,832,84.9,237
Breast (mammography),2019,Virolahti,935,80.6,199
Breast (mammography),2014,Kotka,285,85.7,3129
Breast (mammography),2022,Juuka,176,69.7,269
Breast (mammography),2010,Hollola,098,86.7,1492
Breast (mammography),2023,Asikkala,016,81.4,490
Breast (mammography),2023,Hamina,075,81.9,1174
Breast (mammography),2023,Kustavi,304,80.2,69
Breast (mammography),2024,Kemi,240,82.1,1102
Breast (mammography),2015,Kannus,217,84.7,353
Breast (mammography),2019,Tuusula,858,75,1996
Breast (mammography),2019,Rautavaara,687,78.3,119
Breast (mammography),2010,Jämijärvi,181,92.9,105
Breast (mammography),2017,Raisio,680,83.2,1452
Breast (mammography),2020,Tervola,845,75.1,163
Breast (mammography),2020,Karstula,226,84.9,265
Breast (mammography),2016,Liminka,425,86.2,318
Breast (mammography),2021,Suomussalmi,777,88.9,582
Breast (mammography),2024,Enontekiö,047,86.4,108
Breast (mammography),2015,Taipalsaari,831,89.8,342
Breast (mammography),2020,Marttila,480,69,98
Breast (mammography),2023,Alavieska,009,86,123
Breast (mammography),2023,Inkoo,149,79.4,343
Breast (mammography),2019,Valkeakoski,908,80,1069
Breast (mammography),2013,Vantaa,092,75.9,10187
Breast (mammography),2022,Rautavaara,687,76.1,86
Breast (mammography),2012,Parkano,581,88.4,395
Breast (mammography),2019,Leppävirta,420,87.3,678
Breast (mammography),2024,Hämeenkyrö,108,81.7,592
Breast (mammography),2019,Kuhmoinen,291,82.3,144
Breast (mammography),2014,Hämeenlinna,109,81.3,3559
Breast (mammography),2014,Uurainen,892,88.4,160
Breast (mammography),2017,Lapua,408,83.6,792
Breast (mammography),2011,Pielavesi,595,93.3,332
Breast (mammography),2023,Rusko,704,83.7,343
Breast (mammography),2015,Kontiolahti,276,88.5,822
Breast (mammography),2015,Miehikkälä,489,78.4,131
Breast (mammography),2012,Mustasaari,499,87.8,946
Breast (mammography),2010,Seinäjoki,743,88.3,2924
Breast (mammography),2020,Vesanto,921,73.9,119
Breast (mammography),2021,Vaasa,905,84.7,3250
Breast (mammography),2015,Pyhäranta,631,84.8,134
Breast (mammography),2016,Nakkila,531,90.5,373
Breast (mammography),2017,Sievi,746,85.6,244
Breast (mammography),2019,Ii,139,83.4,489
Breast (mammography),2011,Ylivieska,977,87.4,588
Breast (mammography),2012,Kristiinankaupunki,287,87.6,397
Breast (mammography),2018,Pietarsaari,598,84.4,1080
Breast (mammography),2020,Pornainen,611,84,300
Breast (mammography),2016,Ilomantsi,146,83,399
Breast (mammography),2022,Toholampi,849,84.3,167
Breast (mammography),2016,Ylöjärvi,980,81.9,1676
Breast (mammography),2012,Aura,019,89.2,190
Breast (mammography),2021,Ristijärvi,697,77.6,83
Breast (mammography),2013,Kivijärvi,265,85.9,73
Breast (mammography),2014,Soini,759,83.1,148
Breast (mammography),2019,Kerava,245,74,1786
Breast (mammography),2023,Vehmaa,918,84.7,122
Breast (mammography),2021,Kuortane,300,89.2,222
Breast (mammography),2024,Rauma,684,83.5,2089
Breast (mammography),2010,Kokkola,272,87.7,1942
Breast (mammography),2016,Mänttä-Vilppula,508,85.2,763
Breast (mammography),2010,Merijärvi,483,76.8,43
Breast (mammography),2016,Outokumpu,309,82.8,466
Breast (mammography),2021,Pyhäjärvi,626,87.4,319
Breast (mammography),2021,Lapinjärvi,407,72.8,142
Breast (mammography),2013,Nakkila,531,89.6,326
Breast (mammography),2024,Ristijärvi,697,82.6,76
Breast (mammography),2011,Karijoki,218,83.1,74
Breast (mammography),2023,Ylivieska,977,87.6,756
Breast (mammography),2024,Karkkila,224,80.8,471
Breast (mammography),2020,Vihti,927,78.2,1558
Breast (mammography),2015,Perho,584,86.3,158
Breast (mammography),2010,Kauniainen,235,77.4,884
Breast (mammography),2023,Kemijärvi,320,87.8,481
Breast (mammography),2010,Kangasala,211,87.5,1203
Breast (mammography),2014,Pihtipudas,601,88.3,273
Breast (mammography),2023,Evijärvi,052,81.6,115
Breast (mammography),2019,Rovaniemi,698,81.7,3507
Breast (mammography),2020,Paimio,577,81.6,585
Breast (mammography),2021,Parainen,445,81,836
Breast (mammography),2016,Kannonkoski,216,83.2,104
Breast (mammography),2018,Porvoo,638,83.2,2958
Breast (mammography),2020,Taivalkoski,832,83.8,263
Breast (mammography),2012,Pälkäne,635,82.8,357
Breast (mammography),2024,Aura,019,84,236
Breast (mammography),2014,Sastamala,790,84.8,1444
Breast (mammography),2019,Koski Tl,284,83.3,135
Breast (mammography),2013,Pudasjärvi,615,84.2,506
Breast (mammography),2014,Multia,495,82.8,111
Breast (mammography),2020,Ranua,683,82,219
Breast (mammography),2015,Kauhajoki,232,85.6,863
Breast (mammography),2019,Toholampi,849,84.3,177
Breast (mammography),2021,Lieto,423,86.5,1101
Breast (mammography),2011,Vimpeli,934,90.1,200
Breast (mammography),2014,Asikkala,016,85.2,524
Breast (mammography),2015,Pieksämäki,593,84.8,1380
Breast (mammography),2016,Rantasalmi,681,82.1,261
Breast (mammography),2019,Merijärvi,483,81.7,58
Breast (mammography),2021,Heinävesi,090,83.8,217
Breast (mammography),2023,Kotka,285,82.6,2936
Breast (mammography),2010,Kerava,245,81.2,2014
Breast (mammography),2014,Vehmaa,918,85.3,163
Breast (mammography),2013,Ilomantsi,146,85.7,436
Breast (mammography),2011,Pello,854,86.5,249
Breast (mammography),2023,Multia,495,82.1,92
Breast (mammography),2024,Teuva,846,82.3,275
Breast (mammography),2019,Kokkola,272,85.4,2563
Breast (mammography),2016,Juva,178,86.6,452
Breast (mammography),2020,Asikkala,016,81.7,505
Breast (mammography),2020,Utsjoki,890,70.8,63
Breast (mammography),2010,Valkeakoski,908,85.9,935
Breast (mammography),2017,Oulainen,563,82.3,446
Breast (mammography),2018,Mäntyharju,507,81,528
Breast (mammography),2024,Lempäälä,418,86,1193
Breast (mammography),2014,Saarijärvi,729,86.4,642
Breast (mammography),2017,Kiuruvesi,263,87.2,544
Breast (mammography),2012,Kankaanpää,214,88.2,810
Breast (mammography),2023,Lohja,444,79.5,2595
Breast (mammography),2023,Pornainen,611,80.5,276
Breast (mammography),2024,Perho,584,82.4,117
Breast (mammography),2017,Kotka,285,84.3,3293
Breast (mammography),2010,Somero,761,90.6,422
Breast (mammography),2018,Kinnula,256,90.2,111
Breast (mammography),2011,Kajaani,205,86.4,2016
Breast (mammography),2012,Heinävesi,090,81.2,255
Breast (mammography),2018,Haapavesi,071,82.5,377
Breast (mammography),2021,Jokioinen,169,85.9,352
Breast (mammography),2024,Kalajoki,208,85.6,666
Breast (mammography),2024,Vaasa,905,84.7,3083
Breast (mammography),2024,Pieksämäki,593,81.9,1047
Breast (mammography),2017,Kyyjärvi,312,89.4,93
Breast (mammography),2018,Jyväskylä,179,85.4,7004
Breast (mammography),2012,Juupajoki,177,82.3,93
Breast (mammography),2021,Merikarvia,484,80.9,186
Breast (mammography),2019,Muhos,494,80.8,450
Breast (mammography),2018,Kuhmoinen,291,82.2,152
Breast (mammography),2013,Seinäjoki,743,86.1,2747
Breast (mammography),2018,Taivassalo,833,83.3,110
Breast (mammography),2014,Loimaa,430,87,1065
Breast (mammography),2020,Vehmaa,918,83.7,149
Breast (mammography),2020,Vimpeli,934,86.6,181
Breast (mammography),2020,Hamina,075,81.5,1279
Breast (mammography),2020,Muurame,500,83,516
Breast (mammography),2023,Vesanto,921,75.2,115
Breast (mammography),2017,Hausjärvi,086,84,531
Breast (mammography),2019,Pietarsaari,598,83.1,1051
Breast (mammography),2012,Kärkölä,316,80.3,297
Breast (mammography),2013,Toholampi,849,84.8,178
Breast (mammography),2021,Kärkölä,316,80.8,274
Breast (mammography),2014,Kemijärvi,320,92,617
Breast (mammography),2017,Soini,759,89.5,137
Breast (mammography),2017,Janakkala,165,85,1006
Breast (mammography),2016,Kaarina,202,85.4,1929
Breast (mammography),2016,Hyrynsalmi,105,82.6,181
Breast (mammography),2019,Heinola,111,82.5,2640
Breast (mammography),2020,Pello,854,82.1,256
Breast (mammography),2017,Hankasalmi,077,80.1,293
Breast (mammography),2010,Kivijärvi,265,81.7,58
Breast (mammography),2012,Lapinjärvi,407,76.3,161
Breast (mammography),2012,Pyhäjärvi,626,85.9,336
Breast (mammography),2020,Lappeenranta,405,85.1,4150
Breast (mammography),2012,Jokioinen,169,88,359
Breast (mammography),2024,Imatra,153,80.1,1478
Breast (mammography),2010,Rautavaara,687,80.6,83
Breast (mammography),2016,Ähtäri,989,84.9,399
Breast (mammography),2012,Savitaipale,739,85.8,193
Breast (mammography),2024,Parkano,581,82.2,337
Breast (mammography),2021,Kankaanpää,214,83.1,781
Breast (mammography),2020,Luoto,440,90.7,223
Breast (mammography),2017,Pyhtää,624,86.3,346
Breast (mammography),2014,Ruokolahti,700,83.3,353
Breast (mammography),2021,Laihia,399,82.1,391
Breast (mammography),2018,Joroinen,171,87.3,323
Breast (mammography),2011,Utsjoki,890,85.1,86
Breast (mammography),2017,Tyrnävä,859,83.2,258
Breast (mammography),2024,Masku,481,83.4,543
Breast (mammography),2013,Jämijärvi,181,88.3,121
Breast (mammography),2014,Korsnäs,280,82.7,134
Breast (mammography),2014,Inkoo,149,79.7,353
Breast (mammography),2013,Kuusamo,305,89.1,1039
Breast (mammography),2023,Tyrnävä,859,85.8,266
Breast (mammography),2018,Masku,481,84.5,529
Breast (mammography),2021,Harjavalta,079,84.9,395
Breast (mammography),2016,Pedersören kunta,599,91.4,565
Breast (mammography),2021,Kemi,240,80.5,1213
Breast (mammography),2020,Kittilä,261,81.6,382
Breast (mammography),2017,Nurmes,541,85.2,728
Breast (mammography),2018,Luhanka,435,88.9,48
Breast (mammography),2016,Simo,751,85.3,244
Breast (mammography),2018,Kihniö,250,83,137
Breast (mammography),2024,Kontiolahti,276,83.5,763
Breast (mammography),2020,Siuntio,755,72.6,332
Breast (mammography),2017,Parainen,445,83.6,918
Breast (mammography),2010,Kouvola,286,87.8,4359
Breast (mammography),2023,Kempele,244,86.3,877
Breast (mammography),2019,Seinäjoki,743,85.7,3380
Breast (mammography),2018,Myrskylä,504,81.1,103
Breast (mammography),2011,Ulvila,886,90.5,661
Breast (mammography),2024,Puumala,623,85.8,139
Breast (mammography),2014,Kuopio,297,84.4,6918
Breast (mammography),2018,Vesilahti,922,83.4,231
Breast (mammography),2011,Kokemäki,271,88.8,450
Breast (mammography),2023,Soini,759,89.2,116
Breast (mammography),2016,Vihti,927,79.4,1600
Breast (mammography),2011,Hirvensalmi,097,89,145
Breast (mammography),2012,Maalahti,475,85.2,322
Breast (mammography),2023,Raisio,680,85,1396
Breast (mammography),2022,Kuusamo,305,86.1,969
Breast (mammography),2011,Muurame,500,92.2,497
Breast (mammography),2016,Parikkala,580,83.5,389
Breast (mammography),2014,Luoto,440,91.5,225
Breast (mammography),2015,Koski Tl,284,88.6,156
Breast (mammography),2023,Kuhmo,290,84.2,526
Breast (mammography),2021,Savitaipale,739,83.7,221
Breast (mammography),2010,Ii,139,85.6,351
Breast (mammography),2012,Merikarvia,484,87,181
Breast (mammography),2018,Padasjoki,576,81.4,201
Breast (mammography),2010,Uusikaarlepyy,893,89.6,378
Breast (mammography),2011,Karstula,226,89.8,265
Breast (mammography),2015,Liperi,426,88.3,776
Breast (mammography),2019,Kauhajoki,232,84.6,782
Breast (mammography),2013,Siikajoki,748,84.4,302
Breast (mammography),2013,Kemiönsaari,322,83.9,473
Breast (mammography),2016,Toivakka,850,82.6,147
Breast (mammography),2016,Muonio,498,84.2,149
Breast (mammography),2010,Leppävirta,420,80.9,444
Breast (mammography),2010,Ruovesi,702,90.3,234
Breast (mammography),2024,Kannus,217,83,302
Breast (mammography),2020,Kajaani,205,84.6,2142
Breast (mammography),2022,Porvoo,638,81.6,2869
Breast (mammography),2018,Teuva,846,85.9,340
Breast (mammography),2015,Ylitornio,976,86.9,312
Breast (mammography),2014,Hamina,075,86.2,1298
Breast (mammography),2016,Kouvola,286,85.5,5729
Breast (mammography),2012,Harjavalta,079,92.7,432
Breast (mammography),2015,Hämeenkyrö,108,86.6,661
Breast (mammography),2020,Lumijoki,436,85,85
Breast (mammography),2022,Taivassalo,833,83.7,108
Breast (mammography),2011,Siuntio,755,74.7,274
Breast (mammography),2012,Raasepori,710,81.1,1389
Breast (mammography),2023,Humppila,103,79.4,112
Breast (mammography),2015,Rauma,684,87.4,2487
Breast (mammography),2014,Närpiö,545,82.6,455
Breast (mammography),2018,Keminmaa,241,83.3,520
Breast (mammography),2021,Kolari,273,85.3,244
Breast (mammography),2016,Askola,018,80.3,281
Breast (mammography),2014,Kärsämäki,317,82.5,146
Breast (mammography),2021,Punkalaidun,619,85.9,171
Breast (mammography),2012,Laihia,399,82.2,379
Breast (mammography),2019,Pyhäjoki,625,85.8,163
Breast (mammography),2016,Lapinlahti,402,84.1,623
Breast (mammography),2020,Ulvila,886,86.8,751
Breast (mammography),2011,Tohmajärvi,848,89.3,293
Breast (mammography),2012,Orivesi,562,82.9,456
Breast (mammography),2021,Tampere,837,83.2,11154
Breast (mammography),2022,Luumäki,441,83.8,290
Breast (mammography),2015,Imatra,153,84.5,1855
Breast (mammography),2014,Rusko,704,88.4,367
Breast (mammography),2023,Mynämäki,503,80.3,423
Breast (mammography),2011,Pöytyä,636,89.5,400
Breast (mammography),2020,Sastamala,790,81.5,1436
Breast (mammography),2015,Tuusula,858,74.3,1897
Breast (mammography),2015,Ypäjä,981,78.4,156
Breast (mammography),2016,Savonlinna,740,84.1,2400
Breast (mammography),2019,Kivijärvi,265,84.9,73
Breast (mammography),2022,Nokia,536,84.7,1871
Breast (mammography),2013,Siikalatva,791,82.7,315
Breast (mammography),2019,Mikkeli,491,85.5,3225
Breast (mammography),2015,Rautjärvi,689,82.9,261
Breast (mammography),2024,Hattula,082,88.3,567
Breast (mammography),2010,Rovaniemi,698,85.8,3219
Breast (mammography),2015,Sodankylä,758,84.8,604
Breast (mammography),2023,Korsnäs,280,87.7,114
Breast (mammography),2011,Turku,853,86.2,12519
Breast (mammography),2019,Lahti,398,82.7,6705
Breast (mammography),2016,Laukaa,410,86.6,1069
Breast (mammography),2011,Ranua,683,90.6,250
Breast (mammography),2022,Vantaa,092,76.8,10471
Breast (mammography),2015,Lieto,423,88.4,1045
Breast (mammography),2016,Laitila,400,86.5,545
Breast (mammography),2011,Kruunupyy,288,86.6,310
Breast (mammography),2012,Kitee,260,89.7,730
Breast (mammography),2021,Pori,609,85.6,4761
Breast (mammography),2022,Vaala,785,82.8,159
Breast (mammography),2016,Siikainen,747,87.1,101
Breast (mammography),2015,Vaasa,905,85.4,3420
Breast (mammography),2016,Marttila,480,84.2,133
Breast (mammography),2015,Eurajoki,051,88,574
Breast (mammography),2016,Helsinki,091,74.3,30115
Breast (mammography),2022,Nakkila,531,86.1,309
Breast (mammography),2022,Isojoki,151,82.4,131
Breast (mammography),2015,Kalajoki,208,85.3,745
Breast (mammography),2015,Urjala,887,77.7,313
Breast (mammography),2023,Lapua,408,85.3,766
Breast (mammography),2014,Pornainen,611,84.4,260
Breast (mammography),2011,Lappeenranta,405,89.1,3333
Breast (mammography),2014,Taivalkoski,832,88.9,263
Breast (mammography),2014,Vesanto,921,82.4,136
Breast (mammography),2011,Paimio,577,88.7,548
Breast (mammography),2016,Konnevesi,275,85.7,209
Breast (mammography),2010,Pietarsaari,598,86.2,970
Breast (mammography),2015,Kuortane,300,85.7,234
Breast (mammography),2011,Enonkoski,046,84.9,90
Breast (mammography),2015,Lempäälä,418,83.9,1123
Breast (mammography),2011,Savukoski,742,71.3,62
Breast (mammography),2022,Ilomantsi,146,87.3,350
Breast (mammography),2022,Ylöjärvi,980,82.2,1749
Breast (mammography),2016,Pyhäntä,630,88.4,114
Breast (mammography),2011,Hausjärvi,086,81.9,499
Breast (mammography),2010,Ikaalinen,143,89.7,392
Breast (mammography),2023,Kauhava,233,85.2,898
Breast (mammography),2015,Ristijärvi,697,76.2,99
Breast (mammography),2021,Juupajoki,177,78.8,89
Breast (mammography),2011,Kaskinen,231,82.1,151
Breast (mammography),2022,Kinnula,256,83.5,86
Breast (mammography),2011,Viitasaari,931,88.9,448
Breast (mammography),2018,Kuusamo,305,88.1,1077
Breast (mammography),2023,Puolanka,620,84.2,160
Breast (mammography),2013,Mikkeli,491,87.7,3328
Breast (mammography),2011,Soini,759,90.6,135
Breast (mammography),2014,Karstula,226,90.9,289
Breast (mammography),2016,Heinola,111,82.8,1389
Breast (mammography),2012,Kihniö,250,87.2,156
Breast (mammography),2022,Liminka,425,85.1,359
Breast (mammography),2019,Hämeenkyrö,108,85,651
Breast (mammography),2021,Kannus,217,81.3,309
Breast (mammography),2016,Kivijärvi,265,81.8,72
Breast (mammography),2013,Eura,050,90.3,715
Breast (mammography),2015,Orivesi,562,79.4,608
Breast (mammography),2012,Hankasalmi,077,86.1,298
Breast (mammography),2011,Pyhäntä,630,87,87
Breast (mammography),2010,Lempäälä,418,89.6,1036
Breast (mammography),2017,Savukoski,742,79.5,70
Breast (mammography),2018,Jokioinen,169,83.5,325
Breast (mammography),2021,Riihimäki,694,82.5,1559
Breast (mammography),2024,Mustasaari,499,86.6,1010
Breast (mammography),2010,Oripää,561,84.8,84
Breast (mammography),2021,Jyväskylä,179,86.4,6988
Breast (mammography),2014,Inari,148,83.8,486
Breast (mammography),2021,Virrat,936,85.3,400
Breast (mammography),2015,Suomussalmi,777,90.4,690
Breast (mammography),2024,Orivesi,562,81.5,511
Breast (mammography),2019,Oripää,561,91.7,77
Breast (mammography),2021,Hankasalmi,077,83.2,293
Breast (mammography),2018,Kemi,240,80.7,1299
Breast (mammography),2011,Pyhtää,624,87.2,333
Breast (mammography),2017,Savitaipale,739,81.8,233
Breast (mammography),2014,Ilmajoki,145,83.3,673
Breast (mammography),2024,Muhos,494,79.4,390
Breast (mammography),2017,Mynämäki,503,81,466
Breast (mammography),2018,Merijärvi,483,85.3,58
Breast (mammography),2020,Eura,050,83.5,694
Breast (mammography),2016,Kemiönsaari,322,80,420
Breast (mammography),2020,Kangasniemi,213,79.5,329
Breast (mammography),2015,Vesilahti,922,85.1,228
Breast (mammography),2014,Puolanka,620,89.5,212
Breast (mammography),2015,Raahe,678,87,1608
Breast (mammography),2020,Keitele,239,73.4,130
Breast (mammography),2021,Iisalmi,140,85.9,1286
Breast (mammography),2021,Kihniö,250,87.3,117
Breast (mammography),2021,Taipalsaari,831,90.4,330
Breast (mammography),2022,Toivakka,850,83,127
Breast (mammography),2015,Muhos,494,82.1,455
Breast (mammography),2017,Äänekoski,992,86.3,1254
Breast (mammography),2016,Vantaa,092,75.5,10403
Breast (mammography),2010,Haapavesi,071,85.4,317
Breast (mammography),2024,Juupajoki,177,77.5,100
Breast (mammography),2011,Inkoo,149,79.5,291
Breast (mammography),2021,Sievi,746,83.3,245
Breast (mammography),2010,Ähtäri,989,89,420
Breast (mammography),2012,Riihimäki,694,82.8,1765
Breast (mammography),2022,Lieksa,422,86.5,743
Breast (mammography),2023,Kirkkonummi,257,81.6,2190
Breast (mammography),2010,Hyrynsalmi,105,88.1,148
Breast (mammography),2013,Rääkkylä,707,81.7,156
Breast (mammography),2012,Uusikaupunki,895,87.4,968
Breast (mammography),2011,Pomarkku,608,88.9,128
Breast (mammography),2018,Eurajoki,051,86,552
Breast (mammography),2015,Loppi,433,79,458
Breast (mammography),2011,Sotkamo,765,85.3,576
Breast (mammography),2017,Säkylä,783,87.1,473
Breast (mammography),2024,Äänekoski,992,85.9,1066
Breast (mammography),2016,Kittilä,261,82.1,390
Breast (mammography),2018,Tornio,851,82.8,1257
Breast (mammography),2020,Rusko,704,87.9,377
Breast (mammography),2018,Pälkäne,635,78,396
Breast (mammography),2013,Nurmijärvi,543,77.5,2023
Breast (mammography),2023,Karstula,226,86.8,237
Breast (mammography),2019,Lempäälä,418,83.7,1146
Breast (mammography),2020,Pyhäntä,630,89.1,98
Breast (mammography),2010,Hämeenkyrö,108,87.5,541
Breast (mammography),2013,Helsinki,091,77.3,31230
Breast (mammography),2015,Pietarsaari,598,86.3,1124
Breast (mammography),2017,Iitti,142,84.3,487
Breast (mammography),2017,Paimio,577,86,610
Breast (mammography),2010,Perho,584,89.3,133
Breast (mammography),2013,Mänttä-Vilppula,508,89,807
Breast (mammography),2017,Hyvinkää,106,81.6,2744
Breast (mammography),2024,Vesilahti,922,90.1,272
Breast (mammography),2016,Kurikka,301,84.9,1363
Breast (mammography),2021,Uusikaupunki,895,85.7,939
Breast (mammography),2013,Huittinen,102,87.9,615
Breast (mammography),2021,Enontekiö,047,78.3,112
Breast (mammography),2021,Kyyjärvi,312,86.2,81
Breast (mammography),2018,Leppävirta,420,85.3,680
Breast (mammography),2014,Pielavesi,595,85,284
Breast (mammography),2018,Lappajärvi,403,78.9,179
Breast (mammography),2015,Laihia,399,83.7,447
Breast (mammography),2020,Pomarkku,608,88.3,136
Breast (mammography),2014,Hartola,081,86.1,205
Breast (mammography),2022,Kerava,245,76.8,1833
Breast (mammography),2017,Viitasaari,931,90.2,509
Breast (mammography),2020,Joensuu,167,84.8,4153
Breast (mammography),2016,Alajärvi,005,88.3,673
Breast (mammography),2019,Juuka,176,73,305
Breast (mammography),2024,Joroinen,171,87.6,290
Breast (mammography),2021,Tammela,834,85.7,394
Breast (mammography),2012,Kannus,217,84.3,279
Breast (mammography),2014,Siuntio,755,81.7,367
Breast (mammography),2015,Mustasaari,499,88.8,1071
Breast (mammography),2010,Masku,481,88.4,473
Breast (mammography),2018,Somero,761,81.6,551
Breast (mammography),2021,Naantali,529,83.3,1291
Breast (mammography),2012,Rauma,684,86,2101
Breast (mammography),2015,Kankaanpää,214,86,955
Breast (mammography),2022,Mikkeli,491,85.7,3133
Breast (mammography),2018,Ii,139,84.6,527
Breast (mammography),2023,Mäntsälä,505,82.2,1114
Breast (mammography),2017,Kokemäki,271,88.7,520
Breast (mammography),2016,Kaskinen,231,78.5,73
Breast (mammography),2012,Jämsä,182,86,1204
Breast (mammography),2013,Kangasniemi,213,84,346
Breast (mammography),2022,Valkeakoski,908,79.3,1058
Breast (mammography),2011,Kotka,285,86.4,2908
Breast (mammography),2018,Alavus,010,83.7,684
Breast (mammography),2019,Isokyrö,152,84.7,266
Breast (mammography),2022,Nurmijärvi,543,78.1,2245
Breast (mammography),2021,Halsua,074,83.8,62
Breast (mammography),2017,Hailuoto,072,81.8,63
Breast (mammography),2022,Rääkkylä,707,76.1,137
Breast (mammography),2011,Nousiainen,538,88.2,253
Breast (mammography),2018,Ylitornio,976,85,300
Breast (mammography),2015,Hollola,098,86.8,1551
Breast (mammography),2024,Hailuoto,072,83.6,56
Breast (mammography),2023,Inari,148,81.3,418
Breast (mammography),2010,Rautjärvi,689,85.3,221
Breast (mammography),2011,Rusko,704,92.1,291
Breast (mammography),2010,Urjala,887,80,232
Breast (mammography),2021,Lestijärvi,421,84.3,59
Breast (mammography),2020,Inkoo,149,77.8,330
Breast (mammography),2023,Järvenpää,186,82.9,2476
Breast (mammography),2016,Kangasala,211,85.1,1693
Breast (mammography),2014,Pello,854,86.8,283
Breast (mammography),2017,Lappeenranta,405,85.3,4365
Breast (mammography),2011,Konnevesi,275,92.1,152
Breast (mammography),2022,Siikajoki,748,84.6,269
Breast (mammography),2011,Pihtipudas,601,85.5,248
Breast (mammography),2012,Pyhäranta,631,87.4,132
Breast (mammography),2020,Kannonkoski,216,79.8,83
Breast (mammography),2018,Pieksämäki,593,83.6,1271
Breast (mammography),2019,Pedersören kunta,599,88.6,499
Breast (mammography),2017,Lapinjärvi,407,78.1,168
Breast (mammography),2023,Petäjävesi,592,84.9,191
Breast (mammography),2011,Keuruu,249,87.4,605
Breast (mammography),2012,Naantali,529,85.7,1159
Breast (mammography),2024,Karvia,230,80,112
Breast (mammography),2012,Teuva,846,86.2,350
Breast (mammography),2024,Hollola,098,83.5,1356
Breast (mammography),2011,Lumijoki,436,90.1,91
Breast (mammography),2016,Suonenjoki,778,86.9,459
Breast (mammography),2011,Laitila,400,85.9,420
Breast (mammography),2021,Posio,614,86.3,234
Breast (mammography),2016,Tuusniemi,857,84,220
Breast (mammography),2021,Kuopio,297,84.9,6457
Breast (mammography),2021,Luhanka,435,87.3,48
Breast (mammography),2023,Salla,732,80.6,203
Breast (mammography),2014,Kolari,273,81.4,253
Breast (mammography),2013,Hanko,078,84,529
Breast (mammography),2020,Laitila,400,83.9,500
Breast (mammography),2015,Kristiinankaupunki,287,83.3,500
Breast (mammography),2023,Loimaa,430,84.6,860
Breast (mammography),2010,Sodankylä,758,91.3,459
Breast (mammography),2016,Ranua,683,87.3,261
Breast (mammography),2023,Pielavesi,595,84.7,254
Breast (mammography),2012,Siilinjärvi,749,88.4,1086
Breast (mammography),2013,Luumäki,441,89.2,322
Breast (mammography),2020,Konnevesi,275,77.3,153
Breast (mammography),2022,Askola,018,78.1,260
Breast (mammography),2011,Kannonkoski,216,84.4,81
Breast (mammography),2023,Vihti,927,81.4,1534
Breast (mammography),2012,Kauhajoki,232,87,772
Breast (mammography),2020,Pihtipudas,601,77,238
Breast (mammography),2018,Taipalsaari,831,87.5,344
Breast (mammography),2019,Perho,584,79.5,124
Breast (mammography),2016,Kempele,244,84,848
Breast (mammography),2020,Savukoski,742,67.8,59
Breast (mammography),2022,Kuhmoinen,291,83.6,138
Breast (mammography),2024,Kristiinankaupunki,287,82.5,373
Breast (mammography),2024,Keminmaa,241,83.9,423
Breast (mammography),2019,Sodankylä,758,83.8,531
Breast (mammography),2013,Kinnula,256,89,105
Breast (mammography),2015,Vöyri,946,84.8,397
Breast (mammography),2021,Rauma,684,87.5,2246
Breast (mammography),2020,Viitasaari,931,87.1,446
Breast (mammography),2020,Kokemäki,271,79.3,413
Breast (mammography),2024,Sonkajärvi,762,85.9,237
Breast (mammography),2022,Lapinlahti,402,83.9,536
Breast (mammography),2020,Nousiainen,538,84,267
Breast (mammography),2011,Uurainen,892,85.1,154
Breast (mammography),2018,Pori,609,85.4,5120
Breast (mammography),2022,Outokumpu,309,76.2,333
Breast (mammography),2010,Juuka,176,83,326
Breast (mammography),2018,Luumäki,441,83.6,316
Breast (mammography),2021,Nurmes,541,84,631
Breast (mammography),2014,Lapua,408,86.9,858
Breast (mammography),2010,Sysmä,781,81,201
Breast (mammography),2015,Porvoo,638,82.1,2879
Breast (mammography),2024,Sodankylä,758,86,516
Breast (mammography),2010,Padasjoki,576,84.1,233
Breast (mammography),2012,Enontekiö,047,78.8,115
Breast (mammography),2017,Polvijärvi,607,84.1,333
Breast (mammography),2015,Karvia,230,87.6,169
Breast (mammography),2018,Uusikaarlepyy,893,88.5,407
Breast (mammography),2022,Tuusula,858,81.8,2210
Breast (mammography),2015,Parkano,581,84.6,427
Breast (mammography),2024,Raahe,678,84.8,1204
Breast (mammography),2017,Kuhmo,290,85.8,656
Breast (mammography),2018,Karkkila,224,78.9,504
Breast (mammography),2018,Maalahti,475,82.7,286
Breast (mammography),2013,Pirkkala,604,87.8,873
Breast (mammography),2023,Sulkava,768,86.4,153
Breast (mammography),2014,Mäntsälä,505,85.2,1184
Breast (mammography),2010,Pyhäjoki,625,92.1,176
Breast (mammography),2012,Sonkajärvi,762,87.4,304
Breast (mammography),2017,Pukkila,616,81.8,117
Breast (mammography),2022,Virolahti,935,84.4,211
Breast (mammography),2019,Rautjärvi,689,83.9,235
Breast (mammography),2020,Pyhtää,624,85.5,313
Breast (mammography),2012,Lestijärvi,421,82.4,42
Breast (mammography),2019,Urjala,887,74.1,280
Breast (mammography),2019,Raasepori,710,79.6,1577
Breast (mammography),2018,Nokia,536,82.4,1789
Breast (mammography),2010,Salo,734,83.9,2391
Breast (mammography),2014,Järvenpää,186,80.1,2530
Breast (mammography),2023,Marttila,480,83.1,103
Breast (mammography),2023,Hartola,081,75,156
Breast (mammography),2024,Loppi,433,81.8,432
Breast (mammography),2022,Jämijärvi,181,84.9,90
Breast (mammography),2010,Lahti,398,85.9,7221
Breast (mammography),2019,Kangasala,211,82.6,1709
Breast (mammography),2021,Liperi,426,87.5,729
Breast (mammography),2012,Forssa,061,87.9,1247
Breast (mammography),2012,Virrat,936,89.4,423
Breast (mammography),2015,Joroinen,171,89.9,310
Breast (mammography),2024,Koski Tl,284,81.2,108
Breast (mammography),2020,Siikainen,747,83.3,85
Breast (mammography),2015,Tervo,844,73.3,99
Breast (mammography),2016,Haapajärvi,069,84.2,427
Breast (mammography),2019,Simo,751,85,204
Breast (mammography),2011,Joensuu,167,87.5,3760
Breast (mammography),2017,Rautalampi,686,84.8,223
Breast (mammography),2014,Loviisa,434,84.8,1024
Breast (mammography),2014,Raisio,680,86.2,1599
Breast (mammography),2023,Ilmajoki,145,87.4,610
Breast (mammography),2017,Kauhava,233,86.1,992
Breast (mammography),2022,Huittinen,102,85.3,591
Breast (mammography),2024,Kaavi,204,85.5,171
Breast (mammography),2020,Juva,178,81.5,375
Breast (mammography),2019,Ylitornio,976,82.7,272
Breast (mammography),2012,Jyväskylä,179,87.1,5954
Breast (mammography),2018,Halsua,074,81.9,77
Breast (mammography),2016,Isojoki,151,80.1,153
Breast (mammography),2020,Orimattila,560,83.9,999
Breast (mammography),2023,Kärsämäki,317,84.6,132
Breast (mammography),2014,Kaustinen,236,86.2,213
Breast (mammography),2022,Helsinki,091,73.4,28430
Breast (mammography),2016,Kajaani,205,86.7,2396
Breast (mammography),2023,Närpiö,545,83.6,480
Breast (mammography),2017,Heinävesi,090,85.3,232
Breast (mammography),2014,Evijärvi,052,83.2,164
Breast (mammography),2024,Paltamo,578,80.6,175
Breast (mammography),2015,Juupajoki,177,78.4,127
Breast (mammography),2017,Punkalaidun,619,83.7,180
Breast (mammography),2019,Haapavesi,071,84.8,368
Breast (mammography),2023,Saarijärvi,729,83.7,582
Breast (mammography),2019,Hyrynsalmi,105,86.8,178
Breast (mammography),2011,Akaa,020,83.5,779
Breast (mammography),2021,Kalajoki,208,83.9,695
Breast (mammography),2019,Tornio,851,82.9,1194
Breast (mammography),2018,Hämeenkyrö,108,83.7,607
Breast (mammography),2021,Varkaus,915,89,1371
Breast (mammography),2018,Vöyri,946,82.5,349
Breast (mammography),2013,Simo,751,84.8,206
Breast (mammography),2023,Kaustinen,236,82.6,204
Breast (mammography),2023,Ulvila,886,85.6,700
Breast (mammography),2023,Espoo,049,73.9,12559
Breast (mammography),2015,Merikarvia,484,83.2,232
Breast (mammography),2020,Raisio,680,84.4,1507
Breast (mammography),2012,Veteli,924,85.4,170
Breast (mammography),2017,Närpiö,545,86.4,520
Breast (mammography),2017,Sulkava,768,84.1,175
Breast (mammography),2022,Pudasjärvi,615,84.4,444
Breast (mammography),2011,Forssa,061,88.4,1401
Breast (mammography),2011,Reisjärvi,691,82,132
Breast (mammography),2010,Hattula,082,88.3,616
Breast (mammography),2022,Savonlinna,740,83.4,2063
Breast (mammography),2016,Kruunupyy,288,85.3,377
Breast (mammography),2010,Eurajoki,051,87.4,436
Breast (mammography),2011,Taivalkoski,832,88.1,258
Breast (mammography),2016,Virolahti,935,81.5,225
Breast (mammography),2016,Lohja,444,81.3,2823
Breast (mammography),2020,Loviisa,434,80.4,880
Breast (mammography),2014,Lappeenranta,405,85.3,4506
Breast (mammography),2010,Ylitornio,976,88.1,244
Breast (mammography),2016,Jämijärvi,181,88.2,134
Breast (mammography),2019,Askola,018,82.3,260
Breast (mammography),2017,Alavieska,009,85.4,129
Breast (mammography),2011,Tervola,845,81.1,176
Breast (mammography),2019,Hattula,082,82.5,537
Breast (mammography),2019,Kauniainen,235,73.6,461
Breast (mammography),2017,Sipoo,753,82.5,1073
Breast (mammography),2011,Kuopio,297,88.2,6710
Breast (mammography),2013,Vihti,927,81.5,1465
Breast (mammography),2010,Koski Tl,284,93.2,109
Breast (mammography),2014,Ulvila,886,88.3,801
Breast (mammography),2010,Kuusamo,305,92.4,839
Breast (mammography),2019,Ilomantsi,146,85.1,383
Breast (mammography),2022,Kauhajoki,232,83.4,769
Breast (mammography),2016,Vieremä,925,83.7,231
Breast (mammography),2018,Lempäälä,418,84.4,1110
Breast (mammography),2023,Turku,853,79.3,8402
Breast (mammography),2019,Pälkäne,635,83.3,423
Breast (mammography),2010,Nokia,536,88.9,1835
Breast (mammography),2022,Myrskylä,504,77.6,97
Breast (mammography),2011,Utajärvi,889,84.2,149
Breast (mammography),2015,Taivassalo,833,91.2,125
Breast (mammography),2015,Ruovesi,702,82.2,300
Breast (mammography),2023,Ruokolahti,700,80.2,303
Breast (mammography),2012,Kontiolahti,276,91.1,702
Breast (mammography),2010,Lappajärvi,403,81.5,176
Breast (mammography),2018,Oripää,561,74.7,68
Breast (mammography),2023,Lappeenranta,405,85.8,4008
Breast (mammography),2017,Nivala,535,84.4,552
Breast (mammography),2014,Hirvensalmi,097,84.3,145
Breast (mammography),2010,Muhos,494,84.2,308
Breast (mammography),2014,Utsjoki,890,75.6,59
Breast (mammography),2021,Pihtipudas,601,84.6,242
Breast (mammography),2014,Janakkala,165,82.5,955
Breast (mammography),2017,Ruokolahti,700,86.2,363
Breast (mammography),2021,Joutsa,172,83.2,293
Breast (mammography),2018,Siikalatva,791,84.9,326
Breast (mammography),2024,Maalahti,475,85.7,281
Breast (mammography),2018,Lahti,398,81.6,6820
Breast (mammography),2012,Miehikkälä,489,85.1,97
Breast (mammography),2016,Muurame,500,86.2,518
Breast (mammography),2020,Kaarina,202,84.3,1914
Breast (mammography),2021,Kristiinankaupunki,287,84.3,424
Breast (mammography),2018,Tervo,844,84.2,128
Breast (mammography),2010,Ilomantsi,146,85.8,399
Breast (mammography),2018,Urjala,887,72,260
Breast (mammography),2012,Kalajoki,208,86.8,607
Breast (mammography),2011,Lapua,408,89.2,841
Breast (mammography),2022,Haapavesi,071,86.2,349
Breast (mammography),2015,Pyhäjärvi,626,84.1,344
Breast (mammography),2018,Rautjärvi,689,84.8,246
Breast (mammography),2011,Hamina,075,88.5,1166
Breast (mammography),2012,Parainen,445,78.6,923
Breast (mammography),2015,Leppävirta,420,87,692
Breast (mammography),2015,Uusikaarlepyy,893,90.3,419
Breast (mammography),2013,Isokyrö,152,82.6,228
Breast (mammography),2023,Orimattila,560,79.8,809
Breast (mammography),2011,Asikkala,016,86.4,615
Breast (mammography),2014,Paimio,577,87.1,617
Breast (mammography),2017,Kaustinen,236,83.3,229
Breast (mammography),2011,Pornainen,611,84.3,241
Breast (mammography),2012,Vaasa,905,84.9,2774
Breast (mammography),2022,Ikaalinen,143,84.9,426
Breast (mammography),2022,Pirkkala,604,85.2,1040
Breast (mammography),2021,Oulainen,563,85.8,423
Breast (mammography),2017,Aura,019,83.2,223
Breast (mammography),2022,Simo,751,82.8,188
Breast (mammography),2023,Pyhtää,624,81.5,304
Breast (mammography),2014,Polvijärvi,607,85.4,287
Breast (mammography),2022,Suonenjoki,778,83.2,382
Breast (mammography),2011,Parikkala,580,85.8,327
Breast (mammography),2011,Raisio,680,88,1488
Breast (mammography),2024,Ii,139,86.1,490
Breast (mammography),2010,Puumala,623,90,153
Breast (mammography),2023,Hirvensalmi,097,83.1,138
Breast (mammography),2015,Lestijärvi,421,89.2,66
Breast (mammography),2015,Mäntyharju,507,79.1,558
Breast (mammography),2018,Imatra,153,84.9,1793
Breast (mammography),2015,Maalahti,475,80.4,292
Breast (mammography),2022,Rovaniemi,698,81.8,3215
Breast (mammography),2011,Hämeenlinna,109,85.1,3490
Breast (mammography),2016,Pirkkala,604,87.9,1072
Breast (mammography),2011,Siikainen,747,88,95
Breast (mammography),2021,Sonkajärvi,762,85.1,252
Breast (mammography),2012,Lieto,423,89.6,863
Breast (mammography),2023,Janakkala,165,81,876
Breast (mammography),2023,Sastamala,790,82.8,1385
Breast (mammography),2011,Multia,495,86.6,84
Breast (mammography),2010,Alavus,010,88,744
Breast (mammography),2017,Sastamala,790,85.6,1608
Breast (mammography),2021,Teuva,846,82.4,313
Breast (mammography),2024,Luhanka,435,88.9,40
Breast (mammography),2015,Sonkajärvi,762,90.4,319
Breast (mammography),2024,Kihniö,250,84.7,111
Breast (mammography),2012,Liperi,426,85.1,618
Breast (mammography),2015,Kitee,260,86.3,826
Breast (mammography),2011,Loviisa,434,85.2,877
Breast (mammography),2021,Forssa,061,85.2,1043
Breast (mammography),2019,Kuusamo,305,89.7,1102
Breast (mammography),2021,Veteli,924,86.8,184
Breast (mammography),2015,Teuva,846,83.3,343
Breast (mammography),2014,Pöytyä,636,85.7,450
Breast (mammography),2014,Turku,853,84,8042
Breast (mammography),2016,Enonkoski,046,83.6,97
Breast (mammography),2017,Mäntsälä,505,81.8,1127
Breast (mammography),2019,Nokia,536,84.4,1726
Breast (mammography),2022,Pedersören kunta,599,88.7,504
Breast (mammography),2024,Vöyri,946,87,335
Breast (mammography),2019,Masku,481,84.8,540
Breast (mammography),2020,Salo,734,83.4,3234
Breast (mammography),2017,Vehmaa,918,85.7,150
Breast (mammography),2013,Kuhmoinen,291,84.1,159
Breast (mammography),2018,Seinäjoki,743,86.2,3407
Breast (mammography),2020,Hämeenlinna,109,82.3,3753
Breast (mammography),2015,Kaavi,204,82.9,204
Breast (mammography),2015,Uusikaupunki,895,85.3,1095
Breast (mammography),2014,Pyhtää,624,89,309
Breast (mammography),2021,Mustasaari,499,87.3,1042
Breast (mammography),2016,Rääkkylä,707,79.8,166
Breast (mammography),2021,Parkano,581,83.1,359
Breast (mammography),2024,Tervo,844,82.8,111
Breast (mammography),2013,Kangasala,211,86.2,1596
Breast (mammography),2020,Kemijärvi,320,88.7,543
Breast (mammography),2023,Paimio,577,84.2,526
Breast (mammography),2023,Säkylä,783,89.2,431
Breast (mammography),2014,Salla,732,84.4,302
Breast (mammography),2017,Kustavi,304,82.8,77
Breast (mammography),2022,Kurikka,301,85.1,1148
Breast (mammography),2013,Ikaalinen,143,86.2,475
Breast (mammography),2020,Järvenpää,186,79.1,2337
Breast (mammography),2020,Uurainen,892,74.1,143
Breast (mammography),2012,Posio,614,88.8,254
Breast (mammography),2013,Outokumpu,309,84.3,456
Breast (mammography),2019,Alavus,010,86.7,651
Breast (mammography),2024,Halsua,074,86.1,62
Breast (mammography),2014,Pomarkku,608,84.8,128
Breast (mammography),2022,Hanko,078,79.8,498
Breast (mammography),2012,Ristijärvi,697,88.1,96
Breast (mammography),2017,Hartola,081,80.2,211
Breast (mammography),2024,Leppävirta,420,84.7,581
Breast (mammography),2018,Loppi,433,81.6,458
Breast (mammography),2020,Kotka,285,80.5,2993
Breast (mammography),2024,Sievi,746,87.4,221
Breast (mammography),2014,Säkylä,783,92.3,528
Breast (mammography),2022,Haapajärvi,069,83.2,377
Breast (mammography),2011,Laukaa,410,90.8,916
Breast (mammography),2018,Raahe,678,84.2,1365
Breast (mammography),2010,Eura,050,89.3,577
Breast (mammography),2018,Perho,584,82.5,146
Breast (mammography),2016,Sauvo,738,85.2,224
Breast (mammography),2014,Savukoski,742,74.2,72
Breast (mammography),2010,Keitele,239,87.7,136
Breast (mammography),2011,Kemijärvi,320,92.9,551
Breast (mammography),2018,Pyhäjoki,625,86.1,192
Breast (mammography),2012,Tuusula,858,83.2,2078
Breast (mammography),2015,Kihniö,250,87,154
Breast (mammography),2018,Salo,734,84.5,3313
Breast (mammography),2010,Pieksämäki,593,88.5,1057
Breast (mammography),2017,Pelkosenniemi,583,85.4,76
Breast (mammography),2016,Pudasjärvi,615,84.8,502
Breast (mammography),2024,Uusikaarlepyy,893,83.1,363
Breast (mammography),2020,Ylivieska,977,86.7,762
Breast (mammography),2010,Kangasniemi,213,88.3,288
Breast (mammography),2012,Suomussalmi,777,91.1,591
Breast (mammography),2022,Kivijärvi,265,83.8,67
Breast (mammography),2013,Marttila,480,84.9,101
Breast (mammography),2023,Polvijärvi,607,78.6,253
Breast (mammography),2024,Kitee,260,85.1,664
Breast (mammography),2016,Karijoki,218,84,100
Breast (mammography),2018,Sodankylä,758,84.8,559
Breast (mammography),2013,Puolanka,620,89.2,214
Breast (mammography),2011,Juva,178,87.8,390
Breast (mammography),2012,Oulainen,563,83.1,365
Breast (mammography),2020,Lapua,408,86.5,798
Breast (mammography),2012,Iisalmi,140,89.7,1567
Breast (mammography),2020,Multia,495,82.1,101
Breast (mammography),2024,Kankaanpää,214,83,772
Breast (mammography),2015,Keminmaa,241,83.8,545
Breast (mammography),2016,Toholampi,849,83.5,177
Breast (mammography),2017,Petäjävesi,592,87.2,224
Breast (mammography),2017,Saarijärvi,729,86,670
Breast (mammography),2018,Muhos,494,82.1,436
Breast (mammography),2024,Mäntyharju,507,76.7,396
Breast (mammography),2019,Puumala,623,80,156
Breast (mammography),2015,Ii,139,83.4,491
Breast (mammography),2023,Utsjoki,890,86.5,77
Breast (mammography),2019,Aura,019,82.6,213
Breast (mammography),2017,Espoo,049,73.2,12218
Breast (mammography),2012,Tammela,834,86.8,408
Breast (mammography),2023,Pöytyä,636,85.3,440
Breast (mammography),2013,Pedersören kunta,599,90.3,569
Breast (mammography),2017,Puolanka,620,87.3,213
Breast (mammography),2014,Orimattila,560,85.3,908
Breast (mammography),2022,Isokyrö,152,85.1,268
Breast (mammography),2015,Luhanka,435,88.9,48
Breast (mammography),2013,Lapinlahti,402,86.1,617
Breast (mammography),2019,Sysmä,781,80.2,247
Breast (mammography),2020,Keuruu,249,83.2,620
Breast (mammography),2024,Taipalsaari,831,85.1,297
Breast (mammography),2017,Kärsämäki,317,86.1,149
Breast (mammography),2018,Juuka,176,74.8,315
Breast (mammography),2017,Lemi,416,91.7,189
Breast (mammography),2018,Hollola,098,84.9,1501
Breast (mammography),2024,Laihia,399,83.7,386
Breast (mammography),2014,Hailuoto,072,78.1,57
Breast (mammography),2013,Rovaniemi,698,84,3538
Breast (mammography),2013,Savonlinna,740,85.4,2298
Breast (mammography),2016,Siikajoki,748,88.8,316
Breast (mammography),2018,Kokkola,272,85.2,2472
Breast (mammography),2020,Inari,148,81.4,442
Breast (mammography),2020,Utajärvi,889,84.2,160
Breast (mammography),2010,Siikalatva,791,88.3,263
Breast (mammography),2020,Reisjärvi,691,87.9,152
Breast (mammography),2013,Myrskylä,504,85.1,126
Breast (mammography),2016,Oulu,564,86,10021
Breast (mammography),2021,Pyhäranta,631,92,115
Breast (mammography),2024,Kolari,273,80.9,228
Breast (mammography),2011,Kaarina,202,87.8,1523
Breast (mammography),2012,Varkaus,915,92.1,1356
Breast (mammography),2020,Soini,759,87.9,138
Breast (mammography),2023,Kangasniemi,213,86.2,330
Breast (mammography),2013,Hyrynsalmi,105,88.9,169
Breast (mammography),2023,Pello,854,82.4,201
Breast (mammography),2022,Mänttä-Vilppula,508,79.4,587
Breast (mammography),2024,Merikarvia,484,80.5,165
Breast (mammography),2024,Pietarsaari,598,84.7,1010
Breast (mammography),2019,Lappajärvi,403,80.1,197
Breast (mammography),2012,Hausjärvi,086,81.9,488
Breast (mammography),2023,Siuntio,755,77.5,345
Breast (mammography),2021,Kontiolahti,276,88.6,843
Breast (mammography),2017,Luoto,440,83.8,197
Breast (mammography),2021,Joroinen,171,90.2,330
Breast (mammography),2019,Padasjoki,576,77.5,186
Breast (mammography),2017,Ilmajoki,145,85.9,663
Breast (mammography),2021,Miehikkälä,489,85.7,132
Breast (mammography),2013,Kerava,245,80.9,2070
Breast (mammography),2012,Kyyjärvi,312,88.8,79
Breast (mammography),2023,Eura,050,86.9,642
Breast (mammography),2019,Ähtäri,989,83.9,387
Breast (mammography),2012,Joutsa,172,88.3,272
Breast (mammography),2014,Kirkkonummi,257,77.2,1719
Breast (mammography),2024,Ruovesi,702,80.3,236
Breast (mammography),2024,Jokioinen,169,82.3,307
Breast (mammography),2012,Nurmes,541,86.2,651
Breast (mammography),2024,Pyhäjärvi,626,87.3,276
Breast (mammography),2018,Paltamo,578,84.4,222
Breast (mammography),2020,Evijärvi,052,82.8,140
Breast (mammography),2013,Toivakka,850,85.8,115
Breast (mammography),2013,Haapavesi,071,85.8,382
Breast (mammography),2016,Huittinen,102,89.1,713
Breast (mammography),2010,Punkalaidun,619,84.6,154
Breast (mammography),2024,Järvenpää,186,81.2,2378
Breast (mammography),2021,Tohmajärvi,848,79.7,282
Breast (mammography),2015,Alavus,010,84.5,689
Breast (mammography),2017,Kaskinen,231,82.3,116
Breast (mammography),2019,Kitee,260,84.6,765
Breast (mammography),2015,Vantaa,092,75.9,10424
Breast (mammography),2024,Kemiönsaari,322,76,355
Breast (mammography),2020,Juuka,176,68.8,273
Breast (mammography),2018,Säkylä,783,86.8,473
Breast (mammography),2019,Sipoo,753,81,2280
Breast (mammography),2015,Siilinjärvi,749,86.9,1283
Breast (mammography),2016,Muhos,494,83.6,438
Breast (mammography),2018,Kankaanpää,214,82.8,879
Breast (mammography),2011,Petäjävesi,592,88.5,208
Breast (mammography),2015,Isojoki,151,79,124
Breast (mammography),2013,Urjala,887,76.9,286
Breast (mammography),2020,Sauvo,738,83.3,210
Breast (mammography),2010,Parkano,581,86.3,359
Breast (mammography),2023,Lieksa,422,86.1,691
Breast (mammography),2010,Enonkoski,046,90.3,84
Breast (mammography),2022,Inari,148,83.1,447
Breast (mammography),2013,Jyväskylä,179,86.8,6817
Breast (mammography),2011,Uusikaupunki,895,89,978
Breast (mammography),2012,Siikalatva,791,83.3,333
Breast (mammography),2022,Padasjoki,576,85,182
Breast (mammography),2019,Mänttä-Vilppula,508,83.7,617
Breast (mammography),2022,Alajärvi,005,86.6,586
Breast (mammography),2024,Vantaa,092,76.4,10473
Breast (mammography),2023,Konnevesi,275,86.9,146
Breast (mammography),2015,Somero,761,87.2,591
Breast (mammography),2016,Pietarsaari,598,87.2,1111
Breast (mammography),2018,Juupajoki,177,79.7,114
Breast (mammography),2012,Soini,759,85.4,140
Breast (mammography),2018,Hanko,078,80.4,547
Breast (mammography),2018,Siikainen,747,85.2,92
Breast (mammography),2017,Eurajoki,051,89.1,566
Breast (mammography),2022,Enontekiö,047,77.6,111
Breast (mammography),2024,Pyhäjoki,625,83.3,155
Breast (mammography),2017,Miehikkälä,489,80.5,128
Breast (mammography),2014,Loppi,433,80.5,447
Breast (mammography),2010,Karkkila,224,81.1,403
Breast (mammography),2015,Järvenpää,186,79.8,2371
Breast (mammography),2021,Vesilahti,922,81.7,237
Breast (mammography),2010,Mänttä-Vilppula,508,89,616
Breast (mammography),2012,Kiuruvesi,263,85.7,571
Breast (mammography),2014,Konnevesi,275,86.2,200
Breast (mammography),2015,Kivijärvi,265,87.9,80
Breast (mammography),2018,Kristiinankaupunki,287,86.4,437
Breast (mammography),2011,Sauvo,738,84.8,140
Breast (mammography),2023,Orivesi,562,80.5,519
Breast (mammography),2011,Vieremä,925,89.2,256
Breast (mammography),2017,Pyhäranta,631,86.8,125
Breast (mammography),2014,Keitele,239,83.9,156
Breast (mammography),2017,Haapajärvi,069,85.6,452
Breast (mammography),2020,Petäjävesi,592,70.9,173
Breast (mammography),2023,Joensuu,167,84.2,3854
Breast (mammography),2013,Kannus,217,84.4,320
Breast (mammography),2022,Kittilä,261,83.7,380
Breast (mammography),2014,Kangasniemi,213,86.7,370
Breast (mammography),2022,Lappajärvi,403,82.2,166
Breast (mammography),2022,Halsua,074,83.6,61
Breast (mammography),2019,Kruunupyy,288,84.9,353
Breast (mammography),2018,Mustasaari,499,86.6,1024
Breast (mammography),2012,Alavieska,009,90.5,143
Breast (mammography),2015,Sysmä,781,75.1,259
Breast (mammography),2012,Siikajoki,748,82.5,264
Breast (mammography),2021,Lumijoki,436,79.8,83
Breast (mammography),2023,Äänekoski,992,87.2,1140
Breast (mammography),2020,Ilmajoki,145,85.2,633
Breast (mammography),2010,Juva,178,88.8,350
Breast (mammography),2014,Lieksa,422,88.2,893
Breast (mammography),2020,Kolari,273,78.1,242
Breast (mammography),2021,Kokemäki,271,85.1,457
Breast (mammography),2018,Varkaus,915,90.4,1522
Breast (mammography),2021,Siikalatva,791,85.5,313
Breast (mammography),2011,Juuka,176,81.9,397
Breast (mammography),2014,Akaa,020,82.9,981
Breast (mammography),2017,Tornio,851,81.6,1237
Breast (mammography),2011,Sulkava,768,87.3,172
Breast (mammography),2018,Parikkala,580,84.3,371
Breast (mammography),2019,Pelkosenniemi,583,77.8,70
Breast (mammography),2020,Lestijärvi,421,86.5,45
Breast (mammography),2013,Enontekiö,047,77.3,116
Breast (mammography),2023,Akaa,020,79.2,828
Breast (mammography),2011,Sievi,746,87.9,211
Breast (mammography),2016,Utajärvi,889,84.3,172
Breast (mammography),2024,Sysmä,781,80.1,237
Breast (mammography),2020,Oulu,564,84.1,9755
Breast (mammography),2013,Halsua,074,85.7,72
Breast (mammography),2015,Lahti,398,83.1,7131
Breast (mammography),2016,Rovaniemi,698,84.4,3528
Breast (mammography),2016,Paimio,577,86,653
Breast (mammography),2013,Kittilä,261,86.2,362
Breast (mammography),2024,Virrat,936,82.3,349
Breast (mammography),2018,Suomussalmi,777,88.7,621
Breast (mammography),2019,Kannonkoski,216,82.5,80
Breast (mammography),2024,Alavus,010,84.5,587
Breast (mammography),2019,Punkalaidun,619,84.1,175
Breast (mammography),2016,Iitti,142,80.2,425
Breast (mammography),2010,Tervo,844,84.8,84
Breast (mammography),2016,Mikkeli,491,86.2,3556
Breast (mammography),2012,Huittinen,102,88.4,579
Breast (mammography),2012,Rautalampi,686,81.7,174
Breast (mammography),2014,Kaavi,204,84.3,193
Breast (mammography),2016,Viitasaari,931,87.2,468
Breast (mammography),2017,Kurikka,301,87,1435
Breast (mammography),2019,Liminka,425,80.5,313
Breast (mammography),2020,Vieremä,925,85.7,228
Breast (mammography),2023,Karvia,230,83.9,125
Breast (mammography),2016,Savukoski,742,68.9,71
Breast (mammography),2014,Sotkamo,765,84.4,659
Breast (mammography),2021,Mäntyharju,507,80.5,461
Breast (mammography),2014,Joensuu,167,86.7,4139
Breast (mammography),2016,Valkeakoski,908,81.7,1204
Breast (mammography),2015,Merijärvi,483,92.4,73
Breast (mammography),2020,Riihimäki,694,80.9,1681
Breast (mammography),2014,Laihia,399,81.8,410
Breast (mammography),2019,Kangasniemi,213,84.6,351
Breast (mammography),2010,Imatra,153,87.5,1351
Breast (mammography),2014,Orivesi,562,79,569
Breast (mammography),2020,Uusikaupunki,895,82.8,943
Breast (mammography),2022,Jyväskylä,179,85.1,6641
Breast (mammography),2024,Kouvola,286,83.6,4617
Breast (mammography),2020,Naantali,529,80.8,1276
Breast (mammography),2024,Siilinjärvi,749,87.7,1209
Breast (mammography),2015,Kemiönsaari,322,81.7,455
Breast (mammography),2013,Rauma,684,86.6,2275
Breast (mammography),2022,Pielavesi,595,86.9,273
Breast (mammography),2015,Pyhäjoki,625,88.2,202
Breast (mammography),2024,Salla,732,78.1,193
Breast (mammography),2024,Kivijärvi,265,88.4,61
Breast (mammography),2016,Kauhava,233,82.6,1008
Breast (mammography),2024,Hankasalmi,077,84.6,269
Breast (mammography),2015,Ähtäri,989,85,449
Breast (mammography),2022,Ylitornio,976,79.3,253
Breast (mammography),2012,Hämeenlinna,109,82.8,3246
Breast (mammography),2022,Tervola,845,75.8,147
Breast (mammography),2021,Kuhmoinen,291,83.7,139
Breast (mammography),2024,Mäntsälä,505,80.8,1144
Breast (mammography),2024,Lahti,398,82.8,6302
Breast (mammography),2017,Utsjoki,890,81.3,74
Breast (mammography),2023,Helsinki,091,72.4,27462
Breast (mammography),2020,Kirkkonummi,257,75.3,2007
Breast (mammography),2019,Juva,178,81.8,401
Breast (mammography),2023,Askola,018,79.4,243
Breast (mammography),2020,Somero,761,78.8,497
Breast (mammography),2023,Lapinlahti,402,85,597
Breast (mammography),2012,Jämijärvi,181,87.8,108
Breast (mammography),2017,Taipalsaari,831,88.1,311
Breast (mammography),2012,Uurainen,892,90.5,143
Breast (mammography),2023,Pomarkku,608,85.8,127
Breast (mammography),2021,Alavieska,009,86.5,141
Breast (mammography),2012,Taivassalo,833,85.5,106
Breast (mammography),2019,Suomussalmi,777,88.2,607
Breast (mammography),2023,Kaavi,204,85.9,176
Breast (mammography),2022,Kemi,240,78.9,1161
Breast (mammography),2024,Kokkola,272,86.2,2279
Breast (mammography),2024,Rautavaara,687,79.6,82
Breast (mammography),2011,Pudasjärvi,615,86.6,470
Breast (mammography),2015,Mäntsälä,505,84.6,1134
Breast (mammography),2017,Keuruu,249,83,674
Breast (mammography),2014,Tampere,837,82.5,11647
Breast (mammography),2011,Naantali,529,87.7,1474
Breast (mammography),2017,Kontiolahti,276,88.9,829
Breast (mammography),2014,Vaala,785,81.3,178
Breast (mammography),2011,Oulu,564,86.9,7922
Breast (mammography),2011,Riihimäki,694,85,1628
Breast (mammography),2016,Tohmajärvi,848,80.7,314
Breast (mammography),2021,Pyhtää,624,84.5,315
Breast (mammography),2013,Kemi,240,82.5,1321
Breast (mammography),2014,Pukkila,616,86.1,99
Breast (mammography),2017,Loviisa,434,83.4,973
Breast (mammography),2014,Savitaipale,739,84.1,206
Breast (mammography),2011,Ilmajoki,145,87.2,674
Breast (mammography),2023,Kuortane,300,88.5,207
Breast (mammography),2018,Janakkala,165,83,967
Breast (mammography),2021,Kerava,245,78.7,1833
Breast (mammography),2019,Muurame,500,85.7,562
Breast (mammography),2020,Posio,614,85.6,244
Breast (mammography),2019,Harjavalta,079,85.3,429
Breast (mammography),2022,Rauma,684,83.7,2168
Breast (mammography),2024,Loimaa,430,80.4,844
Breast (mammography),2010,Pirkkala,604,89,646
Breast (mammography),2018,Simo,751,84.4,222
Breast (mammography),2020,Tammela,834,85.5,394
Breast (mammography),2011,Kaustinen,236,88.6,218
Breast (mammography),2021,Jämijärvi,181,84.3,107
Breast (mammography),2020,Sulkava,768,71.6,154
Breast (mammography),2010,Suonenjoki,778,90.8,356
Breast (mammography),2015,Kolari,273,83.8,254
Breast (mammography),2020,Kangasala,211,80.3,1621
Breast (mammography),2018,Pedersören kunta,599,88.3,535
Breast (mammography),2018,Ylöjärvi,980,81.5,1696
Breast (mammography),2010,Kannonkoski,216,91,71
Breast (mammography),2013,Kempele,244,85.5,720
Breast (mammography),2019,Keitele,239,85.7,168
Breast (mammography),2022,Vihti,927,80,1598
Breast (mammography),2016,Vimpeli,934,88.3,197
Breast (mammography),2012,Joroinen,171,85.7,276
Breast (mammography),2021,Kiuruvesi,263,83.5,485
Breast (mammography),2020,Kauniainen,235,72.2,454
Breast (mammography),2016,Kinnula,256,85.2,109
Breast (mammography),2018,Eura,050,86.7,755
Breast (mammography),2021,Myrskylä,504,79.3,115
Breast (mammography),2014,Ilomantsi,146,84,425
Breast (mammography),2015,Jämsä,182,85.3,1402
Breast (mammography),2017,Tuusniemi,857,81.3,183
Breast (mammography),2013,Inari,148,81.7,430
Breast (mammography),2015,Virrat,936,86.6,504
Breast (mammography),2018,Äänekoski,992,87.2,1221
Breast (mammography),2019,Maalahti,475,83.3,289
Breast (mammography),2024,Toholampi,849,83,156
Breast (mammography),2014,Aura,019,83.6,199
Breast (mammography),2019,Imatra,153,83.6,1651
Breast (mammography),2017,Pori,609,85.8,5096
Breast (mammography),2015,Humppila,103,88.6,164
Breast (mammography),2018,Polvijärvi,607,85.3,289
Breast (mammography),2019,Ypäjä,981,78.6,143
Breast (mammography),2024,Pihtipudas,601,81.1,227
Breast (mammography),2022,Urjala,887,71.5,231
Breast (mammography),2011,Heinola,111,85.3,1474
Breast (mammography),2016,Ruovesi,702,85.3,313
Breast (mammography),2019,Enonkoski,046,79,83
Breast (mammography),2024,Merijärvi,483,84.2,48
Breast (mammography),2021,Huittinen,102,81.9,570
Breast (mammography),2014,Karvia,230,85,153
Breast (mammography),2010,Hyvinkää,106,84.2,2592
Breast (mammography),2021,Karijoki,218,86,74
Breast (mammography),2010,Tornio,851,86.6,1070
Breast (mammography),2010,Lemi,416,93.5,144
Breast (mammography),2010,Nurmijärvi,543,80.2,1878
Breast (mammography),2011,Sonkajärvi,762,90.6,329
Breast (mammography),2012,Porvoo,638,82.5,2899
Breast (mammography),2010,Rääkkylä,707,84.7,133
Breast (mammography),2021,Virolahti,935,82.3,205
Breast (mammography),2010,Pelkosenniemi,583,71.6,48
Breast (mammography),2017,Karkkila,224,80.3,522
Breast (mammography),2013,Padasjoki,576,80.8,223
Breast (mammography),2024,Jämijärvi,181,92.5,99
Breast (mammography),2011,Lestijärvi,421,83.3,45
Breast (mammography),2023,Pyhäntä,630,83,73
Breast (mammography),2017,Kajaani,205,83.5,2243
Breast (mammography),2012,Reisjärvi,691,86.8,125
Breast (mammography),2010,Kemi,240,87.1,1089
Breast (mammography),2017,Siuntio,755,73.6,312
Breast (mammography),2017,Jokioinen,169,83.1,360
Breast (mammography),2023,Loppi,433,79.3,448
Breast (mammography),2022,Liperi,426,84.4,712
Breast (mammography),2018,Liminka,425,84.2,320
Breast (mammography),2021,Taivalkoski,832,85.4,257
Breast (mammography),2010,Sipoo,753,77.6,756
Breast (mammography),2012,Vesilahti,922,82.6,200
Breast (mammography),2017,Pello,854,88.3,286
Breast (mammography),2019,Hailuoto,072,78.1,57
Breast (mammography),2019,Toivakka,850,83.1,128
Breast (mammography),2012,Lumijoki,436,85.5,71
Breast (mammography),2017,Tampere,837,82,11383
Breast (mammography),2019,Pieksämäki,593,83.9,1250
Breast (mammography),2021,Siikajoki,748,81.8,260
Breast (mammography),2023,Merikarvia,484,83.4,176
Breast (mammography),2010,Hanko,078,85.4,486
Breast (mammography),2018,Kitee,260,88.8,844
Breast (mammography),2020,Ilomantsi,146,83.6,352
Breast (mammography),2018,Sipoo,753,81,1140
Breast (mammography),2010,Siikainen,747,87.5,77
Breast (mammography),2012,Loimaa,430,85.7,1068
Breast (mammography),2010,Juupajoki,177,80.6,79
Breast (mammography),2017,Lempäälä,418,83.6,1113
Breast (mammography),2014,Heinävesi,090,86.3,290
Breast (mammography),2021,Humppila,103,82.8,125
Breast (mammography),2016,Haapavesi,071,81.4,395
Breast (mammography),2024,Janakkala,165,84.4,920
Breast (mammography),2022,Pieksämäki,593,84.4,1157
Breast (mammography),2011,Kuusamo,305,89.9,930
Breast (mammography),2022,Hirvensalmi,097,83.2,159
Breast (mammography),2021,Leppävirta,420,87.5,652
Breast (mammography),2024,Virolahti,935,81.5,185
Breast (mammography),2010,Marttila,480,88.3,98
Breast (mammography),2012,Kuhmo,290,87.3,549
Breast (mammography),2020,Joutsa,172,83.3,279
Breast (mammography),2016,Ikaalinen,143,83.2,504
Breast (mammography),2016,Ruokolahti,700,83,380
Breast (mammography),2019,Kankaanpää,214,83.6,842
Breast (mammography),2021,Ii,139,81,470
Breast (mammography),2015,Ylöjärvi,980,85.8,1744
Breast (mammography),2022,Lappeenranta,405,85.4,4001
Breast (mammography),2021,Sodankylä,758,85,516
Breast (mammography),2018,Hyrynsalmi,105,83.8,171
Breast (mammography),2011,Joutsa,172,86,271
Breast (mammography),2014,Kaarina,202,85.1,1710
Breast (mammography),2022,Muurame,500,87.9,567
Breast (mammography),2015,Salo,734,84.1,3342
Breast (mammography),2014,Keuruu,249,83.4,646
Breast (mammography),2020,Veteli,924,85.8,187
Breast (mammography),2015,Janakkala,165,87.2,1064
Breast (mammography),2021,Uusikaarlepyy,893,85,381
Breast (mammography),2016,Teuva,846,87.9,363
Breast (mammography),2019,Liperi,426,88,738
Breast (mammography),2014,Sonkajärvi,762,81.9,289
Breast (mammography),2018,Ähtäri,989,83.7,365
Breast (mammography),2017,Ristijärvi,697,72.8,91
Breast (mammography),2014,Lapinjärvi,407,79.5,171
Breast (mammography),2023,Savonlinna,740,81.9,1968
Breast (mammography),2014,Laitila,400,86.8,545
Breast (mammography),2019,Juupajoki,177,79.1,106
Breast (mammography),2023,Keuruu,249,83.9,558
Breast (mammography),2013,Muurame,500,90.6,549
Breast (mammography),2023,Outokumpu,309,76.7,339
Breast (mammography),2020,Nakkila,531,80.4,295
Breast (mammography),2017,Turku,853,81.7,10436
Breast (mammography),2023,Pudasjärvi,615,85.9,437
Breast (mammography),2016,Kemijärvi,320,89,631
Breast (mammography),2013,Ranua,683,84.4,254
Breast (mammography),2023,Kaarina,202,83.4,1825
Breast (mammography),2012,Pornainen,611,85.4,245
Breast (mammography),2024,Ylöjärvi,980,84.7,1783
Breast (mammography),2013,Lappeenranta,405,86.8,3668
Breast (mammography),2019,Kemi,240,79.3,1250
Breast (mammography),2012,Taivalkoski,832,87.4,229
Breast (mammography),2012,Humppila,103,84.1,169
Breast (mammography),2010,Tervola,845,86.5,134
Breast (mammography),2012,Rautavaara,687,81.2,95
Breast (mammography),2013,Paimio,577,80,581
Breast (mammography),2016,Inkoo,149,79.2,343
Breast (mammography),2015,Jämijärvi,181,83,127
Breast (mammography),2013,Ulvila,886,87.5,779
Breast (mammography),2010,Parikkala,580,85.2,306
Breast (mammography),2015,Nurmes,541,84.3,770
Breast (mammography),2022,Ranua,683,82.3,214
Breast (mammography),2012,Kuopio,297,82.6,6480
Breast (mammography),2011,Vaala,785,91,212
Breast (mammography),2020,Sonkajärvi,762,83.1,256
Breast (mammography),2015,Parainen,445,83.5,938
Breast (mammography),2020,Kuopio,297,83.9,6638
Breast (mammography),2024,Siikajoki,748,87.3,275
Breast (mammography),2011,Nokia,536,89.2,1836
Breast (mammography),2022,Aura,019,84,237
Breast (mammography),2016,Nivala,535,86.5,570
Breast (mammography),2022,Kruunupyy,288,87.2,334
Breast (mammography),2012,Mynämäki,503,86.1,528
Breast (mammography),2022,Teuva,846,83.3,280
Breast (mammography),2010,Puolanka,620,91.5,183
Breast (mammography),2013,Liperi,426,90,734
Breast (mammography),2017,Evijärvi,052,80.1,133
Breast (mammography),2018,Mäntsälä,505,83.2,1172
Breast (mammography),2020,Kuusamo,305,86.5,1027
Breast (mammography),2024,Pyhtää,624,83.3,289
Breast (mammography),2020,Forssa,061,83.4,1001
Breast (mammography),2011,Nakkila,531,90.2,295
Breast (mammography),2015,Oripää,561,91,81
Breast (mammography),2013,Koski Tl,284,85.9,140
Breast (mammography),2018,Kouvola,286,86,5515
Breast (mammography),2011,Ilomantsi,146,90.5,457
Breast (mammography),2014,Merikarvia,484,86.7,196
Breast (mammography),2014,Pyhäjärvi,626,83.3,355
Breast (mammography),2024,Nurmes,541,84.1,568
Breast (mammography),2023,Oripää,561,87.7,71
Breast (mammography),2024,Ähtäri,989,84.4,292
Breast (mammography),2021,Kokkola,272,85.1,2494
Breast (mammography),2023,Salo,734,81.9,2981
Breast (mammography),2022,Paimio,577,82.3,591
Breast (mammography),2019,Parainen,445,83,883
Breast (mammography),2018,Parkano,581,80.8,421
Breast (mammography),2018,Toivakka,850,83.4,141
Breast (mammography),2024,Varkaus,915,87.5,1272
Breast (mammography),2015,Kokkola,272,86,2794
Breast (mammography),2012,Vehmaa,918,81,124
Breast (mammography),2019,Kärkölä,316,74.9,259
Breast (mammography),2018,Juva,178,85.6,434
Breast (mammography),2015,Polvijärvi,607,85.6,352
Breast (mammography),2022,Pälkäne,635,78.5,365
Breast (mammography),2018,Rantasalmi,681,81.3,260
Breast (mammography),2010,Raasepori,710,83,1270
Breast (mammography),2022,Enonkoski,046,81.7,76
Breast (mammography),2024,Orimattila,560,80.3,919
Breast (mammography),2021,Merijärvi,483,90.2,55
Breast (mammography),2018,Muonio,498,81.6,142
Breast (mammography),2012,Saarijärvi,729,84.1,562
Breast (mammography),2012,Asikkala,016,84.4,597
Breast (mammography),2012,Isokyrö,152,84,231
Breast (mammography),2019,Alajärvi,005,86.5,584
Breast (mammography),2019,Inari,148,84,463
Breast (mammography),2019,Nurmijärvi,543,73.4,2047
Breast (mammography),2017,Joensuu,167,86.5,4410
Breast (mammography),2019,Enontekiö,047,77.2,125
Breast (mammography),2021,Lohja,444,81.4,2710
Breast (mammography),2017,Sodankylä,758,86.9,595
Breast (mammography),2023,Jokioinen,169,83.5,309
Breast (mammography),2018,Lemi,416,85.4,176
Breast (mammography),2020,Lieksa,422,85.2,792
Breast (mammography),2015,Kyyjärvi,312,88.5,100
Breast (mammography),2013,Enonkoski,046,80.5,95
Breast (mammography),2010,Toivakka,850,87.4,111
Breast (mammography),2015,Siikalatva,791,83.9,350
Breast (mammography),2017,Iisalmi,140,87,1429
Breast (mammography),2021,Kivijärvi,265,86.6,71
Breast (mammography),2020,Nokia,536,82.5,1787
Breast (mammography),2018,Laukaa,410,86.3,1025
Breast (mammography),2013,Muhos,494,85.2,425
Breast (mammography),2019,Pirkkala,604,84.2,984
Breast (mammography),2022,Vimpeli,934,83.1,162
Breast (mammography),2013,Imatra,153,84.3,1681
Breast (mammography),2013,Pöytyä,636,87.8,455
Breast (mammography),2021,Mynämäki,503,83.4,471
Breast (mammography),2010,Kärkölä,316,83.5,288
Breast (mammography),2024,Kyyjärvi,312,87.5,70
Breast (mammography),2017,Lieto,423,86.4,1041
Breast (mammography),2015,Toholampi,849,86.9,199
Breast (mammography),2012,Kuhmoinen,291,83.6,138
Breast (mammography),2014,Sulkava,768,85.8,182
Breast (mammography),2024,Siikalatva,791,82.3,274
Breast (mammography),2023,Loviisa,434,81.8,875
Breast (mammography),2015,Hankasalmi,077,85.9,329
Breast (mammography),2018,Hyvinkää,106,81.5,2664
Breast (mammography),2015,Pyhtää,624,88.9,361
Breast (mammography),2018,Sysmä,781,83.3,270
Breast (mammography),2012,Vesanto,921,86.1,130
Breast (mammography),2020,Vaala,785,79.4,166
Breast (mammography),2011,Kirkkonummi,257,69.3,1347
Breast (mammography),2016,Kustavi,304,71.4,60
Breast (mammography),2022,Pöytyä,636,80.7,413
Breast (mammography),2015,Salla,732,80.4,254
Breast (mammography),2010,Simo,751,90.3,196
Breast (mammography),2024,Polvijärvi,607,80.2,215
Breast (mammography),2020,Akaa,020,79.5,897
Breast (mammography),2022,Parkano,581,81.4,373
Breast (mammography),2017,Vaasa,905,85.4,3419
Breast (mammography),2024,Säkylä,783,86.6,420
Breast (mammography),2021,Reisjärvi,691,85.6,155
Breast (mammography),2021,Isokyrö,152,85.1,257
Breast (mammography),2017,Rautjärvi,689,84.3,253
Breast (mammography),2014,Pyhäntä,630,89,113
Breast (mammography),2023,Laihia,399,81.2,384
Breast (mammography),2021,Järvenpää,186,72.2,2156
Breast (mammography),2015,Orimattila,560,82.6,973
Breast (mammography),2021,Uurainen,892,84.3,172
Breast (mammography),2017,Karstula,226,86,289
Breast (mammography),2011,Lieksa,422,87.9,787
Breast (mammography),2015,Varkaus,915,88.8,1582
Breast (mammography),2017,Kuortane,300,88.2,239
Breast (mammography),2014,Petäjävesi,592,84.9,197
Breast (mammography),2023,Haapajärvi,069,82.1,366
Breast (mammography),2012,Myrskylä,504,84.6,99
Breast (mammography),2020,Luumäki,441,80.5,302
Breast (mammography),2013,Savukoski,742,79.8,83
Breast (mammography),2017,Kalajoki,208,85.5,740
Breast (mammography),2018,Pelkosenniemi,583,81.1,60
Breast (mammography),2016,Nousiainen,538,85.9,287
Breast (mammography),2021,Soini,759,90.2,129
Breast (mammography),2023,Lapinjärvi,407,78,145
Breast (mammography),2010,Halsua,074,90.4,66
Breast (mammography),2011,Hailuoto,072,91.8,56
Breast (mammography),2012,Uusikaarlepyy,893,87.3,413
Breast (mammography),2023,Tampere,837,83,11053
Breast (mammography),2013,Viitasaari,931,89.9,487
Breast (mammography),2014,Vihti,927,78.7,1409
Breast (mammography),2011,Keitele,239,91.6,175
Breast (mammography),2022,Kangasniemi,213,84.5,338
Breast (mammography),2016,Luoto,440,91.3,211
Breast (mammography),2019,Rääkkylä,707,79.9,143
Breast (mammography),2023,Kolari,273,78.9,209
Breast (mammography),2012,Luhanka,435,90.5,38
Breast (mammography),2017,Perho,584,82.9,141
Breast (mammography),2021,Kempele,244,86.9,877
Breast (mammography),2019,Suonenjoki,778,86.9,485
Breast (mammography),2021,Siilinjärvi,749,87.7,1275
Breast (mammography),2021,Kuhmo,290,86.6,580
Breast (mammography),2010,Pedersören kunta,599,90.4,478
Breast (mammography),2016,Pihtipudas,601,82.7,283
Breast (mammography),2012,Ii,139,84.5,386
Breast (mammography),2017,Kauhajoki,232,84,815
Breast (mammography),2016,Kauniainen,235,76.4,931
Breast (mammography),2019,Tervo,844,83.5,106
Breast (mammography),2010,Maalahti,475,87.1,296
Breast (mammography),2012,Mäntyharju,507,85.2,477
Breast (mammography),2021,Evijärvi,052,85.2,127
Breast (mammography),2011,Oulainen,563,87.7,428
Breast (mammography),2014,Helsinki,091,76.6,31181
Breast (mammography),2023,Pyhäjärvi,626,84.5,294
Breast (mammography),2024,Isojoki,151,83.8,119
Breast (mammography),2013,Hirvensalmi,097,85,159
Breast (mammography),2021,Rautalampi,686,83,190
Breast (mammography),2023,Savitaipale,739,83.1,201
Breast (mammography),2018,Kannonkoski,216,82.6,95
Breast (mammography),2016,Hamina,075,86.6,1412
Breast (mammography),2020,Porvoo,638,83.7,2967
Breast (mammography),2017,Pomarkku,608,87,141
Breast (mammography),2021,Hämeenlinna,109,83.7,4028
Breast (mammography),2019,Hanko,078,80.7,499
Breast (mammography),2017,Hämeenkyrö,108,81.7,621
Breast (mammography),2010,Kitee,260,90,664
Breast (mammography),2011,Veteli,924,89.4,195
Breast (mammography),2022,Ulvila,886,87.4,708
Breast (mammography),2013,Ylitornio,976,86.1,298
Breast (mammography),2020,Taivassalo,833,84.4,108
Breast (mammography),2018,Espoo,049,72.5,12187
Breast (mammography),2023,Pori,609,85.5,4535
Breast (mammography),2022,Kannus,217,83.3,295
Breast (mammography),2012,Kerava,245,80,2059
Breast (mammography),2011,Posio,614,91.1,255
Breast (mammography),2010,Kankaanpää,214,88,738
Breast (mammography),2014,Lapinlahti,402,86.5,587
Breast (mammography),2010,Harjavalta,079,92.6,386
Breast (mammography),2011,Tammela,834,88.7,418
Breast (mammography),2012,Somero,761,86.3,460
Breast (mammography),2020,Kaustinen,236,87.5,237
Breast (mammography),2023,Heinävesi,090,79.2,190
Breast (mammography),2014,Outokumpu,309,82.2,435
Breast (mammography),2013,Pieksämäki,593,85.6,1277
Breast (mammography),2015,Siikajoki,748,81.1,301
Breast (mammography),2015,Kiuruvesi,263,86.8,553
Breast (mammography),2012,Leppävirta,420,82.5,544
Breast (mammography),2016,Rusko,704,89.9,374
Breast (mammography),2014,Savonlinna,740,85.6,2258
Breast (mammography),2024,Tohmajärvi,848,76.2,227
Breast (mammography),2017,Loppi,433,82.4,486
Breast (mammography),2014,Askola,018,84.2,283
Breast (mammography),2016,Keminmaa,241,83.8,534
Breast (mammography),2015,Virolahti,935,83.8,233
Breast (mammography),2023,Pukkila,616,78.3,119
Breast (mammography),2021,Rautjärvi,689,84.6,230
Breast (mammography),2014,Tammela,834,87.8,423
Breast (mammography),2015,Huittinen,102,86.6,683
Breast (mammography),2015,Rautalampi,686,83.6,234
Breast (mammography),2018,Toholampi,849,84.2,171
Breast (mammography),2016,Nokia,536,83.6,1840
Breast (mammography),2013,Tohmajärvi,848,81.8,332
Breast (mammography),2012,Kärsämäki,317,81.1,137
Breast (mammography),2010,Rauma,684,88.9,1958
Breast (mammography),2021,Jämsä,182,84.6,1238
Breast (mammography),2024,Kerava,245,79,1850
Breast (mammography),2011,Lapinlahti,402,86.3,552
Breast (mammography),2017,Laihia,399,82.2,433
Breast (mammography),2021,Hartola,081,86.8,191
Breast (mammography),2012,Mäntsälä,505,85.4,1127
Breast (mammography),2016,Lappajärvi,403,83.1,202
Breast (mammography),2013,Keminmaa,241,87.4,536
Breast (mammography),2015,Hyvinkää,106,82.9,2802
Breast (mammography),2014,Iisalmi,140,85.4,1463
Breast (mammography),2015,Lemi,416,91.5,193
Breast (mammography),2020,Helsinki,091,72.7,28993
Breast (mammography),2020,Kauhava,233,84.6,924
Breast (mammography),2011,Pukkila,616,82.2,88
Breast (mammography),2010,Rantasalmi,681,83.6,204
Breast (mammography),2019,Kyyjärvi,312,88.1,89
Breast (mammography),2023,Naantali,529,83,1265
Breast (mammography),2020,Pukkila,616,78.1,100
Breast (mammography),2012,Lahti,398,85.4,7388
Breast (mammography),2014,Oulu,564,86.4,9032
Breast (mammography),2012,Hartola,081,84.3,194
Breast (mammography),2021,Lahti,398,82.8,6440
Breast (mammography),2022,Raahe,678,85.4,1257
Breast (mammography),2011,Nivala,535,84.5,481
Breast (mammography),2015,Kokemäki,271,87.9,530
Breast (mammography),2017,Tuusula,858,75.4,2020
Breast (mammography),2024,Mynämäki,503,77.4,410
Breast (mammography),2018,Liperi,426,86.5,778
Breast (mammography),2020,Hausjärvi,086,81.5,503
Breast (mammography),2017,Akaa,020,79.1,890
Breast (mammography),2019,Halsua,074,81,64
Breast (mammography),2021,Kärsämäki,317,84,142
Breast (mammography),2013,Nousiainen,538,85.4,258
Breast (mammography),2023,Heinola,111,83.6,1216
Breast (mammography),2018,Marttila,480,73.1,106
Breast (mammography),2013,Hollola,098,86.7,1556
Breast (mammography),2016,Kirkkonummi,257,77.9,1977
Breast (mammography),2011,Kangasniemi,213,86.3,315
Breast (mammography),2024,Rautalampi,686,87.3,192
Breast (mammography),2024,Huittinen,102,75.3,493
Breast (mammography),2020,Mikkeli,491,83.9,3227
Breast (mammography),2013,Rusko,704,90.4,367
Breast (mammography),2022,Tervo,844,85.4,123
Breast (mammography),2017,Hämeenlinna,109,82.7,4082
Breast (mammography),2021,Sysmä,781,82.4,248
Breast (mammography),2010,Kyyjärvi,312,92.5,74
Breast (mammography),2024,Nurmijärvi,543,78.1,2277
Breast (mammography),2021,Mäntsälä,505,83.2,1125
Breast (mammography),2021,Ähtäri,989,86.1,371
Breast (mammography),2017,Taivalkoski,832,85.5,277
Breast (mammography),2015,Kerava,245,77.6,1970
Breast (mammography),2015,Toivakka,850,85.6,143
Breast (mammography),2024,Hyvinkää,106,80.2,2521
Breast (mammography),2023,Pyhäranta,631,92.4,110
Breast (mammography),2010,Nurmes,541,87.4,592
Breast (mammography),2012,Rautjärvi,689,87.2,246
Breast (mammography),2018,Kivijärvi,265,81.2,69
Breast (mammography),2012,Karstula,226,93.2,259
Breast (mammography),2016,Kemi,240,81.4,1357
Breast (mammography),2018,Raasepori,710,80.9,1625
Breast (mammography),2012,Taipalsaari,831,88.9,265
Breast (mammography),2010,Isokyrö,152,84.2,245
Breast (mammography),2018,Humppila,103,78.8,156
Breast (mammography),2011,Kuortane,300,87.5,238
Breast (mammography),2018,Rautavaara,687,76.3,103
Breast (mammography),2017,Lumijoki,436,81.8,90
Breast (mammography),2014,Posio,614,87.8,267
Breast (mammography),2016,Ylitornio,976,87.5,322
Breast (mammography),2016,Tervola,845,78,170
Breast (mammography),2011,Outokumpu,309,86.7,435
Breast (mammography),2015,Hanko,078,80.5,552
Breast (mammography),2016,Padasjoki,576,79.9,223
Breast (mammography),2011,Kauhava,233,86,993
Breast (mammography),2018,Suonenjoki,778,84.3,428
Breast (mammography),2019,Sievi,746,87.5,265
Breast (mammography),2011,Tampere,837,83.6,10802
Breast (mammography),2012,Kolari,273,88.1,245
Breast (mammography),2010,Hankasalmi,077,84,314
Breast (mammography),2015,Pelkosenniemi,583,89.1,90
Breast (mammography),2022,Hollola,098,84.5,1412
Breast (mammography),2012,Lempäälä,418,87.5,1061
Breast (mammography),2020,Tampere,837,80.7,10809
Breast (mammography),2023,Iisalmi,140,87.3,1232
Breast (mammography),2023,Kaskinen,231,76.2,77
Breast (mammography),2010,Ylöjärvi,980,88,1651
Breast (mammography),2021,Oripää,561,92.4,73
Breast (mammography),2023,Posio,614,82.2,199
Breast (mammography),2010,Muonio,498,83.7,108
Breast (mammography),2024,Hanko,078,80.7,492
Breast (mammography),2014,Sauvo,738,83.6,194
Breast (mammography),2016,Inari,148,84.5,486
Breast (mammography),2016,Pälkäne,635,85.1,435
Breast (mammography),2017,Reisjärvi,691,88.1,177
Breast (mammography),2020,Nivala,535,86.4,504
Breast (mammography),2018,Vantaa,092,74.1,10237
Breast (mammography),2024,Toivakka,850,86.9,126
Breast (mammography),2017,Uurainen,892,85.1,172
Breast (mammography),2023,Kurikka,301,85,1182
Breast (mammography),2023,Tammela,834,84.3,371
Breast (mammography),2019,Rauma,684,86.7,2286
Breast (mammography),2013,Liminka,425,80.2,251
Breast (mammography),2018,Siilinjärvi,749,87.8,1268
Breast (mammography),2020,Ruokolahti,700,82.1,349
Breast (mammography),2024,Ypäjä,981,79.2,137
Breast (mammography),2019,Kemijärvi,320,87.5,554
Breast (mammography),2020,Ikaalinen,143,82.7,446
Breast (mammography),2022,Viitasaari,931,82.7,388
Breast (mammography),2011,Luumäki,441,89,291
Breast (mammography),2013,Raahe,678,84.6,1507
Breast (mammography),2017,Vesilahti,922,83.4,236
Breast (mammography),2015,Rääkkylä,707,83.3,175
Breast (mammography),2020,Kustavi,304,79,64
Breast (mammography),2022,Mustasaari,499,87.4,1025
Breast (mammography),2022,Savukoski,742,70,56
Breast (mammography),2024,Suomussalmi,777,86.1,483
Breast (mammography),2022,Keitele,239,86.8,138
Breast (mammography),2015,Nurmijärvi,543,75.2,1992
Breast (mammography),2014,Naantali,529,86.6,1206
Breast (mammography),2011,Ristijärvi,697,81.1,86
Breast (mammography),2021,Pyhäjoki,625,87.8,151
Breast (mammography),2022,Kitee,260,87.6,735
Breast (mammography),2011,Kinnula,256,82,82
Breast (mammography),2024,Karijoki,218,78.4,69
Breast (mammography),2010,Kempele,244,87.2,578
Breast (mammography),2011,Helsinki,091,79.1,31292
Breast (mammography),2020,Sotkamo,765,84.8,665
Breast (mammography),2012,Hämeenkyrö,108,84.1,602
Breast (mammography),2012,Närpiö,545,86.3,436
Breast (mammography),2014,Riihimäki,694,81.3,1773
Breast (mammography),2010,Laukaa,410,89.2,830
Breast (mammography),2014,Uusikaupunki,895,86.3,1163
Breast (mammography),2023,Somero,761,87.2,520
Breast (mammography),2014,Heinola,111,83.4,1412
Breast (mammography),2010,Lohja,444,83.1,2654
Breast (mammography),2015,Säkylä,783,91.4,519
Breast (mammography),2012,Pori,609,88.3,4488
Breast (mammography),2014,Kurikka,301,85.3,1430
Breast (mammography),2012,Salo,734,84.2,3313
Breast (mammography),2014,Miehikkälä,489,84.2,112
Breast (mammography),2020,Oulainen,563,82.7,396
Breast (mammography),2014,Lestijärvi,421,75,42
Breast (mammography),2019,Ruovesi,702,81.8,283
Breast (mammography),2023,Uusikaupunki,895,86.9,902
Breast (mammography),2013,Mustasaari,499,89.4,985
Breast (mammography),2023,Joutsa,172,84,272
Breast (mammography),2013,Paltamo,578,84.9,248
Breast (mammography),2012,Evijärvi,052,81.9,167
Breast (mammography),2017,Nakkila,531,88.1,348
Breast (mammography),2012,Pyhäjoki,625,84.8,178
Breast (mammography),2016,Sievi,746,82.5,236
Breast (mammography),2015,Kuhmo,290,85.9,696
Breast (mammography),2017,Joroinen,171,89.5,359
Breast (mammography),2023,Sauvo,738,84.4,178
Breast (mammography),2020,Ristijärvi,697,84.6,88
Breast (mammography),2022,Koski Tl,284,82.3,107
Breast (mammography),2014,Forssa,061,87.2,1251
Breast (mammography),2022,Siikainen,747,80.8,84
Breast (mammography),2018,Isojoki,151,85.5,147
Breast (mammography),2017,Pyhäjärvi,626,84,341
Breast (mammography),2016,Raisio,680,83.1,1549
Breast (mammography),2013,Inkoo,149,78.2,287
Breast (mammography),2024,Pelkosenniemi,583,79.3,46
Breast (mammography),2010,Parainen,445,83,935
Breast (mammography),2011,Tyrnävä,859,86.5,193
Breast (mammography),2022,Hamina,075,83.1,1226
Breast (mammography),2010,Virrat,936,91.1,390
Breast (mammography),2018,Muurame,500,87.4,534
Breast (mammography),2015,Mänttä-Vilppula,508,87.1,756
Breast (mammography),2023,Kihniö,250,85.7,108
Breast (mammography),2010,Jyväskylä,179,88.9,5358
Breast (mammography),2021,Hyrynsalmi,105,86.5,167
Breast (mammography),2023,Lestijärvi,421,82.8,53
Breast (mammography),2012,Masku,481,87.9,516
Breast (mammography),2021,Janakkala,165,82,923
Breast (mammography),2024,Kiuruvesi,263,81,430
Breast (mammography),2020,Valkeakoski,908,77.3,1059
Breast (mammography),2018,Harjavalta,079,86.8,455
Breast (mammography),2022,Imatra,153,77.7,1494
Breast (mammography),2021,Närpiö,545,86.3,510
Breast (mammography),2013,Juupajoki,177,81.8,121
Breast (mammography),2019,Laukaa,410,87.6,1032
Breast (mammography),2018,Kannus,217,80.8,294
Breast (mammography),2022,Hailuoto,072,83.1,54
Breast (mammography),2023,Forssa,061,82.5,941
Breast (mammography),2015,Eura,050,88.5,761
Breast (mammography),2018,Jämsä,182,82.8,1384
Breast (mammography),2017,Kaarina,202,80.9,1800
Breast (mammography),2016,Halsua,074,88.2,82
Breast (mammography),2021,Saarijärvi,729,84.9,630
Breast (mammography),2021,Hämeenkyrö,108,84.5,626
Breast (mammography),2015,Punkalaidun,619,87.8,195
Breast (mammography),2022,Inkoo,149,75.2,315
Breast (mammography),2012,Alavus,010,85.9,735
Breast (mammography),2019,Kemiönsaari,322,80.2,429
Breast (mammography),2014,Kajaani,205,88.1,2258
Breast (mammography),2022,Paltamo,578,82.4,196
Breast (mammography),2024,Rääkkylä,707,78.4,131
Breast (mammography),2012,Espoo,049,77.1,12274
Breast (mammography),2023,Vieremä,925,82.4,197
Breast (mammography),2012,Sastamala,790,85.6,1311
Breast (mammography),2015,Mynämäki,503,87,489
Breast (mammography),2013,Kristiinankaupunki,287,84,477
Breast (mammography),2017,Orivesi,562,79.5,563
Breast (mammography),2018,Kruunupyy,288,86.9,365
Breast (mammography),2023,Lieto,423,86.5,1080
Breast (mammography),2011,Ruokolahti,700,88.7,321
Breast (mammography),2023,Oulu,564,85.3,9646
Breast (mammography),2017,Merikarvia,484,85.5,236
Breast (mammography),2023,Riihimäki,694,81.9,1539
Breast (mammography),2010,Teuva,846,89.5,325
Breast (mammography),2012,Merijärvi,483,88.9,56
Breast (mammography),2020,Vaasa,905,82.5,3147
Breast (mammography),2014,Pyhäranta,631,86.9,159
Breast (mammography),2017,Lieksa,422,87.2,868
Breast (mammography),2021,Puolanka,620,80.5,177
Breast (mammography),2012,Oripää,561,78.8,82
Breast (mammography),2019,Hankasalmi,077,82.2,286
Breast (mammography),2021,Salla,732,82.9,209
Breast (mammography),2019,Rantasalmi,681,87.6,254
Breast (mammography),2014,Tuusniemi,857,80.7,218
Breast (mammography),2024,Lemi,416,84.3,177
Breast (mammography),2016,Multia,495,83.6,122
Breast (mammography),2010,Kittilä,261,82.1,275
Breast (mammography),2018,Ranua,683,87.5,245
Breast (mammography),2015,Puumala,623,84.7,188
Breast (mammography),2018,Kemiönsaari,322,78,394
Breast (mammography),2010,Kristiinankaupunki,287,85.6,351
Breast (mammography),2022,Muhos,494,81.6,420
Breast (mammography),2016,Kuusamo,305,89.2,1117
Breast (mammography),2011,Kustavi,304,87.9,58
Breast (mammography),2011,Aura,019,84.2,171
Breast (mammography),2022,Kannonkoski,216,82.4,89
Breast (mammography),2015,Karkkila,224,82.2,541
Breast (mammography),2017,Sotkamo,765,83.5,645
Breast (mammography),2015,Hattula,082,84.9,580
Breast (mammography),2023,Kuopio,297,85.5,6334
Breast (mammography),2022,Parikkala,580,72.7,279
Breast (mammography),2024,Sipoo,753,79.5,1272
Breast (mammography),2021,Karstula,226,86.3,251
Breast (mammography),2024,Espoo,049,74.6,12839
Breast (mammography),2022,Keminmaa,241,84.6,449
Breast (mammography),2010,Enontekiö,047,66.2,88
Breast (mammography),2024,Vehmaa,918,80.4,127
Breast (mammography),2019,Tervola,845,78.9,179
Breast (mammography),2013,Utajärvi,889,81.6,169
Breast (mammography),2020,Kuortane,300,90,224
Breast (mammography),2012,Tornio,851,85.4,1173
Breast (mammography),2019,Kouvola,286,84.9,5279
Breast (mammography),2012,Ähtäri,989,85,414
Breast (mammography),2021,Eurajoki,051,87.2,499
Breast (mammography),2019,Muonio,498,80.6,137
Breast (mammography),2014,Haapajärvi,069,83.5,395
Breast (mammography),2021,Perho,584,86.5,122
Breast (mammography),2013,Vöyri,946,83.9,364
Breast (mammography),2020,Outokumpu,309,80.5,381
Breast (mammography),2011,Pälkäne,635,86.7,325
Breast (mammography),2019,Nurmes,541,84.6,660
Breast (mammography),2012,Sysmä,781,83.3,240
Breast (mammography),2021,Rautavaara,687,78.3,108
Breast (mammography),2020,Lapinlahti,402,76.3,514
Breast (mammography),2021,Lempäälä,418,84,1175
Breast (mammography),2021,Marttila,480,79.1,102
Breast (mammography),2021,Raasepori,710,79.5,1532
Breast (mammography),2020,Savonlinna,740,83.7,2210
Breast (mammography),2012,Järvenpää,186,81.5,2218
Breast (mammography),2020,Tuusula,858,71.4,1918
Breast (mammography),2022,Nousiainen,538,81.8,248
Breast (mammography),2011,Mikkeli,491,89.2,3068
Breast (mammography),2018,Kärkölä,316,80.5,293
Breast (mammography),2020,Askola,018,83.6,291
Breast (mammography),2016,Lapua,408,86.7,859
Breast (mammography),2010,Alajärvi,005,90.1,575
Breast (mammography),2019,Varkaus,915,88.3,1425
Breast (mammography),2022,Rusko,704,86.5,352
Breast (mammography),2024,Parainen,445,77.7,877
Breast (mammography),2014,Kontiolahti,276,89.7,786
Breast (mammography),2016,Luumäki,441,83,326
Breast (mammography),2013,Parkano,581,86.3,402
Breast (mammography),2017,Vaala,785,82.1,224
Breast (mammography),2016,Ulvila,886,88.3,870
Breast (mammography),2015,Espoo,049,75.4,12378
Breast (mammography),2021,Polvijärvi,607,79.5,272
Breast (mammography),2023,Laitila,400,84.4,456
Breast (mammography),2015,Harjavalta,079,88.2,502
Breast (mammography),2012,Kokkola,272,79.7,1985
Breast (mammography),2014,Vaasa,905,84.9,3054
Breast (mammography),2015,Pedersören kunta,599,92.2,557
Breast (mammography),2017,Kolari,273,83.9,251
Breast (mammography),2011,Haapajärvi,069,88.7,415
Breast (mammography),2022,Laukaa,410,84.8,974
Breast (mammography),2022,Multia,495,80.6,87
Breast (mammography),2015,Saarijärvi,729,84.3,692
Breast (mammography),2014,Kalajoki,208,85.8,660
Breast (mammography),2011,Askola,018,86.3,272
Breast (mammography),2019,Vimpeli,934,86.6,213
Breast (mammography),2021,Orimattila,560,83.8,871
Breast (mammography),2015,Isokyrö,152,83.1,281
Breast (mammography),2018,Kiuruvesi,263,84.6,550
Breast (mammography),2018,Siikajoki,748,85,301
Breast (mammography),2011,Rovaniemi,698,85.9,3669
Breast (mammography),2018,Kempele,244,85.1,866
Breast (mammography),2015,Masku,481,90.7,604
Breast (mammography),2011,Iitti,142,87.4,451
Breast (mammography),2021,Utsjoki,890,85.7,78
Breast (mammography),2015,Myrskylä,504,81.4,131
Breast (mammography),2024,Saarijärvi,729,84.5,574
Breast (mammography),2019,Kristiinankaupunki,287,83.5,446
Breast (mammography),2017,Vesanto,921,86.1,155
Breast (mammography),2016,Kotka,285,84.1,3371
Breast (mammography),2018,Punkalaidun,619,82.9,189
Breast (mammography),2024,Lohja,444,78.7,2606
Breast (mammography),2017,Luhanka,435,79.2,42
Breast (mammography),2012,Orimattila,560,85.1,801
Breast (mammography),2024,Isokyrö,152,83.7,236
Breast (mammography),2021,Puumala,623,81.5,154
Breast (mammography),2016,Imatra,153,84.5,1858
Breast (mammography),2012,Polvijärvi,607,85.4,264
Breast (mammography),2019,Parikkala,580,83,317
Breast (mammography),2012,Säkylä,783,92.6,436
Breast (mammography),2013,Laukaa,410,87.9,986
Breast (mammography),2023,Kalajoki,208,81.5,636
Breast (mammography),2024,Pedersören kunta,599,89.5,488
Breast (mammography),2018,Enonkoski,046,84.6,88
Breast (mammography),2020,Lapinjärvi,407,79.9,139
Breast (mammography),2023,Vaasa,905,83.6,3100
Breast (mammography),2014,Lieto,423,89.3,997
Breast (mammography),2014,Nakkila,531,86.9,331
Breast (mammography),2022,Juva,178,82.1,363
Breast (mammography),2021,Sastamala,790,84.9,1470
Breast (mammography),2023,Oulainen,563,84.2,395
Breast (mammography),2013,Multia,495,76.6,85
Breast (mammography),2018,Kyyjärvi,312,86.4,89
Breast (mammography),2013,Parikkala,580,86.5,358
Breast (mammography),2010,Toholampi,849,86.5,134
Breast (mammography),2023,Sonkajärvi,762,86.2,244
Breast (mammography),2010,Mustasaari,499,91.4,898
Breast (mammography),2023,Ristijärvi,697,79,79
Breast (mammography),2012,Puumala,623,90.4,160
Breast (mammography),2022,Ruovesi,702,81.8,257
Breast (mammography),2015,Kärkölä,316,81.6,311
Breast (mammography),2017,Mäntyharju,507,79.5,531
Breast (mammography),2024,Harjavalta,079,85.7,384
Breast (mammography),2020,Iitti,142,81.5,400
Breast (mammography),2016,Paltamo,578,83.8,223
Breast (mammography),2016,Pöytyä,636,85.8,508
Breast (mammography),2022,Seinäjoki,743,86,3260
Breast (mammography),2014,Tyrnävä,859,85,256
Breast (mammography),2022,Kemijärvi,320,90.4,508
Breast (mammography),2018,Mänttä-Vilppula,508,80.5,677
Breast (mammography),2021,Vehmaa,918,84.4,130
Breast (mammography),2020,Rovaniemi,698,80.1,3194
Breast (mammography),2019,Ranua,683,84.8,252
Breast (mammography),2011,Kurikka,301,90.2,1532
Breast (mammography),2024,Alavieska,009,89.2,140
Breast (mammography),2013,Raisio,680,87,1547
Breast (mammography),2010,Vimpeli,934,87.9,181
Breast (mammography),2019,Siikainen,747,81.7,94
Breast (mammography),2020,Lieto,423,87.6,1156
Breast (mammography),2011,Luoto,440,86.4,185
Breast (mammography),2016,Seinäjoki,743,84.9,3435
Breast (mammography),2015,Sastamala,790,84.3,1622
Breast (mammography),2017,Lestijärvi,421,87.5,63
Breast (mammography),2016,Hirvensalmi,097,82.2,157
Breast (mammography),2020,Pudasjärvi,615,86.9,476
Breast (mammography),2011,Savitaipale,739,89.6,216
Breast (mammography),2021,Säkylä,783,87.4,443
Breast (mammography),2016,Pieksämäki,593,84.2,1346
Breast (mammography),2020,Heinävesi,090,84.1,232
Breast (mammography),2021,Tornio,851,84.4,1185
Breast (mammography),2014,Oulainen,563,83.7,415
Breast (mammography),2011,Lapinjärvi,407,74.4,145
Breast (mammography),2012,Hattula,082,88.3,598
Breast (mammography),2021,Espoo,049,75.2,12626
Breast (mammography),2016,Vöyri,946,80.8,337
Breast (mammography),2010,Liperi,426,85.9,553
Breast (mammography),2010,Suomussalmi,777,92.8,539
Breast (mammography),2013,Pihtipudas,601,85.2,265
Breast (mammography),2012,Pello,854,84.4,244
Breast (mammography),2024,Hyrynsalmi,105,79.2,122
Breast (mammography),2012,Sodankylä,758,87.5,499
Breast (mammography),2023,Taivassalo,833,89.2,116
Breast (mammography),2010,Huittinen,102,91.5,516
Breast (mammography),2017,Kihniö,250,86.6,136
Breast (mammography),2014,Veteli,924,85.7,186
Breast (mammography),2024,Myrskylä,504,68.5,76
Breast (mammography),2024,Kempele,244,88.2,986
Breast (mammography),2012,Eurajoki,051,84.6,467
Breast (mammography),2015,Simo,751,85.7,227
Breast (mammography),2013,Kankaanpää,214,87,878
Breast (mammography),2018,Nurmes,541,86,694
Breast (mammography),2019,Kittilä,261,85.2,385
Breast (mammography),2024,Pirkkala,604,85.5,1081
Breast (mammography),2011,Vihti,927,82.8,1330
Breast (mammography),2018,Lohja,444,79.4,2685
Breast (mammography),2016,Lappeenranta,405,85.4,4837
Breast (mammography),2014,Vieremä,925,79.8,221
Breast (mammography),2010,Karijoki,218,90.8,79
Breast (mammography),2020,Kauhajoki,232,84.2,811
Breast (mammography),2016,Ylivieska,977,89.7,897
Breast (mammography),2021,Loimaa,430,86.3,911
Breast (mammography),2015,Sipoo,753,80.4,1011
Breast (mammography),2017,Taivassalo,833,88.4,114
Breast (mammography),2021,Turku,853,81.5,8891
Breast (mammography),2015,Loimaa,430,86.3,1071
Breast (mammography),2024,Kuhmoinen,291,74.3,110
Breast (mammography),2013,Kannonkoski,216,77.5,86
Breast (mammography),2018,Ypäjä,981,81,145
Breast (mammography),2017,Karvia,230,86.2,163
Breast (mammography),2012,Utsjoki,890,80.8,59
Breast (mammography),2022,Maalahti,475,85.8,289
Breast (mammography),2016,Pielavesi,595,87.1,316
Breast (mammography),2022,Ylivieska,977,86.9,723
Breast (mammography),2017,Porvoo,638,82.7,2858
Breast (mammography),2020,Heinola,111,82.1,96
Breast (mammography),2019,Hamina,075,83.6,1238
Breast (mammography),2018,Hankasalmi,077,80.3,301
Breast (mammography),2014,Kauhajoki,232,86.2,840
Breast (mammography),2014,Pudasjärvi,615,86.3,472
Breast (mammography),2020,Korsnäs,280,84.3,118
Breast (mammography),2018,Virrat,936,85.4,450
Breast (mammography),2010,Vantaa,092,79.1,10091
Breast (mammography),2013,Ruovesi,702,83.4,322
Breast (mammography),2013,Kemijärvi,320,91.4,602
Breast (mammography),2012,Siuntio,755,78.7,344
Breast (mammography),2017,Riihimäki,694,82.8,1653
Breast (mammography),2017,Ii,139,81.2,474
Breast (mammography),2017,Pornainen,611,80.4,266
Breast (mammography),2023,Sotkamo,765,81.7,583
Breast (mammography),2022,Utajärvi,889,86.2,150
Breast (mammography),2012,Janakkala,165,84.5,947
Breast (mammography),2023,Porvoo,638,83.1,2852
Breast (mammography),2017,Sonkajärvi,762,87.3,289
Breast (mammography),2016,Juuka,176,79.6,354
Breast (mammography),2010,Ypäjä,981,91.2,155
Breast (mammography),2016,Urjala,887,78.9,310
Breast (mammography),2022,Kankaanpää,214,82.7,827
Breast (mammography),2019,Isojoki,151,79.9,111
Breast (mammography),2018,Nurmijärvi,543,73.4,2027
Breast (mammography),2013,Rantasalmi,681,86.7,248
Breast (mammography),2016,Hollola,098,85.8,1521
Breast (mammography),2018,Pirkkala,604,86.1,1040
Breast (mammography),2021,Karkkila,224,77.7,478
Breast (mammography),2023,Tuusniemi,857,76.8,146
Breast (mammography),2010,Kannus,217,84.8,246
Breast (mammography),2022,Juupajoki,177,75.9,101
Breast (mammography),2011,Savonlinna,740,86.1,2136
Breast (mammography),2018,Enontekiö,047,75,123
Breast (mammography),2010,Liminka,425,86.7,209
Breast (mammography),2012,Äänekoski,992,87.3,1067
Breast (mammography),2010,Tohmajärvi,848,89.1,261
Breast (mammography),2013,Pietarsaari,598,85,1154
Breast (mammography),2024,Humppila,103,75.9,120
Breast (mammography),2012,Perho,584,85.3,139
Breast (mammography),2015,Kärsämäki,317,75,132
Breast (mammography),2023,Hausjärvi,086,79.7,466
Breast (mammography),2018,Alajärvi,005,88,643
Breast (mammography),2021,Siuntio,755,78.6,352
Breast (mammography),2019,Ylöjärvi,980,82.5,1685
Breast (mammography),2011,Heinävesi,090,86.5,269
Breast (mammography),2020,Savitaipale,739,89.6,223
Breast (mammography),2021,Hattula,082,86.4,566
Breast (mammography),2023,Miehikkälä,489,74.3,110
Breast (mammography),2010,Varkaus,915,91.9,1206
Breast (mammography),2014,Kaskinen,231,77.2,78
Breast (mammography),2014,Joutsa,172,86,300
Breast (mammography),2019,Vantaa,092,73.8,10194
Breast (mammography),2020,Tyrnävä,859,78.9,261
Breast (mammography),2018,Virolahti,935,81.9,230
Breast (mammography),2014,Hausjärvi,086,78.7,468
Breast (mammography),2023,Kontiolahti,276,87.5,821
Breast (mammography),2022,Pietarsaari,598,83.3,1010
Breast (mammography),2024,Simo,751,85.5,171
Breast (mammography),2015,Hartola,081,77.5,214
Breast (mammography),2024,Mänttä-Vilppula,508,81,556
Breast (mammography),2023,Veteli,924,84.9,169
Breast (mammography),2010,Isojoki,151,84,121
Breast (mammography),2013,Siikainen,747,88.2,105
Breast (mammography),2012,Turku,853,84.1,7882
Breast (mammography),2019,Kannus,217,83.6,331
Breast (mammography),2011,Haapavesi,071,87.5,428
Breast (mammography),2022,Vöyri,946,83.8,336
Breast (mammography),2013,Maalahti,475,88,315
Breast (mammography),2018,Huittinen,102,87.9,645
Breast (mammography),2019,Teuva,846,82.3,325
Breast (mammography),2024,Jämsä,182,82.8,1227
Breast (mammography),2024,Kuhmo,290,79.7,464
Breast (mammography),2013,Kitee,260,86.9,790
Breast (mammography),2015,Hyrynsalmi,105,87.6,183
Breast (mammography),2021,Pello,854,86.7,235
Breast (mammography),2022,Kotka,285,81.7,2897
Breast (mammography),2015,Marttila,480,84.3,107
Breast (mammography),2022,Sievi,746,81.6,195
Breast (mammography),2013,Juva,178,84.8,413
Breast (mammography),2011,Korsnäs,280,84,131
Breast (mammography),2011,Ikaalinen,143,90.4,406
Breast (mammography),2018,Rääkkylä,707,79.2,160
Breast (mammography),2016,Raahe,678,85.4,1445
Breast (mammography),2023,Nakkila,531,88.4,305
Breast (mammography),2016,Koski Tl,284,87.1,142
Breast (mammography),2020,Kurikka,301,82,1186
Breast (mammography),2010,Kemiönsaari,322,86,331
Breast (mammography),2015,Vehmaa,918,88.4,160
Breast (mammography),2017,Uusikaupunki,895,84.3,1017
Breast (mammography),2021,Alavus,010,87.2,645
Breast (mammography),2022,Raisio,680,83.8,1452
Breast (mammography),2015,Alavieska,009,88.1,126
Breast (mammography),2014,Kuortane,300,88.1,252
Breast (mammography),2012,Salla,732,86.6,316
Breast (mammography),2017,Konnevesi,275,90.2,175
Breast (mammography),2024,Punkalaidun,619,84.4,152
Breast (mammography),2015,Närpiö,545,88,541
Breast (mammography),2014,Ristijärvi,697,86.4,102
Breast (mammography),2021,Masku,481,87.8,552
Breast (mammography),2019,Jyväskylä,179,86.7,7155
Breast (mammography),2011,Valkeakoski,908,85.7,1055
Breast (mammography),2017,Naantali,529,82.6,1373
Breast (mammography),2017,Kaavi,204,80.4,189
Breast (mammography),2015,Kuhmoinen,291,84.2,171
Breast (mammography),2019,Mustasaari,499,87.7,1038
Breast (mammography),2014,Tuusula,858,80.9,2131
Breast (mammography),2018,Jämijärvi,181,85.6,119
Breast (mammography),2013,Tervola,845,80.2,174
Breast (mammography),2018,Rauma,684,83.6,2377
Breast (mammography),2018,Parainen,445,82.8,965
Breast (mammography),2017,Pyhäntä,630,80.4,86
Breast (mammography),2020,Haapajärvi,069,82.6,399
Breast (mammography),2015,Rautavaara,687,81.6,120
Breast (mammography),2015,Raasepori,710,77.9,1626
Breast (mammography),2013,Kouvola,286,85.2,5258
Breast (mammography),2010,Ranua,683,90.2,202
Breast (mammography),2019,Parkano,581,82.4,379
Breast (mammography),2023,Vaala,785,80.5,182
Breast (mammography),2012,Kokemäki,271,91.1,422
Breast (mammography),2011,Kangasala,211,86.6,1404
Breast (mammography),2013,Muonio,498,87.1,149
Breast (mammography),2023,Kajaani,205,84.7,1960
Breast (mammography),2017,Asikkala,016,82.6,554
Breast (mammography),2022,Lapua,408,85.7,764
Breast (mammography),2017,Laitila,400,83,533
Breast (mammography),2010,Kruunupyy,288,88.7,282
Breast (mammography),2010,Muurame,500,90.2,367
Breast (mammography),2012,Pyhtää,624,86.6,354
Breast (mammography),2024,Kärkölä,316,78.9,255
Colorectal,2023,Huittinen,102,73.6,650
Colorectal,2023,Isojoki,151,59.7,114
Colorectal,2023,Puolanka,620,74.4,247
Colorectal,2023,Alavus,010,72.8,737
Colorectal,2023,Rautalampi,686,77,235
Colorectal,2024,Somero,761,74.1,598
Colorectal,2024,Uurainen,892,74.5,184
Colorectal,2024,Järvenpää,186,74.4,2523
Colorectal,2024,Heinola,111,76.8,1482
Colorectal,2022,Karstula,226,74,250
Colorectal,2022,Liminka,425,80,276
Colorectal,2023,Lumijoki,436,76.4,110
Colorectal,2022,Ilmajoki,145,77.5,634
Colorectal,2024,Kerava,245,73.9,2005
Colorectal,2024,Hämeenlinna,109,75,4120
Colorectal,2024,Kemiönsaari,322,74.4,469
Colorectal,2022,Taipalsaari,831,80.8,341
Colorectal,2023,Suomussalmi,777,81,769
Colorectal,2024,Kittilä,261,73.5,414
Colorectal,2022,Vesilahti,922,79.2,228
Colorectal,2024,Nokia,536,73.3,1835
Colorectal,2024,Pori,609,71.7,4784
Colorectal,2024,Lapua,408,73.4,815
Colorectal,2024,Siuntio,755,66.8,342
Colorectal,2022,Joroinen,171,79.7,318
Colorectal,2024,Kajaani,205,75.8,2307
Colorectal,2024,Vaala,785,70.9,222
Colorectal,2023,Nurmijärvi,543,72.9,2230
Colorectal,2023,Lemi,416,74.5,181
Colorectal,2024,Mustasaari,499,75.9,1056
Colorectal,2023,Lieksa,422,75.5,974
Colorectal,2024,Kirkkonummi,257,70.4,2035
Colorectal,2023,Naantali,529,77.6,1427
Colorectal,2022,Inari,148,73.9,473
Colorectal,2022,Oulu,564,79.2,8721
Colorectal,2023,Siilinjärvi,749,79.8,1300
Colorectal,2022,Sysmä,781,75.1,278
Colorectal,2022,Raahe,678,77.8,1266
Colorectal,2024,Orivesi,562,76.6,652
Colorectal,2022,Padasjoki,576,79.6,223
Colorectal,2024,Pyhäranta,631,75.7,137
Colorectal,2024,Lappajärvi,403,76.6,223
Colorectal,2023,Viitasaari,931,76.9,513
Colorectal,2024,Raasepori,710,71,1733
Colorectal,2024,Muhos,494,71.6,458
Colorectal,2024,Valkeakoski,908,74.4,1188
Colorectal,2022,Joensuu,167,78.7,3821
Colorectal,2023,Hyvinkää,106,72.7,2754
Colorectal,2023,Nousiainen,538,77.3,279
Colorectal,2022,Alajärvi,005,75.7,598
Colorectal,2024,Vantaa,092,70.8,10428
Colorectal,2023,Konnevesi,275,73.7,196
Colorectal,2022,Loppi,433,74.7,441
Colorectal,2022,Kustavi,304,75,69
Colorectal,2024,Marttila,480,71.8,107
Colorectal,2024,Mynämäki,503,77.6,559
Colorectal,2024,Kangasala,211,75.7,1770
Colorectal,2022,Rautjärvi,689,78.8,256
Colorectal,2024,Lumijoki,436,74.6,103
Colorectal,2023,Kittilä,261,76.3,454
Colorectal,2024,Savukoski,742,67.4,89
Colorectal,2024,Puolanka,620,75.5,237
Colorectal,2022,Tohmajärvi,848,77.4,311
Colorectal,2022,Toivakka,850,81.7,143
Colorectal,2022,Ypäjä,981,78.7,148
Colorectal,2022,Enontekiö,047,74.7,133
Colorectal,2023,Heinola,111,76.7,1519
Colorectal,2024,Pyhäjoki,625,73.7,188
Colorectal,2023,Kemiönsaari,322,70.9,467
Colorectal,2024,Siikainen,747,70.6,96
Colorectal,2023,Joroinen,171,76.8,391
Colorectal,2024,Juupajoki,177,72.3,133
Colorectal,2022,Alavus,010,78.1,635
Colorectal,2024,Rautalampi,686,76.4,239
Colorectal,2024,Huittinen,102,74.3,676
Colorectal,2023,Hämeenlinna,109,75.8,4356
Colorectal,2024,Kauniainen,235,75.9,519
Colorectal,2022,Lieksa,422,79.2,915
Colorectal,2022,Naantali,529,79,1231
Colorectal,2024,Savitaipale,739,76.6,268
Colorectal,2022,Kouvola,286,75.3,4648
Colorectal,2023,Kirkkonummi,257,73.3,2079
Colorectal,2022,Tervo,844,77.4,147
Colorectal,2024,Konnevesi,275,77.3,208
Colorectal,2023,Orivesi,562,76.9,637
Colorectal,2023,Pyhäjoki,625,73.3,165
Colorectal,2022,Lemi,416,81.1,189
Colorectal,2023,Enontekiö,047,61.3,130
Colorectal,2022,Suomussalmi,777,83,648
Colorectal,2022,Riihimäki,694,78.1,1545
Colorectal,2022,Siilinjärvi,749,81.4,1147
Colorectal,2022,Hartola,081,81.1,228
Colorectal,2024,Nurmijärvi,543,72.8,2227
Colorectal,2024,Äänekoski,992,73.9,1228
Colorectal,2023,Raasepori,710,70.8,1654
Colorectal,2022,Hankasalmi,077,81.7,334
Colorectal,2022,Iisalmi,140,79.2,1346
Colorectal,2023,Karstula,226,77.3,306
Colorectal,2023,Vantaa,092,71.2,10241
Colorectal,2022,Virrat,936,79.3,406
Colorectal,2024,Eurajoki,051,71,530
Colorectal,2024,Kaskinen,231,65.2,75
Colorectal,2023,Alajärvi,005,73,634
Colorectal,2024,Hyvinkää,106,74,2806
Colorectal,2023,Pyhäranta,631,69.1,134
Colorectal,2024,Posio,614,76.1,289
Colorectal,2023,Joensuu,167,76.7,4646
Colorectal,2024,Akaa,020,72.2,963
Colorectal,2024,Viitasaari,931,75,505
Colorectal,2023,Savukoski,742,70.2,92
Colorectal,2023,Valkeakoski,908,76.8,1227
Colorectal,2022,Kittilä,261,78.7,374
Colorectal,2022,Lappajärvi,403,79.3,207
Colorectal,2023,Tuusula,858,74.7,2171
Colorectal,2023,Mikkeli,491,78.7,3496
Colorectal,2022,Kemiönsaari,322,79.2,419
Colorectal,2022,Karvia,230,73.9,153
Colorectal,2023,Rautjärvi,689,73.8,312
Colorectal,2023,Kangasala,211,75.6,1813
Colorectal,2024,Kurikka,301,74.4,1336
Colorectal,2024,Tammela,834,76.4,440
Colorectal,2024,Vesilahti,922,78.9,276
Colorectal,2022,Uurainen,892,81.9,158
Colorectal,2023,Hailuoto,072,74.3,81
Colorectal,2022,Halsua,074,76.3,58
Colorectal,2022,Heinola,111,79.7,1308
Colorectal,2023,Ypäjä,981,68.3,157
Colorectal,2024,Reisjärvi,691,76.6,170
Colorectal,2024,Kokemäki,271,71.3,474
Colorectal,2023,Mustasaari,499,78.5,1055
Colorectal,2023,Toivakka,850,82.5,179
Colorectal,2024,Utajärvi,889,73.6,206
Colorectal,2023,Äänekoski,992,77.4,1346
Colorectal,2022,Pelkosenniemi,583,79.8,83
Colorectal,2022,Pyhäjoki,625,80.6,170
Colorectal,2022,Orivesi,562,79,578
Colorectal,2022,Kerava,245,77,1726
Colorectal,2024,Inari,148,71.3,538
Colorectal,2023,Jyväskylä,179,78.6,7407
Colorectal,2023,Rääkkylä,707,78.1,217
Colorectal,2023,Tervo,844,77.2,139
Colorectal,2022,Kyyjärvi,312,81.7,98
Colorectal,2023,Kouvola,286,70.8,5285
Colorectal,2024,Joroinen,171,75.6,366
Colorectal,2022,Hollola,098,80.8,1341
Colorectal,2022,Somero,761,77,511
Colorectal,2024,Haapajärvi,069,73.8,450
Colorectal,2024,Karstula,226,72.1,294
Colorectal,2023,Iisalmi,140,76.6,1522
Colorectal,2023,Kaskinen,231,68.3,95
Colorectal,2023,Kivijärvi,265,80.5,95
Colorectal,2024,Tervola,845,72.5,219
Colorectal,2022,Järvenpää,186,79.6,2237
Colorectal,2024,Miehikkälä,489,66.1,121
Colorectal,2023,Ylitornio,976,75.1,378
Colorectal,2023,Akaa,020,73.3,967
Colorectal,2022,Ähtäri,989,78.9,377
Colorectal,2022,Mäntsälä,505,77.9,1053
Colorectal,2023,Posio,614,75.1,304
Colorectal,2024,Sysmä,781,72.8,324
Colorectal,2024,Padasjoki,576,78.5,255
Colorectal,2024,Hanko,078,74.6,560
Colorectal,2023,Virrat,936,79.3,529
Colorectal,2022,Mikkeli,491,83.6,3180
Colorectal,2023,Mäntsälä,505,70.3,1121
Colorectal,2023,Lahti,398,76.6,7040
Colorectal,2024,Virrat,936,75.7,461
Colorectal,2024,Toivakka,850,78.1,168
Colorectal,2023,Kurikka,301,74.4,1398
Colorectal,2023,Tammela,834,76.3,470
Colorectal,2023,Vesilahti,922,72.8,251
Colorectal,2022,Lumijoki,436,82.4,89
Colorectal,2022,Kangasala,211,81.5,1560
Colorectal,2022,Valkeakoski,908,78.8,1053
Colorectal,2024,Alavus,010,74.9,726
Colorectal,2024,Joutsa,172,75.3,356
Colorectal,2023,Lappajärvi,403,75.6,263
Colorectal,2024,Ypäjä,981,77.9,169
Colorectal,2023,Tervola,845,70.6,211
Colorectal,2022,Viitasaari,931,78.7,448
Colorectal,2024,Tuusula,858,75.1,2189
Colorectal,2024,Askola,018,69.5,260
Colorectal,2023,Reisjärvi,691,80.3,187
Colorectal,2023,Karvia,230,79.5,175
Colorectal,2022,Mustasaari,499,78.3,895
Colorectal,2023,Utajärvi,889,71.5,206
Colorectal,2023,Kokemäki,271,76.1,518
Colorectal,2022,Nurmijärvi,543,78.2,1932
Colorectal,2023,Uurainen,892,81,205
Colorectal,2022,Savukoski,742,70.1,75
Colorectal,2024,Suomussalmi,777,78.5,720
Colorectal,2022,Keitele,239,78.2,179
Colorectal,2022,Äänekoski,992,78.1,1125
Colorectal,2022,Rääkkylä,707,76.6,170
Colorectal,2022,Hyvinkää,106,77.9,2427
Colorectal,2023,Keitele,239,83.2,213
Colorectal,2023,Hanko,078,71.5,544
Colorectal,2022,Kitee,260,78.1,797
Colorectal,2024,Hailuoto,072,77.3,75
Colorectal,2024,Iisalmi,140,76.3,1470
Colorectal,2024,Karijoki,218,77,104
Colorectal,2023,Inari,148,71.1,530
Colorectal,2023,Kerava,245,73.6,1956
Colorectal,2022,Jyväskylä,179,80.9,6361
Colorectal,2022,Kokemäki,271,76.3,428
Colorectal,2022,Akaa,020,77.1,866
Colorectal,2022,Posio,614,80.1,262
Colorectal,2024,Kouvola,286,71.9,5212
Colorectal,2022,Siikalatva,791,72.5,303
Colorectal,2022,Kaskinen,231,76.5,78
Colorectal,2023,Kyyjärvi,312,77.9,120
Colorectal,2024,Siilinjärvi,749,78.6,1300
Colorectal,2023,Sysmä,781,75.5,305
Colorectal,2022,Lahti,398,79.7,6037
Colorectal,2023,Somero,761,75.8,617
Colorectal,2022,Pielavesi,595,75.7,305
Colorectal,2022,Hausjärvi,086,78.1,484
Colorectal,2023,Padasjoki,576,71.7,243
Colorectal,2024,Salla,732,75.8,325
Colorectal,2023,Järvenpää,186,74.9,2454
Colorectal,2024,Kivijärvi,265,72.7,72
Colorectal,2022,Tammela,834,77.8,381
Colorectal,2024,Ylitornio,976,74.3,332
Colorectal,2022,Lestijärvi,421,74,57
Colorectal,2022,Pyhtää,624,75.2,291
Colorectal,2024,Hankasalmi,077,77.6,371
Colorectal,2024,Juuka,176,69.8,381
Colorectal,2022,Siikajoki,748,79.4,309
Colorectal,2023,Uusikaupunki,895,74.3,1039
Colorectal,2022,Ylitornio,976,77.9,300
Colorectal,2024,Rusko,704,81.9,353
Colorectal,2022,Tervola,845,75.6,198
Colorectal,2023,Joutsa,172,75.3,363
Colorectal,2024,Mäntsälä,505,72.8,1198
Colorectal,2024,Lahti,398,75.3,6825
Colorectal,2022,Hyrynsalmi,105,83.5,207
Colorectal,2023,Kristiinankaupunki,287,77.3,521
Colorectal,2022,Eurajoki,051,74.6,459
Colorectal,2023,Helsinki,091,69.7,28615
Colorectal,2023,Liperi,426,77.4,826
Colorectal,2022,Kauniainen,235,81,457
Colorectal,2023,Iitti,142,77.9,546
Colorectal,2023,Kiuruvesi,263,77.5,615
Colorectal,2022,Pomarkku,608,75.4,132
Colorectal,2023,Petäjävesi,592,73.3,222
Colorectal,2022,Lempäälä,418,77.7,947
Colorectal,2022,Närpiö,545,81.8,490
Colorectal,2023,Sauvo,738,75.5,188
Colorectal,2024,Karvia,230,74,165
Colorectal,2023,Askola,018,73.7,286
Colorectal,2024,Jyväskylä,179,77.8,7215
Colorectal,2022,Koski Tl,284,68.8,110
Colorectal,2023,Karijoki,218,72.3,102
Colorectal,2024,Kärsämäki,317,77,177
Colorectal,2022,Siikainen,747,71.7,81
Colorectal,2024,Hollola,098,77.5,1543
Colorectal,2022,Hämeenkyrö,108,81.3,618
Colorectal,2022,Forssa,061,78.2,995
Colorectal,2024,Kuortane,300,78.5,244
Colorectal,2023,Luoto,440,84.1,249
Colorectal,2023,Lapinlahti,402,73.8,689
Colorectal,2024,Parikkala,580,74.5,409
Colorectal,2024,Pelkosenniemi,583,78.2,86
Colorectal,2022,Sipoo,753,74.8,990
Colorectal,2023,Pomarkku,608,71.8,148
Colorectal,2022,Hamina,075,75.3,1180
Colorectal,2024,Rautjärvi,689,72.4,268
Colorectal,2023,Salla,732,74.9,340
Colorectal,2023,Muonio,498,84,173
Colorectal,2024,Vihti,927,70.8,1533
Colorectal,2024,Kustavi,304,75.9,88
Colorectal,2023,Kaavi,204,75.2,231
Colorectal,2022,Merijärvi,483,76.2,48
Colorectal,2023,Tornio,851,77.2,1416
Colorectal,2022,Nurmes,541,78.6,740
Colorectal,2023,Loimaa,430,74.9,1072
Colorectal,2024,Suonenjoki,778,74.1,466
Colorectal,2022,Kemi,240,73.3,1197
Colorectal,2024,Kokkola,272,72.6,2369
Colorectal,2024,Rautavaara,687,71.2,126
Colorectal,2024,Urjala,887,70,327
Colorectal,2023,Pielavesi,595,75.5,354
Colorectal,2023,Pälkäne,635,71.6,422
Colorectal,2024,Asikkala,016,77.2,601
Colorectal,2023,Kihniö,250,76.5,166
Colorectal,2023,Eurajoki,051,78.7,594
Colorectal,2023,Kemi,240,72.9,1442
Colorectal,2022,Vieremä,925,78,224
Colorectal,2024,Pälkäne,635,70.9,444
Colorectal,2024,Taivalkoski,832,77.5,330
Colorectal,2022,Askola,018,76.7,247
Colorectal,2024,Helsinki,091,69.6,29226
Colorectal,2024,Iitti,142,69.8,461
Colorectal,2023,Hankasalmi,077,73.2,357
Colorectal,2023,Lestijärvi,421,76.8,63
Colorectal,2023,Vihti,927,72.6,1603
Colorectal,2022,Nivala,535,81.6,504
Colorectal,2023,Siikajoki,748,69.9,311
Colorectal,2024,Kiuruvesi,263,73.1,583
Colorectal,2022,Imatra,153,77.6,1585
Colorectal,2022,Kuhmoinen,291,81.6,177
Colorectal,2024,Kristiinankaupunki,287,77.7,471
Colorectal,2022,Sauvo,738,74,174
Colorectal,2024,Lieto,423,78.8,1131
Colorectal,2024,Keminmaa,241,75.2,532
Colorectal,2024,Liperi,426,72.8,799
Colorectal,2023,Kauniainen,235,73.3,474
Colorectal,2022,Hailuoto,072,79.7,63
Colorectal,2023,Forssa,061,74.6,1152
Colorectal,2022,Uusikaupunki,895,77.9,912
Colorectal,2024,Petäjävesi,592,74.6,229
Colorectal,2022,Luoto,440,86.8,197
Colorectal,2024,Tornio,851,76.1,1333
Colorectal,2023,Kuortane,300,81.8,251
Colorectal,2024,Sonkajärvi,762,74,321
Colorectal,2022,Lapinlahti,402,77.3,580
Colorectal,2023,Parikkala,580,71.6,360
Colorectal,2022,Karijoki,218,76.5,91
Colorectal,2024,Pielavesi,595,72.8,329
Colorectal,2022,Rauma,684,77.8,2081
Colorectal,2024,Loimaa,430,72.2,1067
Colorectal,2023,Rautavaara,687,78.2,147
Colorectal,2023,Merijärvi,483,72.3,68
Colorectal,2022,Salla,732,78.7,300
Colorectal,2023,Hollola,098,78.2,1538
Colorectal,2023,Pelkosenniemi,583,76.6,95
Colorectal,2023,Siikainen,747,72,103
Colorectal,2022,Outokumpu,309,76,424
Colorectal,2022,Inkoo,149,76.5,312
Colorectal,2022,Kaavi,204,76.8,199
Colorectal,2023,Nivala,535,76.9,569
Colorectal,2023,Sipoo,753,73.8,1154
Colorectal,2024,Mikkeli,491,78.7,3567
Colorectal,2022,Muonio,498,80.2,150
Colorectal,2023,Urjala,887,71.2,326
Colorectal,2022,Paltamo,578,73.7,230
Colorectal,2024,Rääkkylä,707,74.2,190
Colorectal,2022,Kihniö,250,80,152
Colorectal,2022,Kuopio,297,79,6171
Colorectal,2022,Rantasalmi,681,78.6,264
Colorectal,2022,Vesanto,921,79.1,144
Colorectal,2022,Luhanka,435,83.3,60
Colorectal,2024,Sodankylä,758,75.7,637
Colorectal,2023,Kokkola,272,71.8,2447
Colorectal,2023,Taivalkoski,832,79.3,340
Colorectal,2022,Tuusula,858,79.7,1921
Colorectal,2024,Raahe,678,73,1342
Colorectal,2023,Vieremä,925,72.9,245
Colorectal,2022,Vihti,927,76.2,1390
Colorectal,2024,Nousiainen,538,77.1,286
Colorectal,2023,Sulkava,768,75.1,214
Colorectal,2022,Juuka,176,72.7,346
Colorectal,2023,Asikkala,016,76,624
Colorectal,2023,Hamina,075,68.6,1277
Colorectal,2023,Kustavi,304,68.2,88
Colorectal,2024,Kemi,240,68.6,1263
Colorectal,2024,Lestijärvi,421,72.4,63
Colorectal,2024,Ilmajoki,145,75.9,737
Colorectal,2023,Lieto,423,78.8,1101
Colorectal,2023,Keminmaa,241,73.6,530
Colorectal,2023,Oulu,564,76.9,10114
Colorectal,2023,Riihimäki,694,74.5,1707
Colorectal,2024,Pyhäntä,630,76.3,119
Colorectal,2022,Kärsämäki,317,77.1,155
Colorectal,2022,Virolahti,935,75.2,218
Colorectal,2024,Forssa,061,73.1,1095
Colorectal,2022,Ristijärvi,697,77.7,115
Colorectal,2022,Kirkkonummi,257,75.6,1760
Colorectal,2024,Toholampi,849,78.7,200
Colorectal,2023,Marttila,480,71.7,132
Colorectal,2023,Hartola,081,70.5,227
Colorectal,2024,Loppi,433,73,518
Colorectal,2023,Lempäälä,418,78.1,1203
Colorectal,2022,Jämijärvi,181,80.7,109
Colorectal,2024,Alajärvi,005,72.3,648
Colorectal,2024,Enontekiö,047,70.8,136
Colorectal,2024,Pudasjärvi,615,74.7,611
Colorectal,2024,Kauhajoki,232,71.9,843
Colorectal,2024,Lemi,416,79,218
Colorectal,2023,Alavieska,009,78.7,163
Colorectal,2023,Inkoo,149,77.5,359
Colorectal,2024,Närpiö,545,80.1,552
Colorectal,2024,Pihtipudas,601,76.3,296
Colorectal,2022,Urjala,887,77.1,297
Colorectal,2022,Raasepori,710,74,1503
Colorectal,2022,Saarijärvi,729,77.6,656
Colorectal,2023,Rauma,684,75.4,2380
Colorectal,2022,Muhos,494,77.2,420
Colorectal,2024,Koski Tl,284,68.6,133
Colorectal,2022,Rautavaara,687,77.9,116
Colorectal,2024,Merijärvi,483,76.3,61
Colorectal,2024,Joensuu,167,74.8,4261
Colorectal,2023,Parainen,445,72.8,953
Colorectal,2024,Hämeenkyrö,108,77.2,706
Colorectal,2022,Kannonkoski,216,77,107
Colorectal,2023,Paltamo,578,73.7,297
Colorectal,2022,Laitila,400,80.4,487
Colorectal,2022,Taivalkoski,832,79.8,300
Colorectal,2024,Nivala,535,75.3,530
Colorectal,2023,Sodankylä,758,74.6,663
Colorectal,2022,Kuortane,300,83.9,214
Colorectal,2023,Kuopio,297,78.2,7180
Colorectal,2022,Parikkala,580,80.1,391
Colorectal,2024,Sipoo,753,69.7,1166
Colorectal,2024,Uusikaupunki,895,74,1022
Colorectal,2022,Asikkala,016,81.5,529
Colorectal,2024,Hamina,075,70.4,1308
Colorectal,2022,Puolanka,620,81.4,223
Colorectal,2024,Espoo,049,71.4,12525
Colorectal,2022,Keminmaa,241,77.7,453
Colorectal,2023,Rusko,704,82.2,379
Colorectal,2022,Lieto,423,82.5,941
Colorectal,2024,Sauvo,738,75.4,212
Colorectal,2024,Vieremä,925,73.3,247
Colorectal,2023,Ilmajoki,145,74.1,676
Colorectal,2024,Laitila,400,77.1,551
Colorectal,2022,Huittinen,102,78.1,607
Colorectal,2024,Vehmaa,918,70,140
Colorectal,2022,Kiuruvesi,263,76.9,524
Colorectal,2024,Kaavi,204,73,211
Colorectal,2022,Petäjävesi,592,77.9,201
Colorectal,2023,Juuka,176,70.3,410
Colorectal,2024,Jämijärvi,181,77.6,125
Colorectal,2024,Naantali,529,75.9,1433
Colorectal,2023,Pyhäntä,630,76.3,103
Colorectal,2023,Toholampi,849,80.7,222
Colorectal,2022,Marttila,480,76.6,98
Colorectal,2023,Kärsämäki,317,72.4,160
Colorectal,2024,Riihimäki,694,74.7,1740
Colorectal,2024,Oulu,564,76.4,10056
Colorectal,2022,Helsinki,091,73.2,25691
Colorectal,2022,Sulkava,768,74.3,185
Colorectal,2024,Inkoo,149,71.7,360
Colorectal,2023,Pihtipudas,601,74.4,291
Colorectal,2023,Närpiö,545,72.8,545
Colorectal,2022,Perho,584,76.5,124
Colorectal,2023,Kannonkoski,216,74,97
Colorectal,2023,Loppi,433,75.2,528
Colorectal,2024,Paltamo,578,72.9,261
Colorectal,2024,Kuopio,297,76.1,7108
Colorectal,2024,Seinäjoki,743,76,3411
Colorectal,2023,Koski Tl,284,77.7,164
Colorectal,2022,Liperi,426,77.8,731
Colorectal,2022,Pyhäntä,630,82.5,113
Colorectal,2022,Toholampi,849,82.1,184
Colorectal,2023,Muhos,494,73.5,512
Colorectal,2022,Nousiainen,538,81,255
Colorectal,2023,Vehmaa,918,72.3,170
Colorectal,2022,Sodankylä,758,78.8,576
Colorectal,2022,Konnevesi,275,82.8,192
Colorectal,2024,Luoto,440,82.4,229
Colorectal,2024,Pomarkku,608,72.6,143
Colorectal,2023,Saarijärvi,729,75.6,806
Colorectal,2022,Alavieska,009,75,141
Colorectal,2023,Hämeenkyrö,108,76.6,705
Colorectal,2024,Rauma,684,74,2318
Colorectal,2024,Hartola,081,73.1,239
Colorectal,2023,Raahe,678,74.2,1513
Colorectal,2022,Rusko,704,85.6,298
Colorectal,2024,Parainen,445,73.8,984
Colorectal,2023,Merikarvia,484,76.4,246
Colorectal,2023,Laitila,400,74.6,510
Colorectal,2024,Turku,853,70.9,8844
Colorectal,2023,Juva,178,77.4,521
Colorectal,2023,Kaustinen,236,76.8,245
Colorectal,2023,Harjavalta,079,72.1,429
Colorectal,2023,Pedersören kunta,599,79.2,536
Colorectal,2024,Ristijärvi,697,75.3,128
Colorectal,2023,Ulvila,886,75.3,760
Colorectal,2023,Espoo,049,73.1,12546
Colorectal,2024,Haapavesi,071,74.3,394
Colorectal,2022,Laukaa,410,81.2,930
Colorectal,2022,Multia,495,75.7,115
Colorectal,2023,Pirkkala,604,79.4,989
Colorectal,2023,Ylivieska,977,77,859
Colorectal,2024,Luumäki,441,70,348
Colorectal,2024,Karkkila,224,72.5,560
Colorectal,2022,Pudasjärvi,615,78.8,560
Colorectal,2022,Sonkajärvi,762,75.7,281
Colorectal,2022,Kaarina,202,80.5,1695
Colorectal,2023,Teuva,846,68.1,333
Colorectal,2024,Kotka,285,66.7,2906
Colorectal,2022,Sastamala,790,80.1,1477
Colorectal,2022,Keuruu,249,79.1,638
Colorectal,2024,Janakkala,165,72.2,952
Colorectal,2022,Pieksämäki,593,80.8,1305
Colorectal,2024,Salo,734,71.9,3213
Colorectal,2022,Hirvensalmi,097,77.9,176
Colorectal,2023,Jämijärvi,181,75.7,131
Colorectal,2022,Vaasa,905,77.8,2860
Colorectal,2024,Virolahti,935,69.8,231
Colorectal,2023,Kauhajoki,232,74.1,839
Colorectal,2022,Savonlinna,740,80,2258
Colorectal,2024,Outokumpu,309,69.9,446
Colorectal,2022,Tyrnävä,859,76.6,268
Colorectal,2023,Kemijärvi,320,76.4,667
Colorectal,2023,Ruovesi,702,72.1,351
Colorectal,2023,Seinäjoki,743,76.4,3454
Colorectal,2023,Evijärvi,052,75.6,167
Colorectal,2024,Pöytyä,636,72.4,485
Colorectal,2022,Lappeenranta,405,79.3,3790
Colorectal,2024,Ikaalinen,143,71.9,442
Colorectal,2022,Pornainen,611,81.4,258
Colorectal,2024,Kannonkoski,216,71.7,114
Colorectal,2023,Perho,584,73.3,148
Colorectal,2024,Ruokolahti,700,71.6,389
Colorectal,2024,Saarijärvi,729,73.3,720
Colorectal,2022,Muurame,500,84.7,503
Colorectal,2024,Aura,019,74.4,218
Colorectal,2022,Vehmaa,918,75.4,126
Colorectal,2022,Kalajoki,208,78.2,695
Colorectal,2024,Oulainen,563,74.8,473
Colorectal,2023,Kärkölä,316,67.2,283
Colorectal,2023,Ylöjärvi,980,76.9,1866
Colorectal,2024,Lohja,444,72.3,2809
Colorectal,2024,Kruunupyy,288,72.2,358
Colorectal,2023,Masku,481,81,563
Colorectal,2024,Isokyrö,152,73.4,317
Colorectal,2022,Pihtipudas,601,78.8,268
Colorectal,2022,Heinävesi,090,75.6,239
Colorectal,2024,Enonkoski,046,76.9,100
Colorectal,2023,Savonlinna,740,77.1,2522
Colorectal,2022,Varkaus,915,76.9,1358
Colorectal,2022,Espoo,049,76.1,10921
Colorectal,2024,Sulkava,768,68.4,199
Colorectal,2023,Kalajoki,208,76.1,772
Colorectal,2023,Kotka,285,67.8,3049
Colorectal,2024,Pedersören kunta,599,78.7,549
Colorectal,2023,Vaasa,905,76.2,3372
Colorectal,2022,Juva,178,80,448
Colorectal,2023,Oulainen,563,75.9,468
Colorectal,2022,Pyhäjärvi,626,79.1,355
Colorectal,2022,Kauhajoki,232,75.4,753
Colorectal,2023,Keuruu,249,74.8,710
Colorectal,2024,Ulvila,886,75.3,756
Colorectal,2023,Outokumpu,309,74,512
Colorectal,2023,Multia,495,77.7,146
Colorectal,2023,Pudasjärvi,615,76.4,636
Colorectal,2023,Sonkajärvi,762,76.4,352
Colorectal,2023,Turku,853,71.6,8848
Colorectal,2024,Teuva,846,70.9,344
Colorectal,2022,Merikarvia,484,79.6,226
Colorectal,2024,Ylivieska,977,78.5,827
Colorectal,2023,Kaarina,202,78.6,1923
Colorectal,2023,Ristijärvi,697,76.7,122
Colorectal,2023,Virolahti,935,66,215
Colorectal,2022,Myrskylä,504,71.6,106
Colorectal,2022,Ruovesi,702,77.4,291
Colorectal,2024,Harjavalta,079,66.8,378
Colorectal,2024,Ylöjärvi,980,74.8,1775
Colorectal,2022,Seinäjoki,743,79,2982
Colorectal,2023,Myrskylä,504,72.2,122
Colorectal,2022,Kemijärvi,320,77.6,576
Colorectal,2023,Ruokolahti,700,74.1,392
Colorectal,2022,Orimattila,560,79.4,882
Colorectal,2022,Puumala,623,81.1,185
Colorectal,2022,Parainen,445,77,859
Colorectal,2024,Lempäälä,418,75.1,1112
Colorectal,2022,Evijärvi,052,76.2,157
Colorectal,2023,Lappeenranta,405,75,4337
Colorectal,2024,Alavieska,009,75.9,170
Colorectal,2022,Kärkölä,316,71.6,252
Colorectal,2023,Kruunupyy,288,75.4,365
Colorectal,2023,Lohja,444,70.7,2806
Colorectal,2022,Masku,481,79,449
Colorectal,2023,Laukaa,410,77.9,1147
Colorectal,2023,Pornainen,611,71.7,286
Colorectal,2023,Ikaalinen,143,74.4,480
Colorectal,2024,Perho,584,73.3,137
Colorectal,2023,Muurame,500,83.2,647
Colorectal,2022,Korsnäs,280,85.4,129
Colorectal,2024,Maalahti,475,75.3,330
Colorectal,2022,Kaustinen,236,79,215
Colorectal,2022,Ii,139,75.7,514
Colorectal,2024,Kalajoki,208,75.9,812
Colorectal,2024,Hirvensalmi,097,79.9,207
Colorectal,2024,Vaasa,905,75.2,3296
Colorectal,2023,Rantasalmi,681,75.1,295
Colorectal,2024,Pieksämäki,593,76.4,1463
Colorectal,2022,Janakkala,165,77.7,873
Colorectal,2022,Ranua,683,77.8,260
Colorectal,2023,Parkano,581,72,434
Colorectal,2022,Oulainen,563,78.6,426
Colorectal,2023,Enonkoski,046,71.4,100
Colorectal,2024,Savonlinna,740,76.3,2521
Colorectal,2023,Imatra,153,74,1775
Colorectal,2023,Simo,751,73.8,236
Colorectal,2023,Kuhmoinen,291,74.7,183
Colorectal,2024,Lapinlahti,402,75.7,672
Colorectal,2023,Varkaus,915,75.8,1562
Colorectal,2024,Oripää,561,64.2,70
Colorectal,2024,Siikajoki,748,74.9,335
Colorectal,2022,Salo,734,77.4,2893
Colorectal,2024,Keuruu,249,74.9,689
Colorectal,2024,Multia,495,70.2,118
Colorectal,2024,Sastamala,790,75.4,1642
Colorectal,2022,Haapavesi,071,78.5,369
Colorectal,2022,Turku,853,74.5,7800
Colorectal,2024,Hyrynsalmi,105,77.4,226
Colorectal,2023,Taivassalo,833,72.7,144
Colorectal,2022,Aura,019,80,208
Colorectal,2024,Soini,759,71.9,141
Colorectal,2023,Vesanto,921,78.7,170
Colorectal,2022,Kruunupyy,288,75.7,318
Colorectal,2022,Teuva,846,73.7,308
Colorectal,2023,Puumala,623,75.3,223
Colorectal,2023,Luhanka,435,77.9,74
Colorectal,2024,Myrskylä,504,69.7,115
Colorectal,2024,Tyrnävä,859,73.8,310
Colorectal,2023,Orimattila,560,73.8,987
Colorectal,2024,Kempele,244,79.3,898
Colorectal,2022,Joutsa,172,79.6,319
Colorectal,2022,Kokkola,272,74.9,2075
Colorectal,2023,Maalahti,475,76.6,341
Colorectal,2023,Ii,139,71.8,571
Colorectal,2024,Pirkkala,604,77.6,1038
Colorectal,2024,Pyhtää,624,71.4,320
Colorectal,2023,Uusikaarlepyy,893,74.8,394
Colorectal,2022,Polvijärvi,607,73.4,293
Colorectal,2022,Veteli,924,83.1,206
Colorectal,2024,Pornainen,611,77.5,293
Colorectal,2022,Ruokolahti,700,76.9,356
Colorectal,2024,Laukaa,410,79,1069
Colorectal,2022,Ikaalinen,143,73.9,371
Colorectal,2022,Pirkkala,604,82,895
Colorectal,2024,Kaustinen,236,76.1,235
Colorectal,2023,Hyrynsalmi,105,76.9,220
Colorectal,2024,Nurmes,541,72.2,774
Colorectal,2024,Imatra,153,73,1764
Colorectal,2022,Harjavalta,079,72.1,352
Colorectal,2022,Simo,751,78.2,208
Colorectal,2023,Oripää,561,75.2,82
Colorectal,2022,Kristiinankaupunki,287,79.9,418
Colorectal,2023,Pyhtää,624,72.9,333
Colorectal,2022,Suonenjoki,778,78.1,407
Colorectal,2024,Ähtäri,989,77,434
Colorectal,2024,Parkano,581,75.1,476
Colorectal,2024,Rantasalmi,681,76.2,285
Colorectal,2024,Ii,139,74.4,606
Colorectal,2023,Hirvensalmi,097,76.5,218
Colorectal,2023,Salo,734,73,3290
Colorectal,2022,Paimio,577,79.5,561
Colorectal,2022,Säkylä,783,78.3,436
Colorectal,2022,Rovaniemi,698,78.4,3351
Colorectal,2023,Haapavesi,071,75.2,406
Colorectal,2024,Evijärvi,052,74.5,172
Colorectal,2024,Varkaus,915,72.5,1523
Colorectal,2024,Kuhmoinen,291,79.2,190
Colorectal,2023,Janakkala,165,74.9,1028
Colorectal,2023,Pieksämäki,593,79,1504
Colorectal,2022,Iitti,142,75.1,423
Colorectal,2023,Sastamala,790,74.7,1676
Colorectal,2022,Leppävirta,420,79,662
Colorectal,2024,Porvoo,638,74,2895
Colorectal,2024,Masku,481,76.6,539
Colorectal,2024,Luhanka,435,78.8,67
Colorectal,2024,Kihniö,250,75.7,178
Colorectal,2023,Leppävirta,420,76.8,743
Colorectal,2022,Maalahti,475,75.2,285
Colorectal,2023,Tyrnävä,859,77,281
Colorectal,2022,Ylivieska,977,82,763
Colorectal,2024,Taivassalo,833,76,146
Colorectal,2024,Vesanto,921,70.9,156
Colorectal,2022,Pälkäne,635,76.9,419
Colorectal,2022,Loimaa,430,77.4,976
Colorectal,2022,Uusikaarlepyy,893,74.8,342
Colorectal,2022,Tornio,851,80.8,1240
Colorectal,2022,Enonkoski,046,80.7,88
Colorectal,2023,Suonenjoki,778,75.1,550
Colorectal,2024,Orimattila,560,73.6,991
Colorectal,2024,Muonio,498,76.2,157
Colorectal,2024,Juva,178,75.9,484
Colorectal,2023,Aura,019,73.8,234
Colorectal,2023,Nurmes,541,75.1,770
Colorectal,2022,Pedersören kunta,599,80.9,474
Colorectal,2024,Vöyri,946,71.8,364
Colorectal,2022,Oripää,561,74.2,72
Colorectal,2024,Kontiolahti,276,74.6,838
Colorectal,2024,Loviisa,434,70.9,988
Colorectal,2022,Pello,854,75.1,290
Colorectal,2023,Ähtäri,989,78.5,453
Colorectal,2022,Mäntyharju,507,79.3,556
Colorectal,2022,Hattula,082,79.8,564
Colorectal,2024,Kauhava,233,75.4,1051
Colorectal,2022,Miehikkälä,489,69.2,101
Colorectal,2023,Sotkamo,765,76.7,734
Colorectal,2022,Utajärvi,889,79.6,180
Colorectal,2024,Ranua,683,72.1,274
Colorectal,2023,Kempele,244,78.8,879
Colorectal,2023,Mänttä-Vilppula,508,77.9,770
Colorectal,2023,Jokioinen,169,75.9,363
Colorectal,2024,Tervo,844,78.9,168
Colorectal,2024,Puumala,623,76.2,205
Colorectal,2023,Porvoo,638,72.4,2834
Colorectal,2024,Kangasniemi,213,77.9,468
Colorectal,2023,Paimio,577,73.1,573
Colorectal,2023,Rovaniemi,698,75.9,3817
Colorectal,2023,Säkylä,783,78.7,503
Colorectal,2022,Kankaanpää,214,73.6,809
Colorectal,2024,Eura,050,73.3,715
Colorectal,2022,Kurikka,301,76.5,1191
Colorectal,2022,Laihia,399,78.9,389
Colorectal,2023,Soini,759,77.1,168
Colorectal,2023,Raisio,680,76.3,1548
Colorectal,2023,Tuusniemi,857,71.7,223
Colorectal,2022,Kuusamo,305,80,1096
Colorectal,2023,Ilomantsi,146,76.2,496
Colorectal,2024,Veteli,924,75.2,209
Colorectal,2022,Reisjärvi,691,79.6,156
Colorectal,2022,Juupajoki,177,73.6,117
Colorectal,2024,Halsua,074,73.1,68
Colorectal,2022,Vimpeli,934,74.1,177
Colorectal,2022,Hanko,078,75,469
Colorectal,2023,Kitee,260,76.5,956
Colorectal,2024,Keitele,239,72.1,186
Colorectal,2024,Leppävirta,420,76.3,758
Colorectal,2023,Kuhmo,290,78,757
Colorectal,2024,Sievi,746,72.5,214
Colorectal,2023,Vöyri,946,70.8,385
Colorectal,2024,Nakkila,531,71,319
Colorectal,2024,Humppila,103,70.7,162
Colorectal,2022,Punkalaidun,619,78.6,180
Colorectal,2024,Kyyjärvi,312,76,98
Colorectal,2022,Haapajärvi,069,75.9,396
Colorectal,2023,Siikalatva,791,77,396
Colorectal,2023,Hausjärvi,086,74.3,570
Colorectal,2023,Ranua,683,74.3,306
Colorectal,2024,Rovaniemi,698,74,3698
Colorectal,2023,Kankaanpää,214,72.4,933
Colorectal,2024,Siikalatva,791,69,338
Colorectal,2023,Loviisa,434,70.6,1023
Colorectal,2022,Tampere,837,75.8,9584
Colorectal,2024,Paimio,577,76.4,630
Colorectal,2022,Kempele,244,81,761
Colorectal,2024,Kannus,217,72.6,331
Colorectal,2023,Mäntyharju,507,74.6,627
Colorectal,2022,Porvoo,638,76,2486
Colorectal,2024,Lapinjärvi,407,65.7,140
Colorectal,2023,Miehikkälä,489,67.9,129
Colorectal,2022,Pöytyä,636,78.8,436
Colorectal,2022,Kolari,273,77.6,266
Colorectal,2024,Lappeenranta,405,74.5,4198
Colorectal,2024,Polvijärvi,607,64.1,286
Colorectal,2022,Soini,759,75.5,117
Colorectal,2022,Parkano,581,80.1,422
Colorectal,2022,Taivassalo,833,82.7,129
Colorectal,2023,Kontiolahti,276,79.3,926
Colorectal,2022,Jokioinen,169,80.6,315
Colorectal,2022,Pietarsaari,598,76.2,877
Colorectal,2024,Simo,751,72.6,230
Colorectal,2024,Utsjoki,890,59.5,69
Colorectal,2024,Säkylä,783,74.3,477
Colorectal,2024,Mänttä-Vilppula,508,74.2,703
Colorectal,2023,Veteli,924,74.4,230
Colorectal,2023,Humppila,103,71.1,167
Colorectal,2024,Raisio,680,74.9,1529
Colorectal,2023,Juupajoki,177,77.2,125
Colorectal,2024,Uusikaarlepyy,893,75.8,417
Colorectal,2024,Ilomantsi,146,74.1,444
Colorectal,2023,Laihia,399,75.5,465
Colorectal,2023,Halsua,074,71.6,78
Colorectal,2024,Tuusniemi,857,70.2,236
Colorectal,2024,Kaarina,202,77.2,1999
Colorectal,2022,Vöyri,946,74.9,319
Colorectal,2022,Kivijärvi,265,68.7,68
Colorectal,2023,Polvijärvi,607,76.8,368
Colorectal,2024,Kitee,260,73.7,866
Colorectal,2024,Hausjärvi,086,72.8,535
Colorectal,2023,Haapajärvi,069,76.1,481
Colorectal,2024,Jämsä,182,75,1485
Colorectal,2024,Kuhmo,290,77.6,704
Colorectal,2022,Sotkamo,765,80.5,707
Colorectal,2023,Kannus,217,75,363
Colorectal,2022,Kotka,285,70.8,2591
Colorectal,2022,Hämeenlinna,109,79.1,3638
Colorectal,2022,Luumäki,441,74.8,315
Colorectal,2023,Pietarsaari,598,71.6,990
Colorectal,2024,Kankaanpää,214,72.1,918
Colorectal,2022,Sievi,746,76.3,196
Colorectal,2023,Mynämäki,503,74,520
Colorectal,2024,Muurame,500,80.8,613
Colorectal,2023,Lapinjärvi,407,65.7,157
Colorectal,2024,Kinnula,256,75.9,120
Colorectal,2022,Pyhäranta,631,82.6,123
Colorectal,2022,Pori,609,74.3,4150
Colorectal,2024,Mäntyharju,507,73.2,594
Colorectal,2022,Siuntio,755,71.4,292
Colorectal,2023,Tampere,837,75,11453
Colorectal,2023,Nakkila,531,74.7,301
Colorectal,2022,Kangasniemi,213,83.6,413
Colorectal,2023,Utsjoki,890,73.8,90
Colorectal,2024,Pello,854,74.7,343
Colorectal,2022,Kontiolahti,276,81.8,761
Colorectal,2022,Nokia,536,78.1,1634
Colorectal,2024,Kuusamo,305,75.3,1215
Colorectal,2024,Hattula,082,75.5,632
Colorectal,2023,Pöytyä,636,75.1,508
Colorectal,2023,Kolari,273,77.4,291
Colorectal,2022,Loviisa,434,76.5,883
Colorectal,2022,Raisio,680,77.8,1317
Colorectal,2022,Tuusniemi,857,75.3,213
Colorectal,2022,Isokyrö,152,75.5,290
Colorectal,2023,Korsnäs,280,83,151
Colorectal,2024,Taipalsaari,831,76.6,379
Colorectal,2022,Eura,050,78.2,650
Colorectal,2022,Vantaa,092,74.8,8972
Colorectal,2024,Punkalaidun,619,74.7,198
Colorectal,2022,Humppila,103,75.1,148
Colorectal,2024,Laihia,399,78.2,451
Colorectal,2024,Heinävesi,090,69.5,264
Colorectal,2022,Kauhava,233,78.8,943
Colorectal,2022,Lohja,444,76.6,2480
Colorectal,2022,Pukkila,616,72.9,97
Colorectal,2023,Tohmajärvi,848,74.4,384
Colorectal,2023,Liminka,425,69,310
Colorectal,2023,Pyhäjärvi,626,73.8,366
Colorectal,2024,Isojoki,151,68.3,155
Colorectal,2024,Vimpeli,934,72.3,198
Colorectal,2023,Savitaipale,739,75.9,284
Colorectal,2022,Vaala,785,71.8,196
Colorectal,2023,Jämsä,182,75.9,1544
Colorectal,2023,Kinnula,256,75.4,135
Colorectal,2023,Hattula,082,75.8,597
Colorectal,2024,Kolari,273,77.5,316
Colorectal,2022,Rautalampi,686,82.9,199
Colorectal,2022,Jämsä,182,79.2,1308
Colorectal,2022,Nakkila,531,77.7,285
Colorectal,2023,Kangasniemi,213,83,463
Colorectal,2024,Pukkila,616,74.2,115
Colorectal,2023,Pello,854,72.5,290
Colorectal,2022,Mänttä-Vilppula,508,76.4,641
Colorectal,2024,Merikarvia,484,75.3,241
Colorectal,2024,Pietarsaari,598,75,1039
Colorectal,2022,Isojoki,151,77.4,151
Colorectal,2024,Tampere,837,73.7,11240
Colorectal,2022,Ulvila,886,76.6,669
Colorectal,2023,Luumäki,441,71,348
Colorectal,2023,Sievi,746,74,251
Colorectal,2024,Sotkamo,765,77.3,779
Colorectal,2023,Lapua,408,72.7,793
Colorectal,2022,Kajaani,205,77.8,2031
Colorectal,2023,Nokia,536,77,1862
Colorectal,2023,Siuntio,755,73.6,331
Colorectal,2023,Pori,609,73.7,4898
Colorectal,2022,Utsjoki,890,72.7,72
Colorectal,2023,Karkkila,224,73.8,542
Colorectal,2022,Kannus,217,76.1,300
Colorectal,2022,Lapinjärvi,407,73.8,127
Colorectal,2023,Taipalsaari,831,76.2,365
Colorectal,2023,Punkalaidun,619,74.3,217
Colorectal,2023,Eura,050,75.7,731
Colorectal,2023,Vaala,785,71.1,241
Colorectal,2023,Kuusamo,305,78.5,1264
Colorectal,2023,Isokyrö,152,69.6,252
Colorectal,2024,Ruovesi,702,70.5,309
Colorectal,2023,Kajaani,205,76.9,2394
Colorectal,2024,Kemijärvi,320,76,645
Colorectal,2024,Jokioinen,169,74.8,342
Colorectal,2024,Korsnäs,280,79,147
Colorectal,2022,Kuhmo,290,80.5,619
Colorectal,2022,Lapua,408,74,714
Colorectal,2022,Karkkila,224,73.7,477
Colorectal,2023,Heinävesi,090,75.6,294
Colorectal,2024,Pyhäjärvi,626,74.9,397
Colorectal,2022,Ilomantsi,146,80,420
Colorectal,2024,Lieksa,422,72.4,943
Colorectal,2022,Ylöjärvi,980,79.9,1615
Colorectal,2022,Savitaipale,739,79.8,233
Colorectal,2023,Vimpeli,934,79.6,238
Colorectal,2024,Tohmajärvi,848,73.3,341
Colorectal,2023,Kauhava,233,77.6,1039
Colorectal,2022,Mynämäki,503,80.8,483
Colorectal,2024,Kärkölä,316,68.6,275
Colorectal,2023,Pukkila,616,74.1,129
Colorectal,2022,Kinnula,256,76.3,106
Colorectal,2024,Liminka,425,78.1,336
